ticker,sector,rank,nbr_ticker,nbr_name,nbr_sector,score,cross
MMM,Industrials,1,DOV,Dover Corporation,Industrials,0.5566,False
MMM,Industrials,2,GPC,Genuine Parts Company,Consumer Discretionary,0.546,True
MMM,Industrials,3,ITW,Illinois Tool Works,Industrials,0.5283,False
MMM,Industrials,4,TDG,TransDigm Group,Industrials,0.5059,False
MMM,Industrials,5,TEL,TE Connectivity,Information Technology,0.5058,True
MMM,Industrials,6,TRV,Travelers Companies (The),Financials,0.4735,True
MMM,Industrials,7,AZO,AutoZone,Consumer Discretionary,0.4698,True
MMM,Industrials,8,APH,Amphenol,Information Technology,0.468,True
MMM,Industrials,9,TXN,Texas Instruments,Information Technology,0.4656,True
MMM,Industrials,10,TT,Trane Technologies,Industrials,0.4642,False
AOS,Industrials,1,AWK,American Water Works,Utilities,0.5854,True
AOS,Industrials,2,MAS,Masco,Industrials,0.5291,False
AOS,Industrials,3,PNR,Pentair,Industrials,0.5261,False
AOS,Industrials,4,POOL,Pool Corporation,Consumer Discretionary,0.4536,True
AOS,Industrials,5,DUK,Duke Energy,Utilities,0.4274,True
AOS,Industrials,6,XYL,Xylem Inc.,Industrials,0.4229,False
AOS,Industrials,7,WAT,Waters Corporation,Health Care,0.4197,True
AOS,Industrials,8,ECL,Ecolab,Materials,0.4167,True
AOS,Industrials,9,CHD,Church & Dwight,Consumer Staples,0.4133,True
AOS,Industrials,10,VLTO,Veralto,Industrials,0.4122,False
ABT,Health Care,1,BDX,Becton Dickinson,Health Care,0.5818,False
ABT,Health Care,2,TMO,Thermo Fisher Scientific,Health Care,0.5722,False
ABT,Health Care,3,DGX,Quest Diagnostics,Health Care,0.5187,False
ABT,Health Care,4,WST,West Pharmaceutical Services,Health Care,0.5048,False
ABT,Health Care,5,PFE,Pfizer,Health Care,0.5022,False
ABT,Health Care,6,BAX,Baxter International,Health Care,0.4975,False
ABT,Health Care,7,BSX,Boston Scientific,Health Care,0.4959,False
ABT,Health Care,8,CRL,Charles River Laboratories,Health Care,0.494,False
ABT,Health Care,9,LLY,Lilly (Eli),Health Care,0.4924,False
ABT,Health Care,10,LH,Labcorp,Health Care,0.488,False
ABBV,Health Care,1,BIIB,Biogen,Health Care,0.6444,False
ABBV,Health Care,2,AMGN,Amgen,Health Care,0.6128,False
ABBV,Health Care,3,BMY,Bristol Myers Squibb,Health Care,0.6074,False
ABBV,Health Care,4,LLY,Lilly (Eli),Health Care,0.5812,False
ABBV,Health Care,5,PFE,Pfizer,Health Care,0.5441,False
ABBV,Health Care,6,GILD,Gilead Sciences,Health Care,0.5335,False
ABBV,Health Care,7,VRTX,Vertex Pharmaceuticals,Health Care,0.5319,False
ABBV,Health Care,8,INCY,Incyte,Health Care,0.5314,False
ABBV,Health Care,9,REGN,Regeneron Pharmaceuticals,Health Care,0.5305,False
ABBV,Health Care,10,ELV,Elevance Health,Health Care,0.4975,False
ACN,Information Technology,1,IBM,IBM,Information Technology,0.5969,False
ACN,Information Technology,2,CRM,Salesforce,Information Technology,0.5433,False
ACN,Information Technology,3,MSFT,Microsoft,Information Technology,0.5159,False
ACN,Information Technology,4,NOW,ServiceNow,Information Technology,0.497,False
ACN,Information Technology,5,CTSH,Cognizant,Information Technology,0.4813,False
ACN,Information Technology,6,HON,Honeywell,Industrials,0.478,True
ACN,Information Technology,7,ANET,Arista Networks,Information Technology,0.4461,False
ACN,Information Technology,8,PLTR,Palantir Technologies,Information Technology,0.4445,False
ACN,Information Technology,9,CIEN,Ciena,Information Technology,0.4392,False
ACN,Information Technology,10,AKAM,Akamai Technologies,Information Technology,0.4378,False
ADBE,Information Technology,1,EA,Electronic Arts,Communication Services,0.5289,True
ADBE,Information Technology,2,MSFT,Microsoft,Information Technology,0.4957,False
ADBE,Information Technology,3,GDDY,GoDaddy,Information Technology,0.4834,False
ADBE,Information Technology,4,IBM,IBM,Information Technology,0.4767,False
ADBE,Information Technology,5,AMZN,Amazon,Consumer Discretionary,0.4679,True
ADBE,Information Technology,6,APP,AppLovin,Information Technology,0.4654,False
ADBE,Information Technology,7,LYV,Live Nation Entertainment,Communication Services,0.4587,True
ADBE,Information Technology,8,CTSH,Cognizant,Information Technology,0.4467,False
ADBE,Information Technology,9,CRM,Salesforce,Information Technology,0.4371,False
ADBE,Information Technology,10,FOX,Fox Corporation (Class B),Communication Services,0.4295,True
AMD,Information Technology,1,INTC,Intel,Information Technology,0.6142,False
AMD,Information Technology,2,MCHP,Microchip Technology,Information Technology,0.5808,False
AMD,Information Technology,3,SMCI,Supermicro,Information Technology,0.5364,False
AMD,Information Technology,4,MU,Micron Technology,Information Technology,0.5346,False
AMD,Information Technology,5,CDNS,Cadence Design Systems,Information Technology,0.4986,False
AMD,Information Technology,6,DELL,Dell Technologies,Information Technology,0.4891,False
AMD,Information Technology,7,IBM,IBM,Information Technology,0.4885,False
AMD,Information Technology,8,NVDA,Nvidia,Information Technology,0.4642,False
AMD,Information Technology,9,ROK,Rockwell Automation,Industrials,0.4559,True
AMD,Information Technology,10,TXN,Texas Instruments,Information Technology,0.4545,False
AES,Utilities,1,XEL,Xcel Energy,Utilities,0.5983,False
AES,Utilities,2,AEP,American Electric Power,Utilities,0.5884,False
AES,Utilities,3,VST,Vistra Corp.,Utilities,0.5648,False
AES,Utilities,4,D,Dominion Energy,Utilities,0.5629,False
AES,Utilities,5,WEC,WEC Energy Group,Utilities,0.551,False
AES,Utilities,6,NRG,NRG Energy,Utilities,0.5507,False
AES,Utilities,7,ETR,Entergy,Utilities,0.5448,False
AES,Utilities,8,LNT,Alliant Energy,Utilities,0.5426,False
AES,Utilities,9,GEV,GE Vernova,Industrials,0.5356,True
AES,Utilities,10,NEE,NextEra Energy,Utilities,0.5315,False
AFL,Financials,1,HIG,Hartford (The),Financials,0.4349,False
AFL,Financials,2,MCD,McDonald's,Consumer Discretionary,0.3884,True
AFL,Financials,3,AIG,American International Group,Financials,0.3852,False
AFL,Financials,4,ULTA,Ulta Beauty,Consumer Discretionary,0.3781,True
AFL,Financials,5,AON,Aon plc,Financials,0.374,False
AFL,Financials,6,CTAS,Cintas,Industrials,0.3734,True
AFL,Financials,7,UHS,Universal Health Services,Health Care,0.3528,True
AFL,Financials,8,HCA,HCA Healthcare,Health Care,0.3527,True
AFL,Financials,9,CF,CF Industries,Materials,0.3526,True
AFL,Financials,10,ACGL,Arch Capital Group,Financials,0.3512,False
A,Health Care,1,DHR,Danaher Corporation,Health Care,0.5983,False
A,Health Care,2,TMO,Thermo Fisher Scientific,Health Care,0.5875,False
A,Health Care,3,TECH,Bio-Techne,Health Care,0.5792,False
A,Health Care,4,WAT,Waters Corporation,Health Care,0.5646,False
A,Health Care,5,VEEV,Veeva Systems,Health Care,0.5274,False
A,Health Care,6,MTD,Mettler Toledo,Health Care,0.5265,False
A,Health Care,7,FTV,Fortive,Industrials,0.5066,True
A,Health Care,8,ECL,Ecolab,Materials,0.4815,True
A,Health Care,9,ROP,Roper Technologies,Information Technology,0.4804,True
A,Health Care,10,IDXX,Idexx Laboratories,Health Care,0.4735,False
APD,Materials,1,LIN,Linde plc,Materials,0.6396,False
APD,Materials,2,CF,CF Industries,Materials,0.5457,False
APD,Materials,3,XOM,ExxonMobil,Energy,0.4344,True
APD,Materials,4,NSC,Norfolk Southern,Industrials,0.423,True
APD,Materials,5,VLO,Valero Energy,Energy,0.4176,True
APD,Materials,6,ALB,Albemarle Corporation,Materials,0.4047,False
APD,Materials,7,KR,Kroger,Consumer Staples,0.4025,True
APD,Materials,8,PSX,Phillips 66,Energy,0.3963,True
APD,Materials,9,DAL,Delta Air Lines,Industrials,0.3916,True
APD,Materials,10,ATO,Atmos Energy,Utilities,0.3875,True
ABNB,Consumer Discretionary,1,BKNG,Booking Holdings,Consumer Discretionary,0.3802,False
ABNB,Consumer Discretionary,2,HST,Host Hotels & Resorts,Real Estate,0.3622,True
ABNB,Consumer Discretionary,3,WMT,Walmart,Consumer Staples,0.3532,True
ABNB,Consumer Discretionary,4,EBAY,eBay Inc.,Consumer Discretionary,0.3515,False
ABNB,Consumer Discretionary,5,CCL,Carnival Corporation,Consumer Discretionary,0.3415,False
ABNB,Consumer Discretionary,6,COIN,Coinbase,Financials,0.3398,True
ABNB,Consumer Discretionary,7,HLT,Hilton Worldwide,Consumer Discretionary,0.3347,False
ABNB,Consumer Discretionary,8,CSGP,CoStar Group,Real Estate,0.3309,True
ABNB,Consumer Discretionary,9,CMCSA,Comcast,Communication Services,0.3292,True
ABNB,Consumer Discretionary,10,APD,Air Products,Materials,0.3217,True
AKAM,Information Technology,1,PANW,Palo Alto Networks,Information Technology,0.5473,False
AKAM,Information Technology,2,FFIV,"F5, Inc.",Information Technology,0.524,False
AKAM,Information Technology,3,IBM,IBM,Information Technology,0.5225,False
AKAM,Information Technology,4,FTNT,Fortinet,Information Technology,0.4939,False
AKAM,Information Technology,5,CRWD,CrowdStrike,Information Technology,0.4916,False
AKAM,Information Technology,6,NTAP,NetApp,Information Technology,0.489,False
AKAM,Information Technology,7,ROP,Roper Technologies,Information Technology,0.4856,False
AKAM,Information Technology,8,CRM,Salesforce,Information Technology,0.4831,False
AKAM,Information Technology,9,MSFT,Microsoft,Information Technology,0.4736,False
AKAM,Information Technology,10,ORCL,Oracle Corporation,Information Technology,0.4707,False
ALB,Materials,1,VLO,Valero Energy,Energy,0.4684,True
ALB,Materials,2,PSX,Phillips 66,Energy,0.4162,True
ALB,Materials,3,APD,Air Products,Materials,0.4047,False
ALB,Materials,4,XOM,ExxonMobil,Energy,0.3816,True
ALB,Materials,5,LRCX,Lam Research,Information Technology,0.379,True
ALB,Materials,6,LLY,Lilly (Eli),Health Care,0.3732,True
ALB,Materials,7,IR,Ingersoll Rand,Industrials,0.3703,True
ALB,Materials,8,CHD,Church & Dwight,Consumer Staples,0.3693,True
ALB,Materials,9,AES,AES Corporation,Utilities,0.3692,True
ALB,Materials,10,DOV,Dover Corporation,Industrials,0.368,True
ARE,Real Estate,1,EQR,Equity Residential,Real Estate,0.5337,False
ARE,Real Estate,2,AVB,AvalonBay Communities,Real Estate,0.5224,False
ARE,Real Estate,3,ESS,Essex Property Trust,Real Estate,0.5145,False
ARE,Real Estate,4,WELL,Welltower,Real Estate,0.5071,False
ARE,Real Estate,5,CPT,Camden Property Trust,Real Estate,0.456,False
ARE,Real Estate,6,ARES,Ares Management,Financials,0.4471,True
ARE,Real Estate,7,O,Realty Income,Real Estate,0.4469,False
ARE,Real Estate,8,VTR,Ventas,Real Estate,0.4327,False
ARE,Real Estate,9,MAA,Mid-America Apartment Communities,Real Estate,0.4238,False
ARE,Real Estate,10,VICI,Vici Properties,Real Estate,0.407,False
ALGN,Health Care,1,SOLV,Solventum,Health Care,0.4515,False
ALGN,Health Care,2,BDX,Becton Dickinson,Health Care,0.4314,False
ALGN,Health Care,3,AMGN,Amgen,Health Care,0.3983,False
ALGN,Health Care,4,COO,Cooper Companies (The),Health Care,0.3741,False
ALGN,Health Care,5,WST,West Pharmaceutical Services,Health Care,0.3739,False
ALGN,Health Care,6,GEHC,GE HealthCare,Health Care,0.372,False
ALGN,Health Care,7,ABBV,AbbVie,Health Care,0.3715,False
ALGN,Health Care,8,NDSN,Nordson Corporation,Industrials,0.368,True
ALGN,Health Care,9,FTV,Fortive,Industrials,0.3612,True
ALGN,Health Care,10,CVS,CVS Health,Health Care,0.3603,False
ALLE,Industrials,1,ALL,Allstate,Financials,0.5269,True
ALLE,Industrials,2,PTC,PTC Inc.,Information Technology,0.4971,True
ALLE,Industrials,3,TT,Trane Technologies,Industrials,0.4629,False
ALLE,Industrials,4,HPE,Hewlett Packard Enterprise,Information Technology,0.4548,True
ALLE,Industrials,5,ETN,Eaton Corporation,Industrials,0.4479,False
ALLE,Industrials,6,DOV,Dover Corporation,Industrials,0.442,False
ALLE,Industrials,7,STE,Steris,Health Care,0.4379,True
ALLE,Industrials,8,LNT,Alliant Energy,Utilities,0.436,True
ALLE,Industrials,9,L,Loews Corporation,Financials,0.435,True
ALLE,Industrials,10,VRT,Vertiv,Industrials,0.4323,False
LNT,Utilities,1,XEL,Xcel Energy,Utilities,0.6469,False
LNT,Utilities,2,WEC,WEC Energy Group,Utilities,0.622,False
LNT,Utilities,3,OKE,Oneok,Energy,0.579,True
LNT,Utilities,4,CNP,CenterPoint Energy,Utilities,0.5568,False
LNT,Utilities,5,DTE,DTE Energy,Utilities,0.5492,False
LNT,Utilities,6,AES,AES Corporation,Utilities,0.5426,False
LNT,Utilities,7,WMB,Williams Companies,Energy,0.5249,True
LNT,Utilities,8,CMS,CMS Energy,Utilities,0.5234,False
LNT,Utilities,9,NRG,NRG Energy,Utilities,0.5229,False
LNT,Utilities,10,VST,Vistra Corp.,Utilities,0.5151,False
ALL,Financials,1,L,Loews Corporation,Financials,0.5337,False
ALL,Financials,2,HIG,Hartford (The),Financials,0.532,False
ALL,Financials,3,ALLE,Allegion,Industrials,0.5269,True
ALL,Financials,4,TRV,Travelers Companies (The),Financials,0.508,False
ALL,Financials,5,VRSK,Verisk Analytics,Industrials,0.4549,True
ALL,Financials,6,PGR,Progressive Corporation,Financials,0.4523,False
ALL,Financials,7,CB,Chubb Limited,Financials,0.4495,False
ALL,Financials,8,AIZ,Assurant,Financials,0.4483,False
ALL,Financials,9,AIG,American International Group,Financials,0.4346,False
ALL,Financials,10,CI,Cigna,Health Care,0.4276,True
GOOGL,Communication Services,1,GOOG,Alphabet Inc. (Class C),Communication Services,1.0,False
GOOGL,Communication Services,2,IBM,IBM,Information Technology,0.516,True
GOOGL,Communication Services,3,AMZN,Amazon,Consumer Discretionary,0.5049,True
GOOGL,Communication Services,4,GDDY,GoDaddy,Information Technology,0.4778,True
GOOGL,Communication Services,5,NVDA,Nvidia,Information Technology,0.4466,True
GOOGL,Communication Services,6,ANET,Arista Networks,Information Technology,0.4389,True
GOOGL,Communication Services,7,XYZ,"Block, Inc.",Financials,0.4369,True
GOOGL,Communication Services,8,UBER,Uber,Industrials,0.4363,True
GOOGL,Communication Services,9,GRMN,Garmin,Consumer Discretionary,0.4332,True
GOOGL,Communication Services,10,ORCL,Oracle Corporation,Information Technology,0.4323,True
GOOG,Communication Services,1,GOOGL,Alphabet Inc. (Class A),Communication Services,1.0,False
GOOG,Communication Services,2,IBM,IBM,Information Technology,0.516,True
GOOG,Communication Services,3,AMZN,Amazon,Consumer Discretionary,0.5049,True
GOOG,Communication Services,4,GDDY,GoDaddy,Information Technology,0.4778,True
GOOG,Communication Services,5,NVDA,Nvidia,Information Technology,0.4466,True
GOOG,Communication Services,6,ANET,Arista Networks,Information Technology,0.4389,True
GOOG,Communication Services,7,XYZ,"Block, Inc.",Financials,0.4369,True
GOOG,Communication Services,8,UBER,Uber,Industrials,0.4363,True
GOOG,Communication Services,9,GRMN,Garmin,Consumer Discretionary,0.4332,True
GOOG,Communication Services,10,ORCL,Oracle Corporation,Information Technology,0.4323,True
MO,Consumer Staples,1,PM,Philip Morris International,Consumer Staples,0.5183,False
MO,Consumer Staples,2,MKC,McCormick & Company,Consumer Staples,0.3673,False
MO,Consumer Staples,3,PG,Procter & Gamble,Consumer Staples,0.3608,False
MO,Consumer Staples,4,LIN,Linde plc,Materials,0.3528,True
MO,Consumer Staples,5,ULTA,Ulta Beauty,Consumer Discretionary,0.3471,True
MO,Consumer Staples,6,SO,Southern Company,Utilities,0.346,True
MO,Consumer Staples,7,APD,Air Products,Materials,0.3447,True
MO,Consumer Staples,8,MRK,Merck & Co.,Health Care,0.3442,True
MO,Consumer Staples,9,CCL,Carnival Corporation,Consumer Discretionary,0.3271,True
MO,Consumer Staples,10,MDLZ,Mondelez International,Consumer Staples,0.3246,False
AMZN,Consumer Discretionary,1,GOOG,Alphabet Inc. (Class C),Communication Services,0.5049,True
AMZN,Consumer Discretionary,2,GOOGL,Alphabet Inc. (Class A),Communication Services,0.5049,True
AMZN,Consumer Discretionary,3,WMT,Walmart,Consumer Staples,0.4888,True
AMZN,Consumer Discretionary,4,AXP,American Express,Financials,0.4884,True
AMZN,Consumer Discretionary,5,EBAY,eBay Inc.,Consumer Discretionary,0.4866,False
AMZN,Consumer Discretionary,6,GDDY,GoDaddy,Information Technology,0.4746,True
AMZN,Consumer Discretionary,7,AAPL,Apple Inc.,Information Technology,0.4744,True
AMZN,Consumer Discretionary,8,BBY,Best Buy,Consumer Discretionary,0.4684,False
AMZN,Consumer Discretionary,9,ADBE,Adobe Inc.,Information Technology,0.4679,True
AMZN,Consumer Discretionary,10,KR,Kroger,Consumer Staples,0.4523,True
AMCR,Materials,1,PKG,Packaging Corporation of America,Materials,0.5735,False
AMCR,Materials,2,IP,International Paper,Materials,0.5658,False
AMCR,Materials,3,DOW,Dow Inc.,Materials,0.5177,False
AMCR,Materials,4,NDSN,Nordson Corporation,Industrials,0.4551,True
AMCR,Materials,5,GIS,General Mills,Consumer Staples,0.4471,True
AMCR,Materials,6,WST,West Pharmaceutical Services,Health Care,0.4453,True
AMCR,Materials,7,SYY,Sysco,Consumer Staples,0.4371,True
AMCR,Materials,8,UPS,United Parcel Service,Industrials,0.4363,True
AMCR,Materials,9,OTIS,Otis Worldwide,Industrials,0.428,True
AMCR,Materials,10,SW,Smurfit Westrock,Materials,0.4205,False
AEE,Utilities,1,DUK,Duke Energy,Utilities,0.5224,False
AEE,Utilities,2,ES,Eversource Energy,Utilities,0.5165,False
AEE,Utilities,3,EXC,Exelon,Utilities,0.5091,False
AEE,Utilities,4,LNT,Alliant Energy,Utilities,0.5075,False
AEE,Utilities,5,CNP,CenterPoint Energy,Utilities,0.5047,False
AEE,Utilities,6,XEL,Xcel Energy,Utilities,0.5025,False
AEE,Utilities,7,NI,NiSource,Utilities,0.4999,False
AEE,Utilities,8,AEP,American Electric Power,Utilities,0.4816,False
AEE,Utilities,9,CMS,CMS Energy,Utilities,0.4763,False
AEE,Utilities,10,ED,Consolidated Edison,Utilities,0.4723,False
AEP,Utilities,1,EIX,Edison International,Utilities,0.6485,False
AEP,Utilities,2,WEC,WEC Energy Group,Utilities,0.5942,False
AEP,Utilities,3,AES,AES Corporation,Utilities,0.5884,False
AEP,Utilities,4,PCG,PG&E Corporation,Utilities,0.575,False
AEP,Utilities,5,ETR,Entergy,Utilities,0.5584,False
AEP,Utilities,6,ED,Consolidated Edison,Utilities,0.5555,False
AEP,Utilities,7,PEG,Public Service Enterprise Group,Utilities,0.5524,False
AEP,Utilities,8,CNP,CenterPoint Energy,Utilities,0.551,False
AEP,Utilities,9,XEL,Xcel Energy,Utilities,0.5276,False
AEP,Utilities,10,CMS,CMS Energy,Utilities,0.5261,False
AXP,Financials,1,AIG,American International Group,Financials,0.5578,False
AXP,Financials,2,MA,Mastercard,Financials,0.5525,False
AXP,Financials,3,FDX,FedEx,Industrials,0.5398,True
AXP,Financials,4,USB,U.S. Bancorp,Financials,0.5315,False
AXP,Financials,5,GPN,Global Payments,Financials,0.5268,False
AXP,Financials,6,UPS,United Parcel Service,Industrials,0.5239,True
AXP,Financials,7,EFX,Equifax,Industrials,0.5239,True
AXP,Financials,8,AMT,American Tower,Real Estate,0.52,True
AXP,Financials,9,BAC,Bank of America,Financials,0.5015,False
AXP,Financials,10,AEP,American Electric Power,Utilities,0.501,True
AIG,Financials,1,AXP,American Express,Financials,0.5578,False
AIG,Financials,2,TRV,Travelers Companies (The),Financials,0.5578,False
AIG,Financials,3,HIG,Hartford (The),Financials,0.5462,False
AIG,Financials,4,ACGL,Arch Capital Group,Financials,0.5391,False
AIG,Financials,5,PRU,Prudential Financial,Financials,0.5046,False
AIG,Financials,6,CINF,Cincinnati Financial,Financials,0.5031,False
AIG,Financials,7,WRB,W. R. Berkley Corporation,Financials,0.4864,False
AIG,Financials,8,MET,MetLife,Financials,0.4851,False
AIG,Financials,9,AEP,American Electric Power,Utilities,0.4796,True
AIG,Financials,10,UNH,UnitedHealth Group,Health Care,0.4741,True
AMT,Real Estate,1,CCI,Crown Castle,Real Estate,0.5563,False
AMT,Real Estate,2,AXP,American Express,Financials,0.52,True
AMT,Real Estate,3,WELL,Welltower,Real Estate,0.4971,False
AMT,Real Estate,4,AEP,American Electric Power,Utilities,0.4897,True
AMT,Real Estate,5,DLR,Digital Realty,Real Estate,0.4689,False
AMT,Real Estate,6,URI,United Rentals,Industrials,0.4659,True
AMT,Real Estate,7,OTIS,Otis Worldwide,Industrials,0.4602,True
AMT,Real Estate,8,AIG,American International Group,Financials,0.4574,True
AMT,Real Estate,9,UAL,United Airlines Holdings,Industrials,0.4476,True
AMT,Real Estate,10,CHTR,Charter Communications,Communication Services,0.4412,True
AWK,Utilities,1,AOS,A. O. Smith,Industrials,0.5854,True
AWK,Utilities,2,PNR,Pentair,Industrials,0.5069,True
AWK,Utilities,3,AXP,American Express,Financials,0.4867,True
AWK,Utilities,4,AEP,American Electric Power,Utilities,0.4803,False
AWK,Utilities,5,TPL,Texas Pacific Land Corporation,Energy,0.451,True
AWK,Utilities,6,POOL,Pool Corporation,Consumer Discretionary,0.4473,True
AWK,Utilities,7,MAS,Masco,Industrials,0.4427,True
AWK,Utilities,8,WAT,Waters Corporation,Health Care,0.4353,True
AWK,Utilities,9,AES,AES Corporation,Utilities,0.4183,False
AWK,Utilities,10,ES,Eversource Energy,Utilities,0.4145,False
AMP,Financials,1,NTRS,Northern Trust,Financials,0.6562,False
AMP,Financials,2,RJF,Raymond James Financial,Financials,0.6505,False
AMP,Financials,3,IVZ,Invesco,Financials,0.6026,False
AMP,Financials,4,MS,Morgan Stanley,Financials,0.5818,False
AMP,Financials,5,STT,State Street Corporation,Financials,0.5742,False
AMP,Financials,6,BNY,BNY Mellon,Financials,0.5719,False
AMP,Financials,7,GS,Goldman Sachs,Financials,0.5669,False
AMP,Financials,8,C,Citigroup,Financials,0.5619,False
AMP,Financials,9,PFG,Principal Financial Group,Financials,0.5607,False
AMP,Financials,10,PRU,Prudential Financial,Financials,0.5484,False
AME,Industrials,1,TXN,Texas Instruments,Information Technology,0.5284,True
AME,Industrials,2,ITW,Illinois Tool Works,Industrials,0.5257,False
AME,Industrials,3,IR,Ingersoll Rand,Industrials,0.5091,False
AME,Industrials,4,MCHP,Microchip Technology,Information Technology,0.4786,True
AME,Industrials,5,TDY,Teledyne Technologies,Information Technology,0.4749,True
AME,Industrials,6,IEX,IDEX Corporation,Industrials,0.4721,False
AME,Industrials,7,ETN,Eaton Corporation,Industrials,0.4667,False
AME,Industrials,8,ADI,Analog Devices,Information Technology,0.4646,True
AME,Industrials,9,OKE,Oneok,Energy,0.4624,True
AME,Industrials,10,EME,Emcor,Industrials,0.4562,False
AMGN,Health Care,1,BIIB,Biogen,Health Care,0.7126,False
AMGN,Health Care,2,BMY,Bristol Myers Squibb,Health Care,0.7125,False
AMGN,Health Care,3,INCY,Incyte,Health Care,0.6276,False
AMGN,Health Care,4,REGN,Regeneron Pharmaceuticals,Health Care,0.6156,False
AMGN,Health Care,5,ABBV,AbbVie,Health Care,0.6128,False
AMGN,Health Care,6,VRTX,Vertex Pharmaceuticals,Health Care,0.5879,False
AMGN,Health Care,7,GILD,Gilead Sciences,Health Care,0.5718,False
AMGN,Health Care,8,PFE,Pfizer,Health Care,0.5706,False
AMGN,Health Care,9,LLY,Lilly (Eli),Health Care,0.5524,False
AMGN,Health Care,10,MRK,Merck & Co.,Health Care,0.4965,False
APH,Information Technology,1,ADI,Analog Devices,Information Technology,0.4825,False
APH,Information Technology,2,TEL,TE Connectivity,Information Technology,0.4795,False
APH,Information Technology,3,MMM,3M,Industrials,0.468,True
APH,Information Technology,4,TXN,Texas Instruments,Information Technology,0.4646,False
APH,Information Technology,5,ITW,Illinois Tool Works,Industrials,0.4568,True
APH,Information Technology,6,AME,Ametek,Industrials,0.449,True
APH,Information Technology,7,DELL,Dell Technologies,Information Technology,0.4175,False
APH,Information Technology,8,DOV,Dover Corporation,Industrials,0.4162,True
APH,Information Technology,9,ALLE,Allegion,Industrials,0.4157,True
APH,Information Technology,10,PWR,Quanta Services,Industrials,0.4114,True
ADI,Information Technology,1,TXN,Texas Instruments,Information Technology,0.6626,False
ADI,Information Technology,2,MCHP,Microchip Technology,Information Technology,0.5698,False
ADI,Information Technology,3,ON,ON Semiconductor,Information Technology,0.5055,False
ADI,Information Technology,4,MPWR,Monolithic Power Systems,Information Technology,0.4923,False
ADI,Information Technology,5,APH,Amphenol,Information Technology,0.4825,False
ADI,Information Technology,6,TDY,Teledyne Technologies,Information Technology,0.4735,False
ADI,Information Technology,7,AME,Ametek,Industrials,0.4646,True
ADI,Information Technology,8,ROK,Rockwell Automation,Industrials,0.4588,True
ADI,Information Technology,9,CDNS,Cadence Design Systems,Information Technology,0.458,False
ADI,Information Technology,10,GRMN,Garmin,Consumer Discretionary,0.4464,True
AON,Financials,1,PFG,Principal Financial Group,Financials,0.5124,False
AON,Financials,2,MRSH,Marsh McLennan,Financials,0.5019,False
AON,Financials,3,HIG,Hartford (The),Financials,0.5003,False
AON,Financials,4,L,Loews Corporation,Financials,0.4878,False
AON,Financials,5,MET,MetLife,Financials,0.4861,False
AON,Financials,6,AMP,Ameriprise Financial,Financials,0.4835,False
AON,Financials,7,AJG,Arthur J. Gallagher & Co.,Financials,0.4714,False
AON,Financials,8,TRV,Travelers Companies (The),Financials,0.4624,False
AON,Financials,9,JCI,Johnson Controls,Industrials,0.4555,True
AON,Financials,10,VRSK,Verisk Analytics,Industrials,0.4543,True
APA,Energy,1,OXY,Occidental Petroleum,Energy,0.5071,False
APA,Energy,2,EOG,EOG Resources,Energy,0.4653,False
APA,Energy,3,DVN,Devon Energy,Energy,0.4475,False
APA,Energy,4,FANG,Diamondback Energy,Energy,0.4384,False
APA,Energy,5,PPL,PPL Corporation,Utilities,0.4362,True
APA,Energy,6,EXE,Expand Energy,Energy,0.4266,False
APA,Energy,7,XOM,ExxonMobil,Energy,0.3936,False
APA,Energy,8,TPL,Texas Pacific Land Corporation,Energy,0.3913,False
APA,Energy,9,AES,AES Corporation,Utilities,0.3908,True
APA,Energy,10,CEG,Constellation Energy,Utilities,0.3854,True
APO,Financials,1,ARES,Ares Management,Financials,0.6057,False
APO,Financials,2,RJF,Raymond James Financial,Financials,0.6019,False
APO,Financials,3,BAC,Bank of America,Financials,0.5825,False
APO,Financials,4,GS,Goldman Sachs,Financials,0.569,False
APO,Financials,5,C,Citigroup,Financials,0.548,False
APO,Financials,6,CBRE,CBRE Group,Real Estate,0.5437,True
APO,Financials,7,STT,State Street Corporation,Financials,0.5316,False
APO,Financials,8,BLK,BlackRock,Financials,0.53,False
APO,Financials,9,MS,Morgan Stanley,Financials,0.5223,False
APO,Financials,10,BNY,BNY Mellon,Financials,0.5162,False
AAPL,Information Technology,1,AMZN,Amazon,Consumer Discretionary,0.4744,True
AAPL,Information Technology,2,BBY,Best Buy,Consumer Discretionary,0.4724,True
AAPL,Information Technology,3,SYF,Synchrony Financial,Financials,0.4679,True
AAPL,Information Technology,4,APP,AppLovin,Information Technology,0.4592,False
AAPL,Information Technology,5,NKE,"Nike, Inc.",Consumer Discretionary,0.4426,True
AAPL,Information Technology,6,GRMN,Garmin,Consumer Discretionary,0.4374,True
AAPL,Information Technology,7,LYV,Live Nation Entertainment,Communication Services,0.4229,True
AAPL,Information Technology,8,MA,Mastercard,Financials,0.4174,True
AAPL,Information Technology,9,TTWO,Take-Two Interactive,Communication Services,0.4094,True
AAPL,Information Technology,10,LULU,Lululemon Athletica,Consumer Discretionary,0.4093,True
AMAT,Information Technology,1,Q,Qnity Electronics,Information Technology,0.4797,False
AMAT,Information Technology,2,GLW,Corning Inc.,Information Technology,0.4436,False
AMAT,Information Technology,3,PPG,PPG Industries,Materials,0.4423,True
AMAT,Information Technology,4,DOW,Dow Inc.,Materials,0.4198,True
AMAT,Information Technology,5,ON,ON Semiconductor,Information Technology,0.4153,False
AMAT,Information Technology,6,VMC,Vulcan Materials Company,Materials,0.408,True
AMAT,Information Technology,7,KLAC,KLA Corporation,Information Technology,0.4058,False
AMAT,Information Technology,8,TXN,Texas Instruments,Information Technology,0.3994,False
AMAT,Information Technology,9,DELL,Dell Technologies,Information Technology,0.3958,False
AMAT,Information Technology,10,LITE,Lumentum,Information Technology,0.3945,False
APP,Information Technology,1,ADBE,Adobe Inc.,Information Technology,0.4654,False
APP,Information Technology,2,AAPL,Apple Inc.,Information Technology,0.4592,False
APP,Information Technology,3,CRWD,CrowdStrike,Information Technology,0.4149,False
APP,Information Technology,4,GRMN,Garmin,Consumer Discretionary,0.4145,True
APP,Information Technology,5,AXON,Axon Enterprise,Industrials,0.4109,True
APP,Information Technology,6,EA,Electronic Arts,Communication Services,0.4085,True
APP,Information Technology,7,TTD,Trade Desk (The),Communication Services,0.4047,True
APP,Information Technology,8,META,Meta Platforms,Communication Services,0.4016,True
APP,Information Technology,9,XYZ,"Block, Inc.",Financials,0.3982,True
APP,Information Technology,10,ROP,Roper Technologies,Information Technology,0.3974,False
APTV,Consumer Discretionary,1,ROK,Rockwell Automation,Industrials,0.5054,True
APTV,Consumer Discretionary,2,AIZ,Assurant,Financials,0.4612,True
APTV,Consumer Discretionary,3,EIX,Edison International,Utilities,0.4558,True
APTV,Consumer Discretionary,4,INTC,Intel,Information Technology,0.4539,True
APTV,Consumer Discretionary,5,CDW,CDW Corporation,Information Technology,0.4463,True
APTV,Consumer Discretionary,6,ANET,Arista Networks,Information Technology,0.4398,True
APTV,Consumer Discretionary,7,ALLE,Allegion,Industrials,0.4306,True
APTV,Consumer Discretionary,8,IBM,IBM,Information Technology,0.429,True
APTV,Consumer Discretionary,9,SNPS,Synopsys,Information Technology,0.4197,True
APTV,Consumer Discretionary,10,AXON,Axon Enterprise,Industrials,0.4174,True
ACGL,Financials,1,AIG,American International Group,Financials,0.5391,False
ACGL,Financials,2,EG,Everest Group,Financials,0.5266,False
ACGL,Financials,3,TRV,Travelers Companies (The),Financials,0.5128,False
ACGL,Financials,4,PFG,Principal Financial Group,Financials,0.4963,False
ACGL,Financials,5,MRSH,Marsh McLennan,Financials,0.4886,False
ACGL,Financials,6,RJF,Raymond James Financial,Financials,0.4817,False
ACGL,Financials,7,KEY,KeyCorp,Financials,0.4748,False
ACGL,Financials,8,C,Citigroup,Financials,0.4736,False
ACGL,Financials,9,PNC,PNC Financial Services,Financials,0.4718,False
ACGL,Financials,10,AJG,Arthur J. Gallagher & Co.,Financials,0.4695,False
ADM,Consumer Staples,1,BG,Bunge Global,Consumer Staples,0.5559,False
ADM,Consumer Staples,2,TSCO,Tractor Supply,Consumer Discretionary,0.5141,True
ADM,Consumer Staples,3,GIS,General Mills,Consumer Staples,0.5057,False
ADM,Consumer Staples,4,KHC,Kraft Heinz,Consumer Staples,0.4703,False
ADM,Consumer Staples,5,TSN,Tyson Foods,Consumer Staples,0.4695,False
ADM,Consumer Staples,6,HRL,Hormel Foods,Consumer Staples,0.4536,False
ADM,Consumer Staples,7,PSX,Phillips 66,Energy,0.4415,True
ADM,Consumer Staples,8,MKC,McCormick & Company,Consumer Staples,0.4396,False
ADM,Consumer Staples,9,BF.B,Brown–Forman,Consumer Staples,0.4378,False
ADM,Consumer Staples,10,HSY,Hershey Company (The),Consumer Staples,0.4351,False
ARES,Financials,1,APO,Apollo Global Management,Financials,0.6057,False
ARES,Financials,2,BX,Blackstone Inc.,Financials,0.5584,False
ARES,Financials,3,IVZ,Invesco,Financials,0.5464,False
ARES,Financials,4,RJF,Raymond James Financial,Financials,0.5347,False
ARES,Financials,5,AMP,Ameriprise Financial,Financials,0.5302,False
ARES,Financials,6,BLK,BlackRock,Financials,0.5275,False
ARES,Financials,7,PNC,PNC Financial Services,Financials,0.5132,False
ARES,Financials,8,GS,Goldman Sachs,Financials,0.4773,False
ARES,Financials,9,CBRE,CBRE Group,Real Estate,0.4705,True
ARES,Financials,10,TROW,T. Rowe Price,Financials,0.4701,False
ANET,Information Technology,1,IBM,IBM,Information Technology,0.508,False
ANET,Information Technology,2,CSCO,Cisco,Information Technology,0.4655,False
ANET,Information Technology,3,AXON,Axon Enterprise,Industrials,0.4527,True
ANET,Information Technology,4,AKAM,Akamai Technologies,Information Technology,0.4477,False
ANET,Information Technology,5,ACN,Accenture,Information Technology,0.4461,False
ANET,Information Technology,6,APTV,Aptiv,Consumer Discretionary,0.4398,True
ANET,Information Technology,7,GOOGL,Alphabet Inc. (Class A),Communication Services,0.4389,True
ANET,Information Technology,8,GOOG,Alphabet Inc. (Class C),Communication Services,0.4389,True
ANET,Information Technology,9,ORCL,Oracle Corporation,Information Technology,0.4384,False
ANET,Information Technology,10,NOW,ServiceNow,Information Technology,0.4217,False
AJG,Financials,1,HIG,Hartford (The),Financials,0.5732,False
AJG,Financials,2,EG,Everest Group,Financials,0.5322,False
AJG,Financials,3,WRB,W. R. Berkley Corporation,Financials,0.5321,False
AJG,Financials,4,TRV,Travelers Companies (The),Financials,0.5211,False
AJG,Financials,5,VRSK,Verisk Analytics,Industrials,0.4989,True
AJG,Financials,6,RJF,Raymond James Financial,Financials,0.4944,False
AJG,Financials,7,MRSH,Marsh McLennan,Financials,0.4902,False
AJG,Financials,8,L,Loews Corporation,Financials,0.4772,False
AJG,Financials,9,CBRE,CBRE Group,Real Estate,0.4728,True
AJG,Financials,10,AON,Aon plc,Financials,0.4714,False
AIZ,Financials,1,APTV,Aptiv,Consumer Discretionary,0.4612,True
AIZ,Financials,2,ALL,Allstate,Financials,0.4483,False
AIZ,Financials,3,PGR,Progressive Corporation,Financials,0.4439,False
AIZ,Financials,4,AIG,American International Group,Financials,0.4424,False
AIZ,Financials,5,EQR,Equity Residential,Real Estate,0.4267,True
AIZ,Financials,6,GPN,Global Payments,Financials,0.4179,False
AIZ,Financials,7,VRSK,Verisk Analytics,Industrials,0.3986,True
AIZ,Financials,8,FTV,Fortive,Industrials,0.3973,True
AIZ,Financials,9,L,Loews Corporation,Financials,0.3888,False
AIZ,Financials,10,BAC,Bank of America,Financials,0.3852,False
T,Communication Services,1,TMUS,T-Mobile US,Communication Services,0.6219,False
T,Communication Services,2,VZ,Verizon,Communication Services,0.5665,False
T,Communication Services,3,CHTR,Charter Communications,Communication Services,0.5385,False
T,Communication Services,4,CSCO,Cisco,Information Technology,0.5141,True
T,Communication Services,5,TEL,TE Connectivity,Information Technology,0.4819,True
T,Communication Services,6,SATS,EchoStar,Communication Services,0.48,False
T,Communication Services,7,DELL,Dell Technologies,Information Technology,0.4773,True
T,Communication Services,8,AXP,American Express,Financials,0.4672,True
T,Communication Services,9,QCOM,Qualcomm,Information Technology,0.4603,True
T,Communication Services,10,UBER,Uber,Industrials,0.4319,True
ATO,Utilities,1,CNP,CenterPoint Energy,Utilities,0.5639,False
ATO,Utilities,2,WMB,Williams Companies,Energy,0.5289,True
ATO,Utilities,3,OKE,Oneok,Energy,0.5257,True
ATO,Utilities,4,KMI,Kinder Morgan,Energy,0.5108,True
ATO,Utilities,5,VST,Vistra Corp.,Utilities,0.4941,False
ATO,Utilities,6,TPL,Texas Pacific Land Corporation,Energy,0.493,True
ATO,Utilities,7,CMS,CMS Energy,Utilities,0.4922,False
ATO,Utilities,8,SRE,Sempra,Utilities,0.4828,False
ATO,Utilities,9,AES,AES Corporation,Utilities,0.4822,False
ATO,Utilities,10,WEC,WEC Energy Group,Utilities,0.4778,False
ADSK,Information Technology,1,TRMB,Trimble Inc.,Information Technology,0.4358,False
ADSK,Information Technology,2,ITW,Illinois Tool Works,Industrials,0.417,True
ADSK,Information Technology,3,ROK,Rockwell Automation,Industrials,0.4162,True
ADSK,Information Technology,4,IBM,IBM,Information Technology,0.4157,False
ADSK,Information Technology,5,WDAY,"Workday, Inc.",Information Technology,0.4001,False
ADSK,Information Technology,6,CTSH,Cognizant,Information Technology,0.3907,False
ADSK,Information Technology,7,PLTR,Palantir Technologies,Information Technology,0.39,False
ADSK,Information Technology,8,VRSK,Verisk Analytics,Industrials,0.3891,True
ADSK,Information Technology,9,SNA,Snap-on,Industrials,0.3883,True
ADSK,Information Technology,10,PTC,PTC Inc.,Information Technology,0.3847,False
ADP,Industrials,1,PAYX,Paychex,Industrials,0.5996,False
ADP,Industrials,2,EFX,Equifax,Industrials,0.5198,False
ADP,Industrials,3,WDAY,"Workday, Inc.",Information Technology,0.475,True
ADP,Industrials,4,IBM,IBM,Information Technology,0.4749,True
ADP,Industrials,5,MSFT,Microsoft,Information Technology,0.4713,True
ADP,Industrials,6,PTC,PTC Inc.,Information Technology,0.461,True
ADP,Industrials,7,LH,Labcorp,Health Care,0.4399,True
ADP,Industrials,8,CVS,CVS Health,Health Care,0.4338,True
ADP,Industrials,9,VEEV,Veeva Systems,Health Care,0.4187,True
ADP,Industrials,10,INTU,Intuit,Information Technology,0.4185,True
AZO,Consumer Discretionary,1,ORLY,O’Reilly Automotive,Consumer Discretionary,0.5974,False
AZO,Consumer Discretionary,2,GPC,Genuine Parts Company,Consumer Discretionary,0.5789,False
AZO,Consumer Discretionary,3,F,Ford Motor Company,Consumer Discretionary,0.4791,False
AZO,Consumer Discretionary,4,MMM,3M,Industrials,0.4698,True
AZO,Consumer Discretionary,5,GM,General Motors,Consumer Discretionary,0.4652,False
AZO,Consumer Discretionary,6,ITW,Illinois Tool Works,Industrials,0.4528,True
AZO,Consumer Discretionary,7,DG,Dollar General,Consumer Staples,0.4523,True
AZO,Consumer Discretionary,8,CMI,Cummins,Industrials,0.4472,True
AZO,Consumer Discretionary,9,ETN,Eaton Corporation,Industrials,0.4437,True
AZO,Consumer Discretionary,10,PH,Parker Hannifin,Industrials,0.4287,True
AVB,Real Estate,1,EQR,Equity Residential,Real Estate,0.5467,False
AVB,Real Estate,2,REG,Regency Centers,Real Estate,0.5228,False
AVB,Real Estate,3,ARE,Alexandria Real Estate Equities,Real Estate,0.5224,False
AVB,Real Estate,4,CPT,Camden Property Trust,Real Estate,0.5097,False
AVB,Real Estate,5,ESS,Essex Property Trust,Real Estate,0.476,False
AVB,Real Estate,6,UDR,"UDR, Inc.",Real Estate,0.4421,False
AVB,Real Estate,7,MAA,Mid-America Apartment Communities,Real Estate,0.44,False
AVB,Real Estate,8,BXP,"BXP, Inc.",Real Estate,0.4363,False
AVB,Real Estate,9,NVR,"NVR, Inc.",Consumer Discretionary,0.4043,True
AVB,Real Estate,10,WELL,Welltower,Real Estate,0.3996,False
AVY,Materials,1,NDSN,Nordson Corporation,Industrials,0.5159,True
AVY,Materials,2,LRCX,Lam Research,Information Technology,0.4404,True
AVY,Materials,3,AMCR,Amcor,Materials,0.4181,False
AVY,Materials,4,PKG,Packaging Corporation of America,Materials,0.4126,False
AVY,Materials,5,KLAC,KLA Corporation,Information Technology,0.4079,True
AVY,Materials,6,DOW,Dow Inc.,Materials,0.4062,False
AVY,Materials,7,ZBRA,Zebra Technologies,Information Technology,0.4013,True
AVY,Materials,8,CHD,Church & Dwight,Consumer Staples,0.4009,True
AVY,Materials,9,VLTO,Veralto,Industrials,0.3999,True
AVY,Materials,10,IP,International Paper,Materials,0.3805,False
AXON,Industrials,1,ROK,Rockwell Automation,Industrials,0.4737,False
AXON,Industrials,2,IBM,IBM,Information Technology,0.4543,True
AXON,Industrials,3,ANET,Arista Networks,Information Technology,0.4527,True
AXON,Industrials,4,NTAP,NetApp,Information Technology,0.4517,True
AXON,Industrials,5,UBER,Uber,Industrials,0.4444,False
AXON,Industrials,6,SNDK,Sandisk,Information Technology,0.4427,True
AXON,Industrials,7,INTC,Intel,Information Technology,0.4398,True
AXON,Industrials,8,CTSH,Cognizant,Information Technology,0.43,True
AXON,Industrials,9,AMD,Advanced Micro Devices,Information Technology,0.4245,True
AXON,Industrials,10,SYK,Stryker Corporation,Health Care,0.4224,True
BKR,Energy,1,CAT,Caterpillar Inc.,Industrials,0.6081,True
BKR,Energy,2,SLB,Schlumberger,Energy,0.5904,False
BKR,Energy,3,HAL,Halliburton,Energy,0.5588,False
BKR,Energy,4,DOV,Dover Corporation,Industrials,0.5401,True
BKR,Energy,5,XOM,ExxonMobil,Energy,0.5375,False
BKR,Energy,6,MPC,Marathon Petroleum,Energy,0.5216,False
BKR,Energy,7,KMI,Kinder Morgan,Energy,0.5214,False
BKR,Energy,8,ITW,Illinois Tool Works,Industrials,0.5098,True
BKR,Energy,9,GNRC,Generac,Industrials,0.5001,True
BKR,Energy,10,BRK.B,Berkshire Hathaway,Financials,0.4974,True
BALL,Materials,1,PEP,PepsiCo,Consumer Staples,0.4487,True
BALL,Materials,2,SBUX,Starbucks,Consumer Discretionary,0.4277,True
BALL,Materials,3,IP,International Paper,Materials,0.4265,False
BALL,Materials,4,SYY,Sysco,Consumer Staples,0.4183,True
BALL,Materials,5,CHRW,C.H. Robinson,Industrials,0.4182,True
BALL,Materials,6,COST,Costco,Consumer Staples,0.418,True
BALL,Materials,7,TAP,Molson Coors Beverage Company,Consumer Staples,0.4138,True
BALL,Materials,8,HSY,Hershey Company (The),Consumer Staples,0.4138,True
BALL,Materials,9,PKG,Packaging Corporation of America,Materials,0.4077,False
BALL,Materials,10,CF,CF Industries,Materials,0.4013,False
BAC,Financials,1,GS,Goldman Sachs,Financials,0.7409,False
BAC,Financials,2,RF,Regions Financial Corporation,Financials,0.6993,False
BAC,Financials,3,C,Citigroup,Financials,0.6828,False
BAC,Financials,4,GPN,Global Payments,Financials,0.6404,False
BAC,Financials,5,RJF,Raymond James Financial,Financials,0.6298,False
BAC,Financials,6,PNC,PNC Financial Services,Financials,0.6295,False
BAC,Financials,7,BNY,BNY Mellon,Financials,0.6289,False
BAC,Financials,8,JPM,JPMorgan Chase,Financials,0.5888,False
BAC,Financials,9,APO,Apollo Global Management,Financials,0.5825,False
BAC,Financials,10,FITB,Fifth Third Bancorp,Financials,0.5803,False
BAX,Health Care,1,ZTS,Zoetis,Health Care,0.523,False
BAX,Health Care,2,WST,West Pharmaceutical Services,Health Care,0.509,False
BAX,Health Care,3,SYK,Stryker Corporation,Health Care,0.5028,False
BAX,Health Care,4,CAH,Cardinal Health,Health Care,0.5028,False
BAX,Health Care,5,ABT,Abbott Laboratories,Health Care,0.4975,False
BAX,Health Care,6,MCK,McKesson Corporation,Health Care,0.4899,False
BAX,Health Care,7,COR,Cencora,Health Care,0.4896,False
BAX,Health Care,8,BDX,Becton Dickinson,Health Care,0.4882,False
BAX,Health Care,9,VTRS,Viatris,Health Care,0.4811,False
BAX,Health Care,10,MDT,Medtronic,Health Care,0.4573,False
BDX,Health Care,1,ABT,Abbott Laboratories,Health Care,0.5818,False
BDX,Health Care,2,WST,West Pharmaceutical Services,Health Care,0.5307,False
BDX,Health Care,3,VTRS,Viatris,Health Care,0.5245,False
BDX,Health Care,4,TMO,Thermo Fisher Scientific,Health Care,0.5026,False
BDX,Health Care,5,MDT,Medtronic,Health Care,0.4904,False
BDX,Health Care,6,BAX,Baxter International,Health Care,0.4882,False
BDX,Health Care,7,ELV,Elevance Health,Health Care,0.4827,False
BDX,Health Care,8,CAH,Cardinal Health,Health Care,0.4817,False
BDX,Health Care,9,ABBV,AbbVie,Health Care,0.4656,False
BDX,Health Care,10,MCK,McKesson Corporation,Health Care,0.4594,False
BRK.B,Financials,1,NSC,Norfolk Southern,Industrials,0.5041,True
BRK.B,Financials,2,BKR,Baker Hughes,Energy,0.4974,True
BRK.B,Financials,3,UNP,Union Pacific Corporation,Industrials,0.47,True
BRK.B,Financials,4,TSCO,Tractor Supply,Consumer Discretionary,0.4671,True
BRK.B,Financials,5,HII,Huntington Ingalls Industries,Industrials,0.4663,True
BRK.B,Financials,6,CMI,Cummins,Industrials,0.4565,True
BRK.B,Financials,7,HD,Home Depot (The),Consumer Discretionary,0.4557,True
BRK.B,Financials,8,HSY,Hershey Company (The),Consumer Staples,0.4552,True
BRK.B,Financials,9,KMI,Kinder Morgan,Energy,0.451,True
BRK.B,Financials,10,CHRW,C.H. Robinson,Industrials,0.4391,True
BBY,Consumer Discretionary,1,AAPL,Apple Inc.,Information Technology,0.4724,True
BBY,Consumer Discretionary,2,AMZN,Amazon,Consumer Discretionary,0.4684,False
BBY,Consumer Discretionary,3,TGT,Target Corporation,Consumer Staples,0.4604,True
BBY,Consumer Discretionary,4,HD,Home Depot (The),Consumer Discretionary,0.4582,False
BBY,Consumer Discretionary,5,HAS,Hasbro,Consumer Discretionary,0.4448,False
BBY,Consumer Discretionary,6,HSY,Hershey Company (The),Consumer Staples,0.4414,True
BBY,Consumer Discretionary,7,KR,Kroger,Consumer Staples,0.44,True
BBY,Consumer Discretionary,8,DELL,Dell Technologies,Information Technology,0.4397,True
BBY,Consumer Discretionary,9,TMUS,T-Mobile US,Communication Services,0.427,True
BBY,Consumer Discretionary,10,DG,Dollar General,Consumer Staples,0.4235,True
TECH,Health Care,1,DHR,Danaher Corporation,Health Care,0.7126,False
TECH,Health Care,2,A,Agilent Technologies,Health Care,0.5792,False
TECH,Health Care,3,TMO,Thermo Fisher Scientific,Health Care,0.5451,False
TECH,Health Care,4,CRL,Charles River Laboratories,Health Care,0.5446,False
TECH,Health Care,5,BIIB,Biogen,Health Care,0.5378,False
TECH,Health Care,6,IDXX,Idexx Laboratories,Health Care,0.5054,False
TECH,Health Care,7,RVTY,Revvity,Health Care,0.496,False
TECH,Health Care,8,ZTS,Zoetis,Health Care,0.4818,False
TECH,Health Care,9,INCY,Incyte,Health Care,0.4733,False
TECH,Health Care,10,MCK,McKesson Corporation,Health Care,0.4731,False
BIIB,Health Care,1,AMGN,Amgen,Health Care,0.7126,False
BIIB,Health Care,2,PFE,Pfizer,Health Care,0.6966,False
BIIB,Health Care,3,BMY,Bristol Myers Squibb,Health Care,0.6528,False
BIIB,Health Care,4,ABBV,AbbVie,Health Care,0.6444,False
BIIB,Health Care,5,INCY,Incyte,Health Care,0.638,False
BIIB,Health Care,6,VRTX,Vertex Pharmaceuticals,Health Care,0.5793,False
BIIB,Health Care,7,GILD,Gilead Sciences,Health Care,0.5701,False
BIIB,Health Care,8,LLY,Lilly (Eli),Health Care,0.5697,False
BIIB,Health Care,9,REGN,Regeneron Pharmaceuticals,Health Care,0.5555,False
BIIB,Health Care,10,MRK,Merck & Co.,Health Care,0.5391,False
BLK,Financials,1,BX,Blackstone Inc.,Financials,0.7634,False
BLK,Financials,2,STT,State Street Corporation,Financials,0.5848,False
BLK,Financials,3,IVZ,Invesco,Financials,0.5826,False
BLK,Financials,4,APO,Apollo Global Management,Financials,0.53,False
BLK,Financials,5,SCHW,Charles Schwab Corporation,Financials,0.529,False
BLK,Financials,6,ARES,Ares Management,Financials,0.5275,False
BLK,Financials,7,BNY,BNY Mellon,Financials,0.5255,False
BLK,Financials,8,GS,Goldman Sachs,Financials,0.5178,False
BLK,Financials,9,AMP,Ameriprise Financial,Financials,0.5171,False
BLK,Financials,10,RJF,Raymond James Financial,Financials,0.509,False
BX,Financials,1,BLK,BlackRock,Financials,0.7634,False
BX,Financials,2,RJF,Raymond James Financial,Financials,0.5685,False
BX,Financials,3,ARES,Ares Management,Financials,0.5584,False
BX,Financials,4,SCHW,Charles Schwab Corporation,Financials,0.5279,False
BX,Financials,5,CBRE,CBRE Group,Real Estate,0.5166,True
BX,Financials,6,APO,Apollo Global Management,Financials,0.5139,False
BX,Financials,7,AMP,Ameriprise Financial,Financials,0.5125,False
BX,Financials,8,IVZ,Invesco,Financials,0.5054,False
BX,Financials,9,C,Citigroup,Financials,0.4834,False
BX,Financials,10,RF,Regions Financial Corporation,Financials,0.4832,False
XYZ,Financials,1,MA,Mastercard,Financials,0.5489,False
XYZ,Financials,2,INTU,Intuit,Information Technology,0.5483,True
XYZ,Financials,3,JKHY,Jack Henry & Associates,Financials,0.5082,False
XYZ,Financials,4,USB,U.S. Bancorp,Financials,0.5062,False
XYZ,Financials,5,CFG,Citizens Financial Group,Financials,0.5033,False
XYZ,Financials,6,C,Citigroup,Financials,0.4879,False
XYZ,Financials,7,BNY,BNY Mellon,Financials,0.4802,False
XYZ,Financials,8,RF,Regions Financial Corporation,Financials,0.4794,False
XYZ,Financials,9,RJF,Raymond James Financial,Financials,0.4648,False
XYZ,Financials,10,PYPL,PayPal,Financials,0.4558,False
BNY,Financials,1,C,Citigroup,Financials,0.7372,False
BNY,Financials,2,RJF,Raymond James Financial,Financials,0.7262,False
BNY,Financials,3,GS,Goldman Sachs,Financials,0.7074,False
BNY,Financials,4,USB,U.S. Bancorp,Financials,0.6872,False
BNY,Financials,5,RF,Regions Financial Corporation,Financials,0.6726,False
BNY,Financials,6,FITB,Fifth Third Bancorp,Financials,0.6547,False
BNY,Financials,7,NTRS,Northern Trust,Financials,0.6502,False
BNY,Financials,8,SCHW,Charles Schwab Corporation,Financials,0.6471,False
BNY,Financials,9,STT,State Street Corporation,Financials,0.6306,False
BNY,Financials,10,BAC,Bank of America,Financials,0.6289,False
BA,Industrials,1,GD,General Dynamics,Industrials,0.6416,False
BA,Industrials,2,LMT,Lockheed Martin,Industrials,0.6257,False
BA,Industrials,3,HON,Honeywell,Industrials,0.5973,False
BA,Industrials,4,RTX,RTX Corporation,Industrials,0.5586,False
BA,Industrials,5,LUV,Southwest Airlines,Industrials,0.526,False
BA,Industrials,6,NOC,Northrop Grumman,Industrials,0.5237,False
BA,Industrials,7,GE,GE Aerospace,Industrials,0.5165,False
BA,Industrials,8,DAL,Delta Air Lines,Industrials,0.4862,False
BA,Industrials,9,TXT,Textron,Industrials,0.4844,False
BA,Industrials,10,IBM,IBM,Information Technology,0.4792,True
BKNG,Consumer Discretionary,1,CSGP,CoStar Group,Real Estate,0.507,True
BKNG,Consumer Discretionary,2,UAL,United Airlines Holdings,Industrials,0.4955,True
BKNG,Consumer Discretionary,3,HST,Host Hotels & Resorts,Real Estate,0.4939,True
BKNG,Consumer Discretionary,4,EXPE,Expedia Group,Consumer Discretionary,0.4909,False
BKNG,Consumer Discretionary,5,HLT,Hilton Worldwide,Consumer Discretionary,0.4698,False
BKNG,Consumer Discretionary,6,CPAY,Corpay,Financials,0.4572,True
BKNG,Consumer Discretionary,7,TFC,Truist Financial,Financials,0.4367,True
BKNG,Consumer Discretionary,8,MGM,MGM Resorts,Consumer Discretionary,0.4354,False
BKNG,Consumer Discretionary,9,ACGL,Arch Capital Group,Financials,0.4272,True
BKNG,Consumer Discretionary,10,USB,U.S. Bancorp,Financials,0.4128,True
BSX,Health Care,1,ABT,Abbott Laboratories,Health Care,0.4959,False
BSX,Health Care,2,MDT,Medtronic,Health Care,0.4909,False
BSX,Health Care,3,LH,Labcorp,Health Care,0.4708,False
BSX,Health Care,4,CRL,Charles River Laboratories,Health Care,0.4608,False
BSX,Health Care,5,BMY,Bristol Myers Squibb,Health Care,0.458,False
BSX,Health Care,6,TMO,Thermo Fisher Scientific,Health Care,0.4445,False
BSX,Health Care,7,SOLV,Solventum,Health Care,0.4422,False
BSX,Health Care,8,SYK,Stryker Corporation,Health Care,0.4412,False
BSX,Health Care,9,BDX,Becton Dickinson,Health Care,0.4389,False
BSX,Health Care,10,WST,West Pharmaceutical Services,Health Care,0.4204,False
BMY,Health Care,1,AMGN,Amgen,Health Care,0.7125,False
BMY,Health Care,2,BIIB,Biogen,Health Care,0.6528,False
BMY,Health Care,3,ABBV,AbbVie,Health Care,0.6074,False
BMY,Health Care,4,LLY,Lilly (Eli),Health Care,0.5917,False
BMY,Health Care,5,INCY,Incyte,Health Care,0.5811,False
BMY,Health Care,6,VRTX,Vertex Pharmaceuticals,Health Care,0.5755,False
BMY,Health Care,7,REGN,Regeneron Pharmaceuticals,Health Care,0.5529,False
BMY,Health Care,8,PFE,Pfizer,Health Care,0.5442,False
BMY,Health Care,9,GILD,Gilead Sciences,Health Care,0.5279,False
BMY,Health Care,10,PG,Procter & Gamble,Consumer Staples,0.5042,True
AVGO,Information Technology,1,DELL,Dell Technologies,Information Technology,0.5542,False
AVGO,Information Technology,2,CSCO,Cisco,Information Technology,0.5377,False
AVGO,Information Technology,3,BR,Broadridge Financial Solutions,Industrials,0.5302,True
AVGO,Information Technology,4,IBM,IBM,Information Technology,0.5135,False
AVGO,Information Technology,5,CIEN,Ciena,Information Technology,0.512,False
AVGO,Information Technology,6,QCOM,Qualcomm,Information Technology,0.5065,False
AVGO,Information Technology,7,MSFT,Microsoft,Information Technology,0.4915,False
AVGO,Information Technology,8,HPE,Hewlett Packard Enterprise,Information Technology,0.476,False
AVGO,Information Technology,9,TEL,TE Connectivity,Information Technology,0.4696,False
AVGO,Information Technology,10,FFIV,"F5, Inc.",Information Technology,0.4663,False
BR,Industrials,1,STT,State Street Corporation,Financials,0.5945,True
BR,Industrials,2,C,Citigroup,Financials,0.5851,True
BR,Industrials,3,RJF,Raymond James Financial,Financials,0.5849,True
BR,Industrials,4,BNY,BNY Mellon,Financials,0.5797,True
BR,Industrials,5,CBOE,Cboe Global Markets,Financials,0.5738,True
BR,Industrials,6,ICE,Intercontinental Exchange,Financials,0.5638,True
BR,Industrials,7,BAC,Bank of America,Financials,0.5457,True
BR,Industrials,8,GS,Goldman Sachs,Financials,0.5433,True
BR,Industrials,9,MS,Morgan Stanley,Financials,0.5342,True
BR,Industrials,10,NTRS,Northern Trust,Financials,0.532,True
BRO,Financials,1,TRV,Travelers Companies (The),Financials,0.5895,False
BRO,Financials,2,CB,Chubb Limited,Financials,0.5186,False
BRO,Financials,3,L,Loews Corporation,Financials,0.5108,False
BRO,Financials,4,BF.B,Brown–Forman,Consumer Staples,0.5008,True
BRO,Financials,5,HIG,Hartford (The),Financials,0.4882,False
BRO,Financials,6,WRB,W. R. Berkley Corporation,Financials,0.4785,False
BRO,Financials,7,PGR,Progressive Corporation,Financials,0.4566,False
BRO,Financials,8,AJG,Arthur J. Gallagher & Co.,Financials,0.4546,False
BRO,Financials,9,PRU,Prudential Financial,Financials,0.4523,False
BRO,Financials,10,CINF,Cincinnati Financial,Financials,0.4442,False
BF.B,Consumer Staples,1,BRO,Brown & Brown,Financials,0.5008,True
BF.B,Consumer Staples,2,TAP,Molson Coors Beverage Company,Consumer Staples,0.4508,False
BF.B,Consumer Staples,3,KDP,Keurig Dr Pepper,Consumer Staples,0.4476,False
BF.B,Consumer Staples,4,ADM,Archer Daniels Midland,Consumer Staples,0.4378,False
BF.B,Consumer Staples,5,KHC,Kraft Heinz,Consumer Staples,0.426,False
BF.B,Consumer Staples,6,STZ,Constellation Brands,Consumer Staples,0.4217,False
BF.B,Consumer Staples,7,MKC,McCormick & Company,Consumer Staples,0.4167,False
BF.B,Consumer Staples,8,PSX,Phillips 66,Energy,0.4115,True
BF.B,Consumer Staples,9,TSCO,Tractor Supply,Consumer Discretionary,0.3926,True
BF.B,Consumer Staples,10,BALL,Ball Corporation,Materials,0.388,True
BLDR,Industrials,1,HD,Home Depot (The),Consumer Discretionary,0.476,True
BLDR,Industrials,2,LEN,Lennar,Consumer Discretionary,0.436,True
BLDR,Industrials,3,FAST,Fastenal,Industrials,0.415,False
BLDR,Industrials,4,CRH,CRH plc,Materials,0.4119,True
BLDR,Industrials,5,NVR,"NVR, Inc.",Consumer Discretionary,0.3987,True
BLDR,Industrials,6,INVH,Invitation Homes,Real Estate,0.3946,True
BLDR,Industrials,7,WY,Weyerhaeuser,Real Estate,0.391,True
BLDR,Industrials,8,VRT,Vertiv,Industrials,0.3884,False
BLDR,Industrials,9,SLB,Schlumberger,Energy,0.3819,True
BLDR,Industrials,10,HAL,Halliburton,Energy,0.3815,True
BG,Consumer Staples,1,ADM,Archer Daniels Midland,Consumer Staples,0.5559,False
BG,Consumer Staples,2,MPC,Marathon Petroleum,Energy,0.5212,True
BG,Consumer Staples,3,GIS,General Mills,Consumer Staples,0.5066,False
BG,Consumer Staples,4,IFF,International Flavors & Fragrances,Materials,0.4897,True
BG,Consumer Staples,5,HRL,Hormel Foods,Consumer Staples,0.4828,False
BG,Consumer Staples,6,TSCO,Tractor Supply,Consumer Discretionary,0.476,True
BG,Consumer Staples,7,HAL,Halliburton,Energy,0.4609,True
BG,Consumer Staples,8,TRGP,Targa Resources,Energy,0.4587,True
BG,Consumer Staples,9,DE,Deere & Company,Industrials,0.455,True
BG,Consumer Staples,10,PSX,Phillips 66,Energy,0.4522,True
BXP,Real Estate,1,EQR,Equity Residential,Real Estate,0.5235,False
BXP,Real Estate,2,CBRE,CBRE Group,Real Estate,0.5146,False
BXP,Real Estate,3,KIM,Kimco Realty,Real Estate,0.4582,False
BXP,Real Estate,4,BX,Blackstone Inc.,Financials,0.4514,True
BXP,Real Estate,5,PLD,Prologis,Real Estate,0.4391,False
BXP,Real Estate,6,AVB,AvalonBay Communities,Real Estate,0.4363,False
BXP,Real Estate,7,INVH,Invitation Homes,Real Estate,0.4266,False
BXP,Real Estate,8,ESS,Essex Property Trust,Real Estate,0.4251,False
BXP,Real Estate,9,AMT,American Tower,Real Estate,0.4242,False
BXP,Real Estate,10,SPG,Simon Property Group,Real Estate,0.4193,False
CHRW,Industrials,1,FDX,FedEx,Industrials,0.5237,False
CHRW,Industrials,2,UPS,United Parcel Service,Industrials,0.5047,False
CHRW,Industrials,3,EXPD,Expeditors International,Industrials,0.4997,False
CHRW,Industrials,4,PKG,Packaging Corporation of America,Materials,0.4752,True
CHRW,Industrials,5,KR,Kroger,Consumer Staples,0.4733,True
CHRW,Industrials,6,UBER,Uber,Industrials,0.4713,False
CHRW,Industrials,7,TSCO,Tractor Supply,Consumer Discretionary,0.4665,True
CHRW,Industrials,8,IP,International Paper,Materials,0.4626,True
CHRW,Industrials,9,COST,Costco,Consumer Staples,0.4625,True
CHRW,Industrials,10,JBHT,J.B. Hunt,Industrials,0.4559,False
CDNS,Information Technology,1,SNPS,Synopsys,Information Technology,0.5515,False
CDNS,Information Technology,2,INTC,Intel,Information Technology,0.5386,False
CDNS,Information Technology,3,PLTR,Palantir Technologies,Information Technology,0.5195,False
CDNS,Information Technology,4,MCHP,Microchip Technology,Information Technology,0.5062,False
CDNS,Information Technology,5,AMD,Advanced Micro Devices,Information Technology,0.4986,False
CDNS,Information Technology,6,PANW,Palo Alto Networks,Information Technology,0.4768,False
CDNS,Information Technology,7,PTC,PTC Inc.,Information Technology,0.472,False
CDNS,Information Technology,8,TER,Teradyne,Information Technology,0.4699,False
CDNS,Information Technology,9,VRT,Vertiv,Industrials,0.4689,True
CDNS,Information Technology,10,TXN,Texas Instruments,Information Technology,0.4626,False
CPT,Real Estate,1,ESS,Essex Property Trust,Real Estate,0.6104,False
CPT,Real Estate,2,EQR,Equity Residential,Real Estate,0.5219,False
CPT,Real Estate,3,AVB,AvalonBay Communities,Real Estate,0.5097,False
CPT,Real Estate,4,REG,Regency Centers,Real Estate,0.4874,False
CPT,Real Estate,5,PSA,Public Storage,Real Estate,0.4728,False
CPT,Real Estate,6,ARE,Alexandria Real Estate Equities,Real Estate,0.456,False
CPT,Real Estate,7,UDR,"UDR, Inc.",Real Estate,0.4363,False
CPT,Real Estate,8,VICI,Vici Properties,Real Estate,0.4361,False
CPT,Real Estate,9,WELL,Welltower,Real Estate,0.4315,False
CPT,Real Estate,10,SPG,Simon Property Group,Real Estate,0.4263,False
CPB,Consumer Staples,1,HSY,Hershey Company (The),Consumer Staples,0.6589,False
CPB,Consumer Staples,2,CAG,Conagra Brands,Consumer Staples,0.6247,False
CPB,Consumer Staples,3,GIS,General Mills,Consumer Staples,0.6187,False
CPB,Consumer Staples,4,TSN,Tyson Foods,Consumer Staples,0.5567,False
CPB,Consumer Staples,5,KHC,Kraft Heinz,Consumer Staples,0.555,False
CPB,Consumer Staples,6,HRL,Hormel Foods,Consumer Staples,0.547,False
CPB,Consumer Staples,7,SJM,J.M. Smucker Company (The),Consumer Staples,0.5447,False
CPB,Consumer Staples,8,IFF,International Flavors & Fragrances,Materials,0.5392,True
CPB,Consumer Staples,9,MDLZ,Mondelez International,Consumer Staples,0.5272,False
CPB,Consumer Staples,10,DG,Dollar General,Consumer Staples,0.5047,False
COF,Financials,1,USB,U.S. Bancorp,Financials,0.567,False
COF,Financials,2,KEY,KeyCorp,Financials,0.5425,False
COF,Financials,3,JPM,JPMorgan Chase,Financials,0.5391,False
COF,Financials,4,MTB,M&T Bank,Financials,0.5357,False
COF,Financials,5,BNY,BNY Mellon,Financials,0.5339,False
COF,Financials,6,MS,Morgan Stanley,Financials,0.5332,False
COF,Financials,7,WFC,Wells Fargo,Financials,0.5326,False
COF,Financials,8,RF,Regions Financial Corporation,Financials,0.5266,False
COF,Financials,9,C,Citigroup,Financials,0.511,False
COF,Financials,10,CFG,Citizens Financial Group,Financials,0.5101,False
CAH,Health Care,1,CI,Cigna,Health Care,0.5362,False
CAH,Health Care,2,WST,West Pharmaceutical Services,Health Care,0.5344,False
CAH,Health Care,3,CVS,CVS Health,Health Care,0.531,False
CAH,Health Care,4,MCK,McKesson Corporation,Health Care,0.5241,False
CAH,Health Care,5,COR,Cencora,Health Care,0.5226,False
CAH,Health Care,6,BAX,Baxter International,Health Care,0.5028,False
CAH,Health Care,7,ELV,Elevance Health,Health Care,0.4951,False
CAH,Health Care,8,UNH,UnitedHealth Group,Health Care,0.4911,False
CAH,Health Care,9,ABT,Abbott Laboratories,Health Care,0.485,False
CAH,Health Care,10,BDX,Becton Dickinson,Health Care,0.4817,False
CCL,Consumer Discretionary,1,RCL,Royal Caribbean Group,Consumer Discretionary,0.6793,False
CCL,Consumer Discretionary,2,NCLH,Norwegian Cruise Line Holdings,Consumer Discretionary,0.5965,False
CCL,Consumer Discretionary,3,LVS,Las Vegas Sands,Consumer Discretionary,0.5329,False
CCL,Consumer Discretionary,4,MGM,MGM Resorts,Consumer Discretionary,0.499,False
CCL,Consumer Discretionary,5,HLT,Hilton Worldwide,Consumer Discretionary,0.4931,False
CCL,Consumer Discretionary,6,WYNN,Wynn Resorts,Consumer Discretionary,0.4563,False
CCL,Consumer Discretionary,7,MAR,Marriott International,Consumer Discretionary,0.4448,False
CCL,Consumer Discretionary,8,REG,Regency Centers,Real Estate,0.4247,True
CCL,Consumer Discretionary,9,VICI,Vici Properties,Real Estate,0.3949,True
CCL,Consumer Discretionary,10,BKNG,Booking Holdings,Consumer Discretionary,0.3919,False
CARR,Industrials,1,LII,Lennox International,Industrials,0.4767,False
CARR,Industrials,2,TEL,TE Connectivity,Information Technology,0.4762,True
CARR,Industrials,3,SPGI,S&P Global,Financials,0.4614,True
CARR,Industrials,4,TT,Trane Technologies,Industrials,0.4591,False
CARR,Industrials,5,CPAY,Corpay,Financials,0.4455,True
CARR,Industrials,6,GPN,Global Payments,Financials,0.4346,True
CARR,Industrials,7,HLT,Hilton Worldwide,Consumer Discretionary,0.4305,True
CARR,Industrials,8,CBOE,Cboe Global Markets,Financials,0.4273,True
CARR,Industrials,9,BR,Broadridge Financial Solutions,Industrials,0.4247,False
CARR,Industrials,10,CSCO,Cisco,Information Technology,0.4205,True
CVNA,Consumer Discretionary,1,F,Ford Motor Company,Consumer Discretionary,0.4949,False
CVNA,Consumer Discretionary,2,CPRT,Copart,Industrials,0.3883,True
CVNA,Consumer Discretionary,3,DASH,DoorDash,Consumer Discretionary,0.3805,False
CVNA,Consumer Discretionary,4,GM,General Motors,Consumer Discretionary,0.3682,False
CVNA,Consumer Discretionary,5,EQIX,Equinix,Real Estate,0.3671,True
CVNA,Consumer Discretionary,6,VICI,Vici Properties,Real Estate,0.3653,True
CVNA,Consumer Discretionary,7,EBAY,eBay Inc.,Consumer Discretionary,0.3645,False
CVNA,Consumer Discretionary,8,UBER,Uber,Industrials,0.3409,True
CVNA,Consumer Discretionary,9,NVDA,Nvidia,Information Technology,0.3395,True
CVNA,Consumer Discretionary,10,CCL,Carnival Corporation,Consumer Discretionary,0.338,False
CASY,Consumer Staples,1,GIS,General Mills,Consumer Staples,0.5189,False
CASY,Consumer Staples,2,DG,Dollar General,Consumer Staples,0.4959,False
CASY,Consumer Staples,3,HSY,Hershey Company (The),Consumer Staples,0.462,False
CASY,Consumer Staples,4,MCD,McDonald's,Consumer Discretionary,0.4564,True
CASY,Consumer Staples,5,KR,Kroger,Consumer Staples,0.4537,False
CASY,Consumer Staples,6,KHC,Kraft Heinz,Consumer Staples,0.4496,False
CASY,Consumer Staples,7,CPB,Campbell's Company (The),Consumer Staples,0.4479,False
CASY,Consumer Staples,8,CAG,Conagra Brands,Consumer Staples,0.4307,False
CASY,Consumer Staples,9,MKC,McCormick & Company,Consumer Staples,0.4276,False
CASY,Consumer Staples,10,KDP,Keurig Dr Pepper,Consumer Staples,0.426,False
CAT,Industrials,1,BKR,Baker Hughes,Energy,0.6081,True
CAT,Industrials,2,DE,Deere & Company,Industrials,0.5492,False
CAT,Industrials,3,DOV,Dover Corporation,Industrials,0.5318,False
CAT,Industrials,4,HAL,Halliburton,Energy,0.5317,True
CAT,Industrials,5,PWR,Quanta Services,Industrials,0.5048,False
CAT,Industrials,6,JBHT,J.B. Hunt,Industrials,0.5023,False
CAT,Industrials,7,SLB,Schlumberger,Energy,0.4913,True
CAT,Industrials,8,TSCO,Tractor Supply,Consumer Discretionary,0.4908,True
CAT,Industrials,9,HON,Honeywell,Industrials,0.4823,False
CAT,Industrials,10,GNRC,Generac,Industrials,0.4822,False
CBOE,Financials,1,ICE,Intercontinental Exchange,Financials,0.5967,False
CBOE,Financials,2,IBKR,Interactive Brokers,Financials,0.5902,False
CBOE,Financials,3,BR,Broadridge Financial Solutions,Industrials,0.5738,True
CBOE,Financials,4,C,Citigroup,Financials,0.5492,False
CBOE,Financials,5,BAC,Bank of America,Financials,0.5388,False
CBOE,Financials,6,RJF,Raymond James Financial,Financials,0.529,False
CBOE,Financials,7,CBRE,CBRE Group,Real Estate,0.5192,True
CBOE,Financials,8,SPGI,S&P Global,Financials,0.4893,False
CBOE,Financials,9,STT,State Street Corporation,Financials,0.4836,False
CBOE,Financials,10,CME,CME Group,Financials,0.4766,False
CBRE,Real Estate,1,RJF,Raymond James Financial,Financials,0.61,True
CBRE,Real Estate,2,NTRS,Northern Trust,Financials,0.5672,True
CBRE,Real Estate,3,C,Citigroup,Financials,0.548,True
CBRE,Real Estate,4,CSGP,CoStar Group,Real Estate,0.5478,False
CBRE,Real Estate,5,APO,Apollo Global Management,Financials,0.5437,True
CBRE,Real Estate,6,RF,Regions Financial Corporation,Financials,0.5351,True
CBRE,Real Estate,7,BAC,Bank of America,Financials,0.5324,True
CBRE,Real Estate,8,TRV,Travelers Companies (The),Financials,0.5245,True
CBRE,Real Estate,9,CBOE,Cboe Global Markets,Financials,0.5192,True
CBRE,Real Estate,10,BX,Blackstone Inc.,Financials,0.5166,True
CDW,Information Technology,1,CSCO,Cisco,Information Technology,0.483,False
CDW,Information Technology,2,ORCL,Oracle Corporation,Information Technology,0.4751,False
CDW,Information Technology,3,DELL,Dell Technologies,Information Technology,0.4515,False
CDW,Information Technology,4,APTV,Aptiv,Consumer Discretionary,0.4463,True
CDW,Information Technology,5,WDC,Western Digital,Information Technology,0.443,False
CDW,Information Technology,6,ON,ON Semiconductor,Information Technology,0.4364,False
CDW,Information Technology,7,PTC,PTC Inc.,Information Technology,0.4352,False
CDW,Information Technology,8,CPAY,Corpay,Financials,0.4349,True
CDW,Information Technology,9,AVGO,Broadcom,Information Technology,0.4268,False
CDW,Information Technology,10,TTD,Trade Desk (The),Communication Services,0.4232,True
COR,Health Care,1,CVS,CVS Health,Health Care,0.587,False
COR,Health Care,2,WST,West Pharmaceutical Services,Health Care,0.5836,False
COR,Health Care,3,MCK,McKesson Corporation,Health Care,0.5661,False
COR,Health Care,4,VTRS,Viatris,Health Care,0.5649,False
COR,Health Care,5,CI,Cigna,Health Care,0.5599,False
COR,Health Care,6,ELV,Elevance Health,Health Care,0.5478,False
COR,Health Care,7,MRK,Merck & Co.,Health Care,0.537,False
COR,Health Care,8,CAH,Cardinal Health,Health Care,0.5226,False
COR,Health Care,9,IQV,IQVIA,Health Care,0.5201,False
COR,Health Care,10,HSIC,Henry Schein,Health Care,0.5088,False
CNC,Health Care,1,UNH,UnitedHealth Group,Health Care,0.5878,False
CNC,Health Care,2,CVS,CVS Health,Health Care,0.5816,False
CNC,Health Care,3,CI,Cigna,Health Care,0.5418,False
CNC,Health Care,4,HUM,Humana,Health Care,0.5288,False
CNC,Health Care,5,ELV,Elevance Health,Health Care,0.5211,False
CNC,Health Care,6,MCK,McKesson Corporation,Health Care,0.5156,False
CNC,Health Care,7,TRV,Travelers Companies (The),Financials,0.5028,True
CNC,Health Care,8,COR,Cencora,Health Care,0.4752,False
CNC,Health Care,9,PRU,Prudential Financial,Financials,0.4661,True
CNC,Health Care,10,L,Loews Corporation,Financials,0.4604,True
CNP,Utilities,1,CMS,CMS Energy,Utilities,0.6307,False
CNP,Utilities,2,WEC,WEC Energy Group,Utilities,0.6049,False
CNP,Utilities,3,PEG,Public Service Enterprise Group,Utilities,0.5862,False
CNP,Utilities,4,NI,NiSource,Utilities,0.5846,False
CNP,Utilities,5,SO,Southern Company,Utilities,0.5833,False
CNP,Utilities,6,WMB,Williams Companies,Energy,0.5758,True
CNP,Utilities,7,DTE,DTE Energy,Utilities,0.5675,False
CNP,Utilities,8,ATO,Atmos Energy,Utilities,0.5639,False
CNP,Utilities,9,LNT,Alliant Energy,Utilities,0.5568,False
CNP,Utilities,10,XEL,Xcel Energy,Utilities,0.5563,False
CF,Materials,1,APD,Air Products,Materials,0.5457,False
CF,Materials,2,LIN,Linde plc,Materials,0.5153,False
CF,Materials,3,PH,Parker Hannifin,Industrials,0.4432,True
CF,Materials,4,NSC,Norfolk Southern,Industrials,0.4375,True
CF,Materials,5,MOS,Mosaic Company (The),Materials,0.4271,False
CF,Materials,6,NI,NiSource,Utilities,0.4249,True
CF,Materials,7,GIS,General Mills,Consumer Staples,0.4185,True
CF,Materials,8,AZO,AutoZone,Consumer Discretionary,0.4137,True
CF,Materials,9,NEM,Newmont,Materials,0.412,False
CF,Materials,10,LOW,Lowe's,Consumer Discretionary,0.41,True
CRL,Health Care,1,TECH,Bio-Techne,Health Care,0.5446,False
CRL,Health Care,2,DHR,Danaher Corporation,Health Care,0.5215,False
CRL,Health Care,3,WAT,Waters Corporation,Health Care,0.5058,False
CRL,Health Care,4,ABT,Abbott Laboratories,Health Care,0.494,False
CRL,Health Care,5,IDXX,Idexx Laboratories,Health Care,0.4856,False
CRL,Health Care,6,BIIB,Biogen,Health Care,0.4811,False
CRL,Health Care,7,TMO,Thermo Fisher Scientific,Health Care,0.4809,False
CRL,Health Care,8,WST,West Pharmaceutical Services,Health Care,0.473,False
CRL,Health Care,9,BMY,Bristol Myers Squibb,Health Care,0.469,False
CRL,Health Care,10,GILD,Gilead Sciences,Health Care,0.4654,False
SCHW,Financials,1,BNY,BNY Mellon,Financials,0.6471,False
SCHW,Financials,2,RJF,Raymond James Financial,Financials,0.6325,False
SCHW,Financials,3,GS,Goldman Sachs,Financials,0.6279,False
SCHW,Financials,4,MS,Morgan Stanley,Financials,0.6164,False
SCHW,Financials,5,HOOD,Robinhood Markets,Financials,0.5659,False
SCHW,Financials,6,HBAN,Huntington Bancshares,Financials,0.5455,False
SCHW,Financials,7,USB,U.S. Bancorp,Financials,0.5439,False
SCHW,Financials,8,C,Citigroup,Financials,0.5432,False
SCHW,Financials,9,RF,Regions Financial Corporation,Financials,0.5395,False
SCHW,Financials,10,AMP,Ameriprise Financial,Financials,0.5381,False
CHTR,Communication Services,1,CMCSA,Comcast,Communication Services,0.5523,False
CHTR,Communication Services,2,VZ,Verizon,Communication Services,0.5398,False
CHTR,Communication Services,3,T,AT&T,Communication Services,0.5385,False
CHTR,Communication Services,4,SATS,EchoStar,Communication Services,0.5364,False
CHTR,Communication Services,5,FOXA,Fox Corporation (Class A),Communication Services,0.4975,False
CHTR,Communication Services,6,FOX,Fox Corporation (Class B),Communication Services,0.4975,False
CHTR,Communication Services,7,CSCO,Cisco,Information Technology,0.4951,True
CHTR,Communication Services,8,WBD,Warner Bros. Discovery,Communication Services,0.4897,False
CHTR,Communication Services,9,PSKY,Paramount Skydance Corporation,Communication Services,0.4655,False
CHTR,Communication Services,10,AMT,American Tower,Real Estate,0.4412,True
CVX,Energy,1,XOM,ExxonMobil,Energy,0.6587,False
CVX,Energy,2,MPC,Marathon Petroleum,Energy,0.6037,False
CVX,Energy,3,KMI,Kinder Morgan,Energy,0.5694,False
CVX,Energy,4,WMB,Williams Companies,Energy,0.5198,False
CVX,Energy,5,PSX,Phillips 66,Energy,0.5095,False
CVX,Energy,6,BKR,Baker Hughes,Energy,0.481,False
CVX,Energy,7,PCAR,Paccar,Industrials,0.4793,True
CVX,Energy,8,VST,Vistra Corp.,Utilities,0.4757,True
CVX,Energy,9,VLO,Valero Energy,Energy,0.4742,False
CVX,Energy,10,OXY,Occidental Petroleum,Energy,0.4673,False
CMG,Consumer Discretionary,1,CAG,Conagra Brands,Consumer Staples,0.488,True
CMG,Consumer Discretionary,2,TSN,Tyson Foods,Consumer Staples,0.4711,True
CMG,Consumer Discretionary,3,YUM,Yum! Brands,Consumer Discretionary,0.4379,False
CMG,Consumer Discretionary,4,MCD,McDonald's,Consumer Discretionary,0.4247,False
CMG,Consumer Discretionary,5,MDLZ,Mondelez International,Consumer Staples,0.4182,True
CMG,Consumer Discretionary,6,CPB,Campbell's Company (The),Consumer Staples,0.4069,True
CMG,Consumer Discretionary,7,DPZ,Domino's,Consumer Discretionary,0.4023,False
CMG,Consumer Discretionary,8,GIS,General Mills,Consumer Staples,0.3958,True
CMG,Consumer Discretionary,9,KHC,Kraft Heinz,Consumer Staples,0.3951,True
CMG,Consumer Discretionary,10,HRL,Hormel Foods,Consumer Staples,0.3895,True
CB,Financials,1,TRV,Travelers Companies (The),Financials,0.571,False
CB,Financials,2,L,Loews Corporation,Financials,0.5675,False
CB,Financials,3,CINF,Cincinnati Financial,Financials,0.5586,False
CB,Financials,4,WRB,W. R. Berkley Corporation,Financials,0.5424,False
CB,Financials,5,BRO,Brown & Brown,Financials,0.5186,False
CB,Financials,6,HIG,Hartford (The),Financials,0.5029,False
CB,Financials,7,PRU,Prudential Financial,Financials,0.4946,False
CB,Financials,8,AIG,American International Group,Financials,0.453,False
CB,Financials,9,AJG,Arthur J. Gallagher & Co.,Financials,0.4497,False
CB,Financials,10,ALL,Allstate,Financials,0.4495,False
CHD,Consumer Staples,1,PG,Procter & Gamble,Consumer Staples,0.6331,False
CHD,Consumer Staples,2,CLX,Clorox,Consumer Staples,0.5835,False
CHD,Consumer Staples,3,CL,Colgate-Palmolive,Consumer Staples,0.5354,False
CHD,Consumer Staples,4,KMB,Kimberly-Clark,Consumer Staples,0.5048,False
CHD,Consumer Staples,5,KVUE,Kenvue,Consumer Staples,0.5018,False
CHD,Consumer Staples,6,MRK,Merck & Co.,Health Care,0.4703,True
CHD,Consumer Staples,7,HSY,Hershey Company (The),Consumer Staples,0.4568,False
CHD,Consumer Staples,8,KDP,Keurig Dr Pepper,Consumer Staples,0.4478,False
CHD,Consumer Staples,9,DG,Dollar General,Consumer Staples,0.4452,False
CHD,Consumer Staples,10,SJM,J.M. Smucker Company (The),Consumer Staples,0.4289,False
CIEN,Information Technology,1,IBM,IBM,Information Technology,0.5309,False
CIEN,Information Technology,2,CSCO,Cisco,Information Technology,0.5284,False
CIEN,Information Technology,3,AVGO,Broadcom,Information Technology,0.512,False
CIEN,Information Technology,4,DELL,Dell Technologies,Information Technology,0.5058,False
CIEN,Information Technology,5,BR,Broadridge Financial Solutions,Industrials,0.5034,True
CIEN,Information Technology,6,SMCI,Supermicro,Information Technology,0.4896,False
CIEN,Information Technology,7,PTC,PTC Inc.,Information Technology,0.4727,False
CIEN,Information Technology,8,CRM,Salesforce,Information Technology,0.4669,False
CIEN,Information Technology,9,GRMN,Garmin,Consumer Discretionary,0.4657,True
CIEN,Information Technology,10,CTSH,Cognizant,Information Technology,0.464,False
CI,Health Care,1,CVS,CVS Health,Health Care,0.6405,False
CI,Health Care,2,UNH,UnitedHealth Group,Health Care,0.6387,False
CI,Health Care,3,ELV,Elevance Health,Health Care,0.5627,False
CI,Health Care,4,COR,Cencora,Health Care,0.5599,False
CI,Health Care,5,VTRS,Viatris,Health Care,0.5559,False
CI,Health Care,6,CNC,Centene Corporation,Health Care,0.5418,False
CI,Health Care,7,CAH,Cardinal Health,Health Care,0.5362,False
CI,Health Care,8,OMC,Omnicom Group,Communication Services,0.5076,True
CI,Health Care,9,C,Citigroup,Financials,0.5075,True
CI,Health Care,10,PRU,Prudential Financial,Financials,0.4958,True
CINF,Financials,1,WRB,W. R. Berkley Corporation,Financials,0.6185,False
CINF,Financials,2,HIG,Hartford (The),Financials,0.6015,False
CINF,Financials,3,TRV,Travelers Companies (The),Financials,0.587,False
CINF,Financials,4,CB,Chubb Limited,Financials,0.5586,False
CINF,Financials,5,PRU,Prudential Financial,Financials,0.5042,False
CINF,Financials,6,AIG,American International Group,Financials,0.5031,False
CINF,Financials,7,MET,MetLife,Financials,0.4762,False
CINF,Financials,8,L,Loews Corporation,Financials,0.4586,False
CINF,Financials,9,BRO,Brown & Brown,Financials,0.4442,False
CINF,Financials,10,VRSK,Verisk Analytics,Industrials,0.4356,True
CTAS,Industrials,1,CI,Cigna,Health Care,0.4209,True
CTAS,Industrials,2,CAG,Conagra Brands,Consumer Staples,0.4007,True
CTAS,Industrials,3,COR,Cencora,Health Care,0.3941,True
CTAS,Industrials,4,AFL,Aflac,Financials,0.3734,True
CTAS,Industrials,5,UHS,Universal Health Services,Health Care,0.3687,True
CTAS,Industrials,6,LOW,Lowe's,Consumer Discretionary,0.3645,True
CTAS,Industrials,7,PGR,Progressive Corporation,Financials,0.3621,True
CTAS,Industrials,8,COO,Cooper Companies (The),Health Care,0.3532,True
CTAS,Industrials,9,COST,Costco,Consumer Staples,0.3519,True
CTAS,Industrials,10,DPZ,Domino's,Consumer Discretionary,0.3484,True
CSCO,Information Technology,1,TEL,TE Connectivity,Information Technology,0.5432,False
CSCO,Information Technology,2,AVGO,Broadcom,Information Technology,0.5377,False
CSCO,Information Technology,3,CIEN,Ciena,Information Technology,0.5284,False
CSCO,Information Technology,4,VZ,Verizon,Communication Services,0.5141,True
CSCO,Information Technology,5,T,AT&T,Communication Services,0.5141,True
CSCO,Information Technology,6,DELL,Dell Technologies,Information Technology,0.5093,False
CSCO,Information Technology,7,PWR,Quanta Services,Industrials,0.5072,True
CSCO,Information Technology,8,CHTR,Charter Communications,Communication Services,0.4951,True
CSCO,Information Technology,9,ROP,Roper Technologies,Information Technology,0.4947,False
CSCO,Information Technology,10,MSI,Motorola Solutions,Information Technology,0.4887,False
C,Financials,1,RJF,Raymond James Financial,Financials,0.7679,False
C,Financials,2,BNY,BNY Mellon,Financials,0.7372,False
C,Financials,3,PNC,PNC Financial Services,Financials,0.7346,False
C,Financials,4,GS,Goldman Sachs,Financials,0.7092,False
C,Financials,5,RF,Regions Financial Corporation,Financials,0.7086,False
C,Financials,6,BAC,Bank of America,Financials,0.6828,False
C,Financials,7,USB,U.S. Bancorp,Financials,0.6739,False
C,Financials,8,FITB,Fifth Third Bancorp,Financials,0.6528,False
C,Financials,9,CFG,Citizens Financial Group,Financials,0.6501,False
C,Financials,10,MS,Morgan Stanley,Financials,0.6475,False
CFG,Financials,1,C,Citigroup,Financials,0.6501,False
CFG,Financials,2,USB,U.S. Bancorp,Financials,0.6382,False
CFG,Financials,3,PNC,PNC Financial Services,Financials,0.6318,False
CFG,Financials,4,RJF,Raymond James Financial,Financials,0.6108,False
CFG,Financials,5,RF,Regions Financial Corporation,Financials,0.5971,False
CFG,Financials,6,FITB,Fifth Third Bancorp,Financials,0.5841,False
CFG,Financials,7,MTB,M&T Bank,Financials,0.5692,False
CFG,Financials,8,BNY,BNY Mellon,Financials,0.5621,False
CFG,Financials,9,BAC,Bank of America,Financials,0.5563,False
CFG,Financials,10,KEY,KeyCorp,Financials,0.5303,False
CLX,Consumer Staples,1,CHD,Church & Dwight,Consumer Staples,0.5835,False
CLX,Consumer Staples,2,KMB,Kimberly-Clark,Consumer Staples,0.5797,False
CLX,Consumer Staples,3,PG,Procter & Gamble,Consumer Staples,0.5752,False
CLX,Consumer Staples,4,CL,Colgate-Palmolive,Consumer Staples,0.5603,False
CLX,Consumer Staples,5,GIS,General Mills,Consumer Staples,0.516,False
CLX,Consumer Staples,6,DG,Dollar General,Consumer Staples,0.5069,False
CLX,Consumer Staples,7,ECL,Ecolab,Materials,0.4912,True
CLX,Consumer Staples,8,MAS,Masco,Industrials,0.4753,True
CLX,Consumer Staples,9,MRK,Merck & Co.,Health Care,0.4678,True
CLX,Consumer Staples,10,HSIC,Henry Schein,Health Care,0.464,True
CME,Financials,1,CBOE,Cboe Global Markets,Financials,0.4766,False
CME,Financials,2,TROW,T. Rowe Price,Financials,0.4526,False
CME,Financials,3,SCHW,Charles Schwab Corporation,Financials,0.4276,False
CME,Financials,4,CBRE,CBRE Group,Real Estate,0.4157,True
CME,Financials,5,BKNG,Booking Holdings,Consumer Discretionary,0.4097,True
CME,Financials,6,TKO,TKO Group Holdings,Communication Services,0.4038,True
CME,Financials,7,KIM,Kimco Realty,Real Estate,0.3936,True
CME,Financials,8,ICE,Intercontinental Exchange,Financials,0.3934,False
CME,Financials,9,JCI,Johnson Controls,Industrials,0.3839,True
CME,Financials,10,IVZ,Invesco,Financials,0.3713,False
CMS,Utilities,1,DTE,DTE Energy,Utilities,0.6362,False
CMS,Utilities,2,CNP,CenterPoint Energy,Utilities,0.6307,False
CMS,Utilities,3,PEG,Public Service Enterprise Group,Utilities,0.6112,False
CMS,Utilities,4,SRE,Sempra,Utilities,0.5872,False
CMS,Utilities,5,WEC,WEC Energy Group,Utilities,0.5708,False
CMS,Utilities,6,XEL,Xcel Energy,Utilities,0.5624,False
CMS,Utilities,7,NRG,NRG Energy,Utilities,0.549,False
CMS,Utilities,8,NI,NiSource,Utilities,0.5285,False
CMS,Utilities,9,AEP,American Electric Power,Utilities,0.5261,False
CMS,Utilities,10,LNT,Alliant Energy,Utilities,0.5234,False
KO,Consumer Staples,1,PEP,PepsiCo,Consumer Staples,0.6905,False
KO,Consumer Staples,2,MNST,Monster Beverage,Consumer Staples,0.6248,False
KO,Consumer Staples,3,KDP,Keurig Dr Pepper,Consumer Staples,0.623,False
KO,Consumer Staples,4,TAP,Molson Coors Beverage Company,Consumer Staples,0.5671,False
KO,Consumer Staples,5,HSY,Hershey Company (The),Consumer Staples,0.5236,False
KO,Consumer Staples,6,KHC,Kraft Heinz,Consumer Staples,0.4723,False
KO,Consumer Staples,7,STZ,Constellation Brands,Consumer Staples,0.4697,False
KO,Consumer Staples,8,IFF,International Flavors & Fragrances,Materials,0.4494,True
KO,Consumer Staples,9,CPB,Campbell's Company (The),Consumer Staples,0.4195,False
KO,Consumer Staples,10,MDLZ,Mondelez International,Consumer Staples,0.4118,False
CTSH,Information Technology,1,NOW,ServiceNow,Information Technology,0.5537,False
CTSH,Information Technology,2,CRWD,CrowdStrike,Information Technology,0.5159,False
CTSH,Information Technology,3,IBM,IBM,Information Technology,0.5116,False
CTSH,Information Technology,4,MSFT,Microsoft,Information Technology,0.5111,False
CTSH,Information Technology,5,FTV,Fortive,Industrials,0.4929,True
CTSH,Information Technology,6,DELL,Dell Technologies,Information Technology,0.4926,False
CTSH,Information Technology,7,ACN,Accenture,Information Technology,0.4813,False
CTSH,Information Technology,8,ROP,Roper Technologies,Information Technology,0.4777,False
CTSH,Information Technology,9,INTC,Intel,Information Technology,0.4754,False
CTSH,Information Technology,10,GEHC,GE HealthCare,Health Care,0.4711,True
COHR,Information Technology,1,LITE,Lumentum,Information Technology,0.5198,False
COHR,Information Technology,2,INTC,Intel,Information Technology,0.4189,False
COHR,Information Technology,3,Q,Qnity Electronics,Information Technology,0.4086,False
COHR,Information Technology,4,KLAC,KLA Corporation,Information Technology,0.3925,False
COHR,Information Technology,5,APH,Amphenol,Information Technology,0.391,False
COHR,Information Technology,6,GLW,Corning Inc.,Information Technology,0.3821,False
COHR,Information Technology,7,ITW,Illinois Tool Works,Industrials,0.379,True
COHR,Information Technology,8,DOV,Dover Corporation,Industrials,0.379,True
COHR,Information Technology,9,TDY,Teledyne Technologies,Information Technology,0.376,False
COHR,Information Technology,10,HWM,Howmet Aerospace,Industrials,0.3705,True
COIN,Financials,1,GPN,Global Payments,Financials,0.5267,False
COIN,Financials,2,BAC,Bank of America,Financials,0.4885,False
COIN,Financials,3,PYPL,PayPal,Financials,0.4549,False
COIN,Financials,4,COF,Capital One,Financials,0.4535,False
COIN,Financials,5,BNY,BNY Mellon,Financials,0.4384,False
COIN,Financials,6,CBOE,Cboe Global Markets,Financials,0.438,False
COIN,Financials,7,GS,Goldman Sachs,Financials,0.4304,False
COIN,Financials,8,V,Visa Inc.,Financials,0.4265,False
COIN,Financials,9,ICE,Intercontinental Exchange,Financials,0.4184,False
COIN,Financials,10,BLK,BlackRock,Financials,0.4136,False
CL,Consumer Staples,1,CLX,Clorox,Consumer Staples,0.5603,False
CL,Consumer Staples,2,PG,Procter & Gamble,Consumer Staples,0.5414,False
CL,Consumer Staples,3,MRK,Merck & Co.,Health Care,0.5396,True
CL,Consumer Staples,4,CHD,Church & Dwight,Consumer Staples,0.5354,False
CL,Consumer Staples,5,SJM,J.M. Smucker Company (The),Consumer Staples,0.5331,False
CL,Consumer Staples,6,GIS,General Mills,Consumer Staples,0.5165,False
CL,Consumer Staples,7,MKC,McCormick & Company,Consumer Staples,0.473,False
CL,Consumer Staples,8,SOLV,Solventum,Health Care,0.457,True
CL,Consumer Staples,9,HSY,Hershey Company (The),Consumer Staples,0.4483,False
CL,Consumer Staples,10,MAS,Masco,Industrials,0.4447,True
CMCSA,Communication Services,1,PSKY,Paramount Skydance Corporation,Communication Services,0.5728,False
CMCSA,Communication Services,2,DIS,Walt Disney Company (The),Communication Services,0.5565,False
CMCSA,Communication Services,3,CHTR,Charter Communications,Communication Services,0.5523,False
CMCSA,Communication Services,4,WBD,Warner Bros. Discovery,Communication Services,0.5159,False
CMCSA,Communication Services,5,FOXA,Fox Corporation (Class A),Communication Services,0.4915,False
CMCSA,Communication Services,6,FOX,Fox Corporation (Class B),Communication Services,0.4915,False
CMCSA,Communication Services,7,VZ,Verizon,Communication Services,0.4793,False
CMCSA,Communication Services,8,SATS,EchoStar,Communication Services,0.4791,False
CMCSA,Communication Services,9,LYV,Live Nation Entertainment,Communication Services,0.4526,False
CMCSA,Communication Services,10,ADBE,Adobe Inc.,Information Technology,0.4287,True
FIX,Industrials,1,LII,Lennox International,Industrials,0.5091,False
FIX,Industrials,2,RMD,ResMed,Health Care,0.4342,True
FIX,Industrials,3,TT,Trane Technologies,Industrials,0.4203,False
FIX,Industrials,4,FTV,Fortive,Industrials,0.4,False
FIX,Industrials,5,EME,Emcor,Industrials,0.3825,False
FIX,Industrials,6,URI,United Rentals,Industrials,0.3762,False
FIX,Industrials,7,HON,Honeywell,Industrials,0.3759,False
FIX,Industrials,8,ETN,Eaton Corporation,Industrials,0.3759,False
FIX,Industrials,9,HUBB,Hubbell Incorporated,Industrials,0.3645,False
FIX,Industrials,10,SYY,Sysco,Consumer Staples,0.3638,True
CAG,Consumer Staples,1,HRL,Hormel Foods,Consumer Staples,0.6327,False
CAG,Consumer Staples,2,CPB,Campbell's Company (The),Consumer Staples,0.6247,False
CAG,Consumer Staples,3,HSY,Hershey Company (The),Consumer Staples,0.5996,False
CAG,Consumer Staples,4,GIS,General Mills,Consumer Staples,0.5976,False
CAG,Consumer Staples,5,KHC,Kraft Heinz,Consumer Staples,0.5772,False
CAG,Consumer Staples,6,TSN,Tyson Foods,Consumer Staples,0.5659,False
CAG,Consumer Staples,7,MDLZ,Mondelez International,Consumer Staples,0.5579,False
CAG,Consumer Staples,8,SJM,J.M. Smucker Company (The),Consumer Staples,0.546,False
CAG,Consumer Staples,9,MKC,McCormick & Company,Consumer Staples,0.5132,False
CAG,Consumer Staples,10,YUM,Yum! Brands,Consumer Discretionary,0.5115,True
COP,Energy,1,OXY,Occidental Petroleum,Energy,0.5283,False
COP,Energy,2,XOM,ExxonMobil,Energy,0.478,False
COP,Energy,3,WMB,Williams Companies,Energy,0.4663,False
COP,Energy,4,ATO,Atmos Energy,Utilities,0.4264,True
COP,Energy,5,VST,Vistra Corp.,Utilities,0.4261,True
COP,Energy,6,DVN,Devon Energy,Energy,0.4243,False
COP,Energy,7,CVX,Chevron Corporation,Energy,0.421,False
COP,Energy,8,CNP,CenterPoint Energy,Utilities,0.4195,True
COP,Energy,9,EXE,Expand Energy,Energy,0.4117,False
COP,Energy,10,PSX,Phillips 66,Energy,0.4064,False
ED,Utilities,1,EIX,Edison International,Utilities,0.6764,False
ED,Utilities,2,AEP,American Electric Power,Utilities,0.5555,False
ED,Utilities,3,WEC,WEC Energy Group,Utilities,0.5486,False
ED,Utilities,4,CNP,CenterPoint Energy,Utilities,0.5481,False
ED,Utilities,5,PEG,Public Service Enterprise Group,Utilities,0.5207,False
ED,Utilities,6,CMS,CMS Energy,Utilities,0.4954,False
ED,Utilities,7,LNT,Alliant Energy,Utilities,0.4841,False
ED,Utilities,8,D,Dominion Energy,Utilities,0.4779,False
ED,Utilities,9,AEE,Ameren,Utilities,0.4723,False
ED,Utilities,10,DTE,DTE Energy,Utilities,0.47,False
STZ,Consumer Staples,1,TAP,Molson Coors Beverage Company,Consumer Staples,0.5744,False
STZ,Consumer Staples,2,CEG,Constellation Energy,Utilities,0.551,True
STZ,Consumer Staples,3,KO,Coca-Cola Company (The),Consumer Staples,0.4697,False
STZ,Consumer Staples,4,MNST,Monster Beverage,Consumer Staples,0.4626,False
STZ,Consumer Staples,5,MKC,McCormick & Company,Consumer Staples,0.4305,False
STZ,Consumer Staples,6,KDP,Keurig Dr Pepper,Consumer Staples,0.4231,False
STZ,Consumer Staples,7,BF.B,Brown–Forman,Consumer Staples,0.4217,False
STZ,Consumer Staples,8,MAR,Marriott International,Consumer Discretionary,0.4196,True
STZ,Consumer Staples,9,VLO,Valero Energy,Energy,0.4105,True
STZ,Consumer Staples,10,PEP,PepsiCo,Consumer Staples,0.4066,False
CEG,Utilities,1,STZ,Constellation Brands,Consumer Staples,0.551,True
CEG,Utilities,2,XEL,Xcel Energy,Utilities,0.5149,False
CEG,Utilities,3,AES,AES Corporation,Utilities,0.5068,False
CEG,Utilities,4,ETR,Entergy,Utilities,0.5008,False
CEG,Utilities,5,PEG,Public Service Enterprise Group,Utilities,0.4854,False
CEG,Utilities,6,D,Dominion Energy,Utilities,0.4705,False
CEG,Utilities,7,NRG,NRG Energy,Utilities,0.4679,False
CEG,Utilities,8,CMS,CMS Energy,Utilities,0.4668,False
CEG,Utilities,9,NEE,NextEra Energy,Utilities,0.4628,False
CEG,Utilities,10,WEC,WEC Energy Group,Utilities,0.461,False
COO,Health Care,1,DGX,Quest Diagnostics,Health Care,0.4155,False
COO,Health Care,2,JNJ,Johnson & Johnson,Health Care,0.41,False
COO,Health Care,3,HSIC,Henry Schein,Health Care,0.4064,False
COO,Health Care,4,SWKS,Skyworks Solutions,Information Technology,0.4013,True
COO,Health Care,5,EW,Edwards Lifesciences,Health Care,0.3924,False
COO,Health Care,6,NDSN,Nordson Corporation,Industrials,0.3885,True
COO,Health Care,7,SYK,Stryker Corporation,Health Care,0.3841,False
COO,Health Care,8,POOL,Pool Corporation,Consumer Discretionary,0.3765,True
COO,Health Care,9,ALGN,Align Technology,Health Care,0.3741,False
COO,Health Care,10,DOV,Dover Corporation,Industrials,0.3713,True
CPRT,Industrials,1,INTU,Intuit,Information Technology,0.5316,True
CPRT,Industrials,2,PCAR,Paccar,Industrials,0.4861,False
CPRT,Industrials,3,F,Ford Motor Company,Consumer Discretionary,0.4861,True
CPRT,Industrials,4,ORLY,O’Reilly Automotive,Consumer Discretionary,0.4467,True
CPRT,Industrials,5,CSGP,CoStar Group,Real Estate,0.4365,True
CPRT,Industrials,6,SYF,Synchrony Financial,Financials,0.4326,True
CPRT,Industrials,7,GPC,Genuine Parts Company,Consumer Discretionary,0.4284,True
CPRT,Industrials,8,C,Citigroup,Financials,0.4241,True
CPRT,Industrials,9,CRM,Salesforce,Information Technology,0.4195,True
CPRT,Industrials,10,CIEN,Ciena,Information Technology,0.4159,True
GLW,Information Technology,1,Q,Qnity Electronics,Information Technology,0.476,False
GLW,Information Technology,2,DOV,Dover Corporation,Industrials,0.4597,True
GLW,Information Technology,3,KLAC,KLA Corporation,Information Technology,0.4488,False
GLW,Information Technology,4,DD,DuPont,Materials,0.4465,True
GLW,Information Technology,5,AMAT,Applied Materials,Information Technology,0.4436,False
GLW,Information Technology,6,DOW,Dow Inc.,Materials,0.4432,True
GLW,Information Technology,7,PPG,PPG Industries,Materials,0.4357,True
GLW,Information Technology,8,MMM,3M,Industrials,0.4347,True
GLW,Information Technology,9,TXN,Texas Instruments,Information Technology,0.4343,False
GLW,Information Technology,10,ADM,Archer Daniels Midland,Consumer Staples,0.429,True
CPAY,Financials,1,UBER,Uber,Industrials,0.5178,True
CPAY,Financials,2,TFC,Truist Financial,Financials,0.4909,False
CPAY,Financials,3,GPN,Global Payments,Financials,0.4871,False
CPAY,Financials,4,SYF,Synchrony Financial,Financials,0.4733,False
CPAY,Financials,5,BKNG,Booking Holdings,Consumer Discretionary,0.4572,True
CPAY,Financials,6,NOW,ServiceNow,Information Technology,0.4539,True
CPAY,Financials,7,CARR,Carrier Global,Industrials,0.4455,True
CPAY,Financials,8,BR,Broadridge Financial Solutions,Industrials,0.4426,True
CPAY,Financials,9,JBHT,J.B. Hunt,Industrials,0.4395,True
CPAY,Financials,10,USB,U.S. Bancorp,Financials,0.4377,False
CTVA,Materials,1,MRK,Merck & Co.,Health Care,0.4239,True
CTVA,Materials,2,COR,Cencora,Health Care,0.3752,True
CTVA,Materials,3,CAG,Conagra Brands,Consumer Staples,0.372,True
CTVA,Materials,4,BIIB,Biogen,Health Care,0.3644,True
CTVA,Materials,5,HUM,Humana,Health Care,0.3443,True
CTVA,Materials,6,ECL,Ecolab,Materials,0.3433,False
CTVA,Materials,7,CTSH,Cognizant,Information Technology,0.3381,True
CTVA,Materials,8,MOS,Mosaic Company (The),Materials,0.338,False
CTVA,Materials,9,NVR,"NVR, Inc.",Consumer Discretionary,0.3336,True
CTVA,Materials,10,ADM,Archer Daniels Midland,Consumer Staples,0.3335,True
CSGP,Real Estate,1,CBRE,CBRE Group,Real Estate,0.5478,False
CSGP,Real Estate,2,HLT,Hilton Worldwide,Consumer Discretionary,0.5071,True
CSGP,Real Estate,3,BKNG,Booking Holdings,Consumer Discretionary,0.507,True
CSGP,Real Estate,4,PNC,PNC Financial Services,Financials,0.4787,True
CSGP,Real Estate,5,RJF,Raymond James Financial,Financials,0.478,True
CSGP,Real Estate,6,RF,Regions Financial Corporation,Financials,0.4711,True
CSGP,Real Estate,7,C,Citigroup,Financials,0.4649,True
CSGP,Real Estate,8,PCAR,Paccar,Industrials,0.4641,True
CSGP,Real Estate,9,VICI,Vici Properties,Real Estate,0.4591,False
CSGP,Real Estate,10,HST,Host Hotels & Resorts,Real Estate,0.4411,False
COST,Consumer Staples,1,KR,Kroger,Consumer Staples,0.536,False
COST,Consumer Staples,2,PEP,PepsiCo,Consumer Staples,0.5183,False
COST,Consumer Staples,3,DG,Dollar General,Consumer Staples,0.4838,False
COST,Consumer Staples,4,MDLZ,Mondelez International,Consumer Staples,0.4809,False
COST,Consumer Staples,5,TGT,Target Corporation,Consumer Staples,0.4798,False
COST,Consumer Staples,6,MKC,McCormick & Company,Consumer Staples,0.4695,False
COST,Consumer Staples,7,SYY,Sysco,Consumer Staples,0.4695,False
COST,Consumer Staples,8,WMT,Walmart,Consumer Staples,0.4669,False
COST,Consumer Staples,9,DECK,Deckers Brands,Consumer Discretionary,0.4636,True
COST,Consumer Staples,10,CHRW,C.H. Robinson,Industrials,0.4625,True
CRH,Materials,1,URI,United Rentals,Industrials,0.4966,True
CRH,Materials,2,TT,Trane Technologies,Industrials,0.4854,True
CRH,Materials,3,DOV,Dover Corporation,Industrials,0.4707,True
CRH,Materials,4,DOW,Dow Inc.,Materials,0.4498,False
CRH,Materials,5,BKR,Baker Hughes,Energy,0.4488,True
CRH,Materials,6,WM,Waste Management,Industrials,0.4466,True
CRH,Materials,7,PWR,Quanta Services,Industrials,0.439,True
CRH,Materials,8,ETN,Eaton Corporation,Industrials,0.4379,True
CRH,Materials,9,TEL,TE Connectivity,Information Technology,0.4373,True
CRH,Materials,10,LII,Lennox International,Industrials,0.4295,True
CRWD,Information Technology,1,NOW,ServiceNow,Information Technology,0.5652,False
CRWD,Information Technology,2,CTSH,Cognizant,Information Technology,0.5159,False
CRWD,Information Technology,3,PLTR,Palantir Technologies,Information Technology,0.4997,False
CRWD,Information Technology,4,IBM,IBM,Information Technology,0.4946,False
CRWD,Information Technology,5,AKAM,Akamai Technologies,Information Technology,0.4916,False
CRWD,Information Technology,6,CRM,Salesforce,Information Technology,0.4718,False
CRWD,Information Technology,7,PANW,Palo Alto Networks,Information Technology,0.4567,False
CRWD,Information Technology,8,SNPS,Synopsys,Information Technology,0.4422,False
CRWD,Information Technology,9,AVGO,Broadcom,Information Technology,0.4352,False
CRWD,Information Technology,10,DELL,Dell Technologies,Information Technology,0.4232,False
CCI,Real Estate,1,AMT,American Tower,Real Estate,0.5563,False
CCI,Real Estate,2,CPT,Camden Property Trust,Real Estate,0.3906,False
CCI,Real Estate,3,EQR,Equity Residential,Real Estate,0.3704,False
CCI,Real Estate,4,SBAC,SBA Communications,Real Estate,0.3664,False
CCI,Real Estate,5,CDW,CDW Corporation,Information Technology,0.354,True
CCI,Real Estate,6,CMCSA,Comcast,Communication Services,0.3505,True
CCI,Real Estate,7,TMUS,T-Mobile US,Communication Services,0.3498,True
CCI,Real Estate,8,EIX,Edison International,Utilities,0.3481,True
CCI,Real Estate,9,WELL,Welltower,Real Estate,0.3424,False
CCI,Real Estate,10,CHTR,Charter Communications,Communication Services,0.3379,True
CSX,Industrials,1,JBHT,J.B. Hunt,Industrials,0.5275,False
CSX,Industrials,2,FDX,FedEx,Industrials,0.5014,False
CSX,Industrials,3,LNT,Alliant Energy,Utilities,0.4949,True
CSX,Industrials,4,SRE,Sempra,Utilities,0.486,True
CSX,Industrials,5,NSC,Norfolk Southern,Industrials,0.4859,False
CSX,Industrials,6,CAT,Caterpillar Inc.,Industrials,0.4639,False
CSX,Industrials,7,CMS,CMS Energy,Utilities,0.4595,True
CSX,Industrials,8,CVX,Chevron Corporation,Energy,0.4564,True
CSX,Industrials,9,UBER,Uber,Industrials,0.4549,False
CSX,Industrials,10,MMM,3M,Industrials,0.4502,False
CMI,Industrials,1,GNRC,Generac,Industrials,0.5893,False
CMI,Industrials,2,NRG,NRG Energy,Utilities,0.5078,True
CMI,Industrials,3,ETN,Eaton Corporation,Industrials,0.5026,False
CMI,Industrials,4,GE,GE Aerospace,Industrials,0.4885,False
CMI,Industrials,5,TT,Trane Technologies,Industrials,0.484,False
CMI,Industrials,6,PWR,Quanta Services,Industrials,0.4744,False
CMI,Industrials,7,CAT,Caterpillar Inc.,Industrials,0.4737,False
CMI,Industrials,8,BKR,Baker Hughes,Energy,0.4709,True
CMI,Industrials,9,BRK.B,Berkshire Hathaway,Financials,0.4565,True
CMI,Industrials,10,IR,Ingersoll Rand,Industrials,0.4518,False
CVS,Health Care,1,UNH,UnitedHealth Group,Health Care,0.6844,False
CVS,Health Care,2,CI,Cigna,Health Care,0.6405,False
CVS,Health Care,3,ELV,Elevance Health,Health Care,0.6201,False
CVS,Health Care,4,COR,Cencora,Health Care,0.587,False
CVS,Health Care,5,CNC,Centene Corporation,Health Care,0.5816,False
CVS,Health Care,6,MCK,McKesson Corporation,Health Care,0.5487,False
CVS,Health Care,7,CAH,Cardinal Health,Health Care,0.531,False
CVS,Health Care,8,TRV,Travelers Companies (The),Financials,0.5191,True
CVS,Health Care,9,PRU,Prudential Financial,Financials,0.4838,True
CVS,Health Care,10,PFG,Principal Financial Group,Financials,0.481,True
DHR,Health Care,1,TECH,Bio-Techne,Health Care,0.7126,False
DHR,Health Care,2,A,Agilent Technologies,Health Care,0.5983,False
DHR,Health Care,3,TMO,Thermo Fisher Scientific,Health Care,0.5748,False
DHR,Health Care,4,CRL,Charles River Laboratories,Health Care,0.5215,False
DHR,Health Care,5,WAT,Waters Corporation,Health Care,0.4994,False
DHR,Health Care,6,COR,Cencora,Health Care,0.4797,False
DHR,Health Care,7,ECL,Ecolab,Materials,0.47,True
DHR,Health Care,8,IDXX,Idexx Laboratories,Health Care,0.4623,False
DHR,Health Care,9,WST,West Pharmaceutical Services,Health Care,0.4595,False
DHR,Health Care,10,DD,DuPont,Materials,0.4479,True
DRI,Consumer Discretionary,1,YUM,Yum! Brands,Consumer Discretionary,0.5287,False
DRI,Consumer Discretionary,2,MCD,McDonald's,Consumer Discretionary,0.4993,False
DRI,Consumer Discretionary,3,MKC,McCormick & Company,Consumer Staples,0.4492,True
DRI,Consumer Discretionary,4,TSN,Tyson Foods,Consumer Staples,0.4206,True
DRI,Consumer Discretionary,5,DPZ,Domino's,Consumer Discretionary,0.4051,False
DRI,Consumer Discretionary,6,REG,Regency Centers,Real Estate,0.3979,True
DRI,Consumer Discretionary,7,SYY,Sysco,Consumer Staples,0.3893,True
DRI,Consumer Discretionary,8,CMG,Chipotle Mexican Grill,Consumer Discretionary,0.3888,False
DRI,Consumer Discretionary,9,CPB,Campbell's Company (The),Consumer Staples,0.3638,True
DRI,Consumer Discretionary,10,AIZ,Assurant,Financials,0.3614,True
DDOG,Information Technology,1,NOW,ServiceNow,Information Technology,0.396,False
DDOG,Information Technology,2,CRM,Salesforce,Information Technology,0.3874,False
DDOG,Information Technology,3,PLTR,Palantir Technologies,Information Technology,0.3856,False
DDOG,Information Technology,4,CRWD,CrowdStrike,Information Technology,0.3622,False
DDOG,Information Technology,5,INTC,Intel,Information Technology,0.3456,False
DDOG,Information Technology,6,VEEV,Veeva Systems,Health Care,0.335,True
DDOG,Information Technology,7,CDW,CDW Corporation,Information Technology,0.3287,False
DDOG,Information Technology,8,NVDA,Nvidia,Information Technology,0.3237,False
DDOG,Information Technology,9,ZTS,Zoetis,Health Care,0.3229,True
DDOG,Information Technology,10,ORCL,Oracle Corporation,Information Technology,0.3226,False
DVA,Health Care,1,LH,Labcorp,Health Care,0.41,False
DVA,Health Care,2,CI,Cigna,Health Care,0.4009,False
DVA,Health Care,3,VEEV,Veeva Systems,Health Care,0.3866,False
DVA,Health Care,4,BAX,Baxter International,Health Care,0.3834,False
DVA,Health Care,5,GEN,Gen Digital,Information Technology,0.3696,True
DVA,Health Care,6,COR,Cencora,Health Care,0.3691,False
DVA,Health Care,7,PODD,Insulet Corporation,Health Care,0.3645,False
DVA,Health Care,8,UNH,UnitedHealth Group,Health Care,0.3626,False
DVA,Health Care,9,IQV,IQVIA,Health Care,0.359,False
DVA,Health Care,10,DOC,Healthpeak Properties,Real Estate,0.3572,True
DECK,Consumer Discretionary,1,NKE,"Nike, Inc.",Consumer Discretionary,0.4941,False
DECK,Consumer Discretionary,2,TJX,TJX Companies,Consumer Discretionary,0.4924,False
DECK,Consumer Discretionary,3,TSCO,Tractor Supply,Consumer Discretionary,0.487,False
DECK,Consumer Discretionary,4,COST,Costco,Consumer Staples,0.4636,True
DECK,Consumer Discretionary,5,MKC,McCormick & Company,Consumer Staples,0.4308,True
DECK,Consumer Discretionary,6,CLX,Clorox,Consumer Staples,0.4301,True
DECK,Consumer Discretionary,7,EXPE,Expedia Group,Consumer Discretionary,0.4234,False
DECK,Consumer Discretionary,8,SWK,Stanley Black & Decker,Industrials,0.4206,True
DECK,Consumer Discretionary,9,LOW,Lowe's,Consumer Discretionary,0.4195,False
DECK,Consumer Discretionary,10,LULU,Lululemon Athletica,Consumer Discretionary,0.4147,False
DE,Industrials,1,TSCO,Tractor Supply,Consumer Discretionary,0.5743,True
DE,Industrials,2,CAT,Caterpillar Inc.,Industrials,0.5492,False
DE,Industrials,3,SWK,Stanley Black & Decker,Industrials,0.4765,False
DE,Industrials,4,HAL,Halliburton,Energy,0.4764,True
DE,Industrials,5,SLB,Schlumberger,Energy,0.4638,True
DE,Industrials,6,JBHT,J.B. Hunt,Industrials,0.4633,False
DE,Industrials,7,BG,Bunge Global,Consumer Staples,0.455,True
DE,Industrials,8,PCAR,Paccar,Industrials,0.4345,False
DE,Industrials,9,SNA,Snap-on,Industrials,0.4174,False
DE,Industrials,10,ADM,Archer Daniels Midland,Consumer Staples,0.4153,True
DELL,Information Technology,1,AVGO,Broadcom,Information Technology,0.5542,False
DELL,Information Technology,2,SMCI,Supermicro,Information Technology,0.5265,False
DELL,Information Technology,3,IBM,IBM,Information Technology,0.5116,False
DELL,Information Technology,4,CSCO,Cisco,Information Technology,0.5093,False
DELL,Information Technology,5,INTC,Intel,Information Technology,0.5081,False
DELL,Information Technology,6,CIEN,Ciena,Information Technology,0.5058,False
DELL,Information Technology,7,ON,ON Semiconductor,Information Technology,0.5026,False
DELL,Information Technology,8,QCOM,Qualcomm,Information Technology,0.5007,False
DELL,Information Technology,9,CTSH,Cognizant,Information Technology,0.4926,False
DELL,Information Technology,10,STX,Seagate Technology,Information Technology,0.4925,False
DAL,Industrials,1,LUV,Southwest Airlines,Industrials,0.507,False
DAL,Industrials,2,BA,Boeing,Industrials,0.4862,False
DAL,Industrials,3,UAL,United Airlines Holdings,Industrials,0.4746,False
DAL,Industrials,4,APD,Air Products,Materials,0.3916,True
DAL,Industrials,5,MGM,MGM Resorts,Consumer Discretionary,0.3759,True
DAL,Industrials,6,CPAY,Corpay,Financials,0.3741,True
DAL,Industrials,7,AZO,AutoZone,Consumer Discretionary,0.3695,True
DAL,Industrials,8,JBHT,J.B. Hunt,Industrials,0.3669,False
DAL,Industrials,9,CEG,Constellation Energy,Utilities,0.3647,True
DAL,Industrials,10,CSX,CSX Corporation,Industrials,0.3635,False
DVN,Energy,1,FANG,Diamondback Energy,Energy,0.599,False
DVN,Energy,2,WMB,Williams Companies,Energy,0.5384,False
DVN,Energy,3,EXE,Expand Energy,Energy,0.483,False
DVN,Energy,4,ATO,Atmos Energy,Utilities,0.4513,True
DVN,Energy,5,APA,APA Corporation,Energy,0.4475,False
DVN,Energy,6,XOM,ExxonMobil,Energy,0.4369,False
DVN,Energy,7,NI,NiSource,Utilities,0.4356,True
DVN,Energy,8,TPL,Texas Pacific Land Corporation,Energy,0.4345,False
DVN,Energy,9,DUK,Duke Energy,Utilities,0.4288,True
DVN,Energy,10,CNP,CenterPoint Energy,Utilities,0.4254,True
DXCM,Health Care,1,GM,General Motors,Consumer Discretionary,0.4252,True
DXCM,Health Care,2,PODD,Insulet Corporation,Health Care,0.3856,False
DXCM,Health Care,3,LLY,Lilly (Eli),Health Care,0.3724,False
DXCM,Health Care,4,NVDA,Nvidia,Information Technology,0.3723,True
DXCM,Health Care,5,MCK,McKesson Corporation,Health Care,0.3591,False
DXCM,Health Care,6,PEP,PepsiCo,Consumer Staples,0.3469,True
DXCM,Health Care,7,GIS,General Mills,Consumer Staples,0.3462,True
DXCM,Health Care,8,BAC,Bank of America,Financials,0.3421,True
DXCM,Health Care,9,ELV,Elevance Health,Health Care,0.3383,False
DXCM,Health Care,10,ABT,Abbott Laboratories,Health Care,0.3322,False
FANG,Energy,1,DVN,Devon Energy,Energy,0.599,False
FANG,Energy,2,EXE,Expand Energy,Energy,0.4985,False
FANG,Energy,3,WMB,Williams Companies,Energy,0.4769,False
FANG,Energy,4,TPL,Texas Pacific Land Corporation,Energy,0.4555,False
FANG,Energy,5,APA,APA Corporation,Energy,0.4384,False
FANG,Energy,6,VST,Vistra Corp.,Utilities,0.4371,True
FANG,Energy,7,XEL,Xcel Energy,Utilities,0.4266,True
FANG,Energy,8,VLO,Valero Energy,Energy,0.3937,False
FANG,Energy,9,ES,Eversource Energy,Utilities,0.3929,True
FANG,Energy,10,ATO,Atmos Energy,Utilities,0.3813,True
DLR,Real Estate,1,FRT,Federal Realty Investment Trust,Real Estate,0.6474,False
DLR,Real Estate,2,KIM,Kimco Realty,Real Estate,0.5815,False
DLR,Real Estate,3,AMT,American Tower,Real Estate,0.4689,False
DLR,Real Estate,4,O,Realty Income,Real Estate,0.4549,False
DLR,Real Estate,5,FDS,FactSet,Financials,0.4514,True
DLR,Real Estate,6,WDC,Western Digital,Information Technology,0.4308,True
DLR,Real Estate,7,REG,Regency Centers,Real Estate,0.4199,False
DLR,Real Estate,8,CDW,CDW Corporation,Information Technology,0.4113,True
DLR,Real Estate,9,CPT,Camden Property Trust,Real Estate,0.4103,False
DLR,Real Estate,10,FIS,Fidelity National Information Services,Financials,0.3991,True
DG,Consumer Staples,1,GIS,General Mills,Consumer Staples,0.66,False
DG,Consumer Staples,2,WMT,Walmart,Consumer Staples,0.595,False
DG,Consumer Staples,3,DLTR,Dollar Tree,Consumer Staples,0.5764,False
DG,Consumer Staples,4,HSY,Hershey Company (The),Consumer Staples,0.5702,False
DG,Consumer Staples,5,TGT,Target Corporation,Consumer Staples,0.5635,False
DG,Consumer Staples,6,KR,Kroger,Consumer Staples,0.5213,False
DG,Consumer Staples,7,TSCO,Tractor Supply,Consumer Discretionary,0.5164,True
DG,Consumer Staples,8,MDLZ,Mondelez International,Consumer Staples,0.5135,False
DG,Consumer Staples,9,CLX,Clorox,Consumer Staples,0.5069,False
DG,Consumer Staples,10,HRL,Hormel Foods,Consumer Staples,0.5053,False
DLTR,Consumer Staples,1,DG,Dollar General,Consumer Staples,0.5764,False
DLTR,Consumer Staples,2,WMT,Walmart,Consumer Staples,0.4442,False
DLTR,Consumer Staples,3,TGT,Target Corporation,Consumer Staples,0.4139,False
DLTR,Consumer Staples,4,EBAY,eBay Inc.,Consumer Discretionary,0.3911,True
DLTR,Consumer Staples,5,KR,Kroger,Consumer Staples,0.3879,False
DLTR,Consumer Staples,6,ROST,Ross Stores,Consumer Discretionary,0.3726,True
DLTR,Consumer Staples,7,HSY,Hershey Company (The),Consumer Staples,0.3686,False
DLTR,Consumer Staples,8,IP,International Paper,Materials,0.3556,True
DLTR,Consumer Staples,9,PKG,Packaging Corporation of America,Materials,0.3529,True
DLTR,Consumer Staples,10,TTD,Trade Desk (The),Communication Services,0.3465,True
D,Utilities,1,DUK,Duke Energy,Utilities,0.632,False
D,Utilities,2,AES,AES Corporation,Utilities,0.5629,False
D,Utilities,3,SO,Southern Company,Utilities,0.544,False
D,Utilities,4,XEL,Xcel Energy,Utilities,0.5333,False
D,Utilities,5,WEC,WEC Energy Group,Utilities,0.5235,False
D,Utilities,6,NEE,NextEra Energy,Utilities,0.5177,False
D,Utilities,7,CNP,CenterPoint Energy,Utilities,0.5153,False
D,Utilities,8,ODFL,Old Dominion,Industrials,0.5124,True
D,Utilities,9,AEP,American Electric Power,Utilities,0.5122,False
D,Utilities,10,PEG,Public Service Enterprise Group,Utilities,0.5107,False
DPZ,Consumer Discretionary,1,MCD,McDonald's,Consumer Discretionary,0.5136,False
DPZ,Consumer Discretionary,2,YUM,Yum! Brands,Consumer Discretionary,0.4827,False
DPZ,Consumer Discretionary,3,MDLZ,Mondelez International,Consumer Staples,0.4297,True
DPZ,Consumer Discretionary,4,SBUX,Starbucks,Consumer Discretionary,0.4117,False
DPZ,Consumer Discretionary,5,DRI,Darden Restaurants,Consumer Discretionary,0.4051,False
DPZ,Consumer Discretionary,6,CMG,Chipotle Mexican Grill,Consumer Discretionary,0.4023,False
DPZ,Consumer Discretionary,7,PEP,PepsiCo,Consumer Staples,0.3996,True
DPZ,Consumer Discretionary,8,MGM,MGM Resorts,Consumer Discretionary,0.389,False
DPZ,Consumer Discretionary,9,HLT,Hilton Worldwide,Consumer Discretionary,0.3696,False
DPZ,Consumer Discretionary,10,SJM,J.M. Smucker Company (The),Consumer Staples,0.3578,True
DASH,Consumer Discretionary,1,UBER,Uber,Industrials,0.4452,True
DASH,Consumer Discretionary,2,PCAR,Paccar,Industrials,0.4307,True
DASH,Consumer Discretionary,3,WMT,Walmart,Consumer Staples,0.4278,True
DASH,Consumer Discretionary,4,ALLE,Allegion,Industrials,0.4136,True
DASH,Consumer Discretionary,5,HBAN,Huntington Bancshares,Financials,0.4042,True
DASH,Consumer Discretionary,6,LOW,Lowe's,Consumer Discretionary,0.3993,False
DASH,Consumer Discretionary,7,GDDY,GoDaddy,Information Technology,0.3988,True
DASH,Consumer Discretionary,8,MKC,McCormick & Company,Consumer Staples,0.3984,True
DASH,Consumer Discretionary,9,EBAY,eBay Inc.,Consumer Discretionary,0.3958,False
DASH,Consumer Discretionary,10,CPAY,Corpay,Financials,0.3913,True
DOV,Industrials,1,IEX,IDEX Corporation,Industrials,0.5699,False
DOV,Industrials,2,MMM,3M,Industrials,0.5566,False
DOV,Industrials,3,ITW,Illinois Tool Works,Industrials,0.5522,False
DOV,Industrials,4,BKR,Baker Hughes,Energy,0.5401,True
DOV,Industrials,5,IR,Ingersoll Rand,Industrials,0.5326,False
DOV,Industrials,6,CAT,Caterpillar Inc.,Industrials,0.5318,False
DOV,Industrials,7,ORLY,O’Reilly Automotive,Consumer Discretionary,0.5127,True
DOV,Industrials,8,NDSN,Nordson Corporation,Industrials,0.5055,False
DOV,Industrials,9,GPC,Genuine Parts Company,Consumer Discretionary,0.4932,True
DOV,Industrials,10,LDOS,Leidos,Industrials,0.4902,False
DOW,Materials,1,AMCR,Amcor,Materials,0.5177,False
DOW,Materials,2,NDSN,Nordson Corporation,Industrials,0.514,True
DOW,Materials,3,IEX,IDEX Corporation,Industrials,0.4836,True
DOW,Materials,4,PSX,Phillips 66,Energy,0.464,True
DOW,Materials,5,LYB,LyondellBasell,Materials,0.4601,False
DOW,Materials,6,PPG,PPG Industries,Materials,0.4596,False
DOW,Materials,7,WST,West Pharmaceutical Services,Health Care,0.4579,True
DOW,Materials,8,CRH,CRH plc,Materials,0.4498,False
DOW,Materials,9,GLW,Corning Inc.,Information Technology,0.4432,True
DOW,Materials,10,DD,DuPont,Materials,0.443,False
DHI,Consumer Discretionary,1,LEN,Lennar,Consumer Discretionary,0.4352,False
DHI,Consumer Discretionary,2,UDR,"UDR, Inc.",Real Estate,0.4293,True
DHI,Consumer Discretionary,3,SBUX,Starbucks,Consumer Discretionary,0.4218,False
DHI,Consumer Discretionary,4,HD,Home Depot (The),Consumer Discretionary,0.3925,False
DHI,Consumer Discretionary,5,WELL,Welltower,Real Estate,0.3803,True
DHI,Consumer Discretionary,6,WDC,Western Digital,Information Technology,0.3781,True
DHI,Consumer Discretionary,7,NVR,"NVR, Inc.",Consumer Discretionary,0.3765,False
DHI,Consumer Discretionary,8,NRG,NRG Energy,Utilities,0.3747,True
DHI,Consumer Discretionary,9,CPT,Camden Property Trust,Real Estate,0.3684,True
DHI,Consumer Discretionary,10,DOC,Healthpeak Properties,Real Estate,0.363,True
DTE,Utilities,1,CMS,CMS Energy,Utilities,0.6362,False
DTE,Utilities,2,PEG,Public Service Enterprise Group,Utilities,0.6167,False
DTE,Utilities,3,CNP,CenterPoint Energy,Utilities,0.5675,False
DTE,Utilities,4,WEC,WEC Energy Group,Utilities,0.5668,False
DTE,Utilities,5,LNT,Alliant Energy,Utilities,0.5492,False
DTE,Utilities,6,XEL,Xcel Energy,Utilities,0.5209,False
DTE,Utilities,7,NI,NiSource,Utilities,0.5172,False
DTE,Utilities,8,NEE,NextEra Energy,Utilities,0.5158,False
DTE,Utilities,9,SRE,Sempra,Utilities,0.5071,False
DTE,Utilities,10,AEP,American Electric Power,Utilities,0.5057,False
DUK,Utilities,1,D,Dominion Energy,Utilities,0.632,False
DUK,Utilities,2,XEL,Xcel Energy,Utilities,0.5605,False
DUK,Utilities,3,PCG,PG&E Corporation,Utilities,0.5348,False
DUK,Utilities,4,SO,Southern Company,Utilities,0.5342,False
DUK,Utilities,5,WEC,WEC Energy Group,Utilities,0.5244,False
DUK,Utilities,6,AEE,Ameren,Utilities,0.5224,False
DUK,Utilities,7,AES,AES Corporation,Utilities,0.5205,False
DUK,Utilities,8,CNP,CenterPoint Energy,Utilities,0.5126,False
DUK,Utilities,9,PPL,PPL Corporation,Utilities,0.5075,False
DUK,Utilities,10,EXE,Expand Energy,Energy,0.5065,True
DD,Materials,1,DOV,Dover Corporation,Industrials,0.4634,True
DD,Materials,2,WST,West Pharmaceutical Services,Health Care,0.4522,True
DD,Materials,3,DHR,Danaher Corporation,Health Care,0.4479,True
DD,Materials,4,GLW,Corning Inc.,Information Technology,0.4465,True
DD,Materials,5,DOW,Dow Inc.,Materials,0.443,False
DD,Materials,6,IEX,IDEX Corporation,Industrials,0.4373,True
DD,Materials,7,NDSN,Nordson Corporation,Industrials,0.4305,True
DD,Materials,8,XYL,Xylem Inc.,Industrials,0.4268,True
DD,Materials,9,AME,Ametek,Industrials,0.4171,True
DD,Materials,10,TECH,Bio-Techne,Health Care,0.4155,True
ETN,Industrials,1,TT,Trane Technologies,Industrials,0.5772,False
ETN,Industrials,2,CMI,Cummins,Industrials,0.5026,False
ETN,Industrials,3,LII,Lennox International,Industrials,0.4853,False
ETN,Industrials,4,JCI,Johnson Controls,Industrials,0.4759,False
ETN,Industrials,5,ITW,Illinois Tool Works,Industrials,0.4724,False
ETN,Industrials,6,AES,AES Corporation,Utilities,0.4721,True
ETN,Industrials,7,AME,Ametek,Industrials,0.4667,False
ETN,Industrials,8,TEL,TE Connectivity,Information Technology,0.466,True
ETN,Industrials,9,TSCO,Tractor Supply,Consumer Discretionary,0.4623,True
ETN,Industrials,10,HUBB,Hubbell Incorporated,Industrials,0.4611,False
EBAY,Consumer Discretionary,1,AMZN,Amazon,Consumer Discretionary,0.4866,False
EBAY,Consumer Discretionary,2,EA,Electronic Arts,Communication Services,0.4706,True
EBAY,Consumer Discretionary,3,TTD,Trade Desk (The),Communication Services,0.4354,True
EBAY,Consumer Discretionary,4,PYPL,PayPal,Financials,0.4334,True
EBAY,Consumer Discretionary,5,EQT,EQT Corporation,Energy,0.4183,True
EBAY,Consumer Discretionary,6,EQIX,Equinix,Real Estate,0.3989,True
EBAY,Consumer Discretionary,7,DASH,DoorDash,Consumer Discretionary,0.3958,False
EBAY,Consumer Discretionary,8,AXP,American Express,Financials,0.3933,True
EBAY,Consumer Discretionary,9,DLTR,Dollar Tree,Consumer Staples,0.3911,True
EBAY,Consumer Discretionary,10,ICE,Intercontinental Exchange,Financials,0.3852,True
SATS,Communication Services,1,CHTR,Charter Communications,Communication Services,0.5364,False
SATS,Communication Services,2,PSKY,Paramount Skydance Corporation,Communication Services,0.5125,False
SATS,Communication Services,3,T,AT&T,Communication Services,0.48,False
SATS,Communication Services,4,VZ,Verizon,Communication Services,0.4794,False
SATS,Communication Services,5,CMCSA,Comcast,Communication Services,0.4791,False
SATS,Communication Services,6,CSCO,Cisco,Information Technology,0.4313,True
SATS,Communication Services,7,BR,Broadridge Financial Solutions,Industrials,0.4182,True
SATS,Communication Services,8,WBD,Warner Bros. Discovery,Communication Services,0.418,False
SATS,Communication Services,9,TEL,TE Connectivity,Information Technology,0.4074,True
SATS,Communication Services,10,MSI,Motorola Solutions,Information Technology,0.4073,True
ECL,Materials,1,CLX,Clorox,Consumer Staples,0.4912,True
ECL,Materials,2,A,Agilent Technologies,Health Care,0.4815,True
ECL,Materials,3,WAT,Waters Corporation,Health Care,0.471,True
ECL,Materials,4,DHR,Danaher Corporation,Health Care,0.47,True
ECL,Materials,5,IDXX,Idexx Laboratories,Health Care,0.4417,True
ECL,Materials,6,TMO,Thermo Fisher Scientific,Health Care,0.4415,True
ECL,Materials,7,BAC,Bank of America,Financials,0.4396,True
ECL,Materials,8,TECH,Bio-Techne,Health Care,0.4301,True
ECL,Materials,9,PNR,Pentair,Industrials,0.4258,True
ECL,Materials,10,HSIC,Henry Schein,Health Care,0.4236,True
EIX,Utilities,1,ED,Consolidated Edison,Utilities,0.6764,False
EIX,Utilities,2,AEP,American Electric Power,Utilities,0.6485,False
EIX,Utilities,3,PEG,Public Service Enterprise Group,Utilities,0.493,False
EIX,Utilities,4,FE,FirstEnergy,Utilities,0.4657,False
EIX,Utilities,5,D,Dominion Energy,Utilities,0.462,False
EIX,Utilities,6,APTV,Aptiv,Consumer Discretionary,0.4558,True
EIX,Utilities,7,PCG,PG&E Corporation,Utilities,0.4542,False
EIX,Utilities,8,WEC,WEC Energy Group,Utilities,0.4523,False
EIX,Utilities,9,CNP,CenterPoint Energy,Utilities,0.4481,False
EIX,Utilities,10,CMS,CMS Energy,Utilities,0.4236,False
EW,Health Care,1,FTV,Fortive,Industrials,0.4816,True
EW,Health Care,2,VEEV,Veeva Systems,Health Care,0.4245,False
EW,Health Care,3,PODD,Insulet Corporation,Health Care,0.4234,False
EW,Health Care,4,ELV,Elevance Health,Health Care,0.4108,False
EW,Health Care,5,MDT,Medtronic,Health Care,0.4053,False
EW,Health Care,6,COO,Cooper Companies (The),Health Care,0.3924,False
EW,Health Care,7,NDSN,Nordson Corporation,Industrials,0.3907,True
EW,Health Care,8,IEX,IDEX Corporation,Industrials,0.3896,True
EW,Health Care,9,IDXX,Idexx Laboratories,Health Care,0.3848,False
EW,Health Care,10,REGN,Regeneron Pharmaceuticals,Health Care,0.3837,False
EA,Communication Services,1,ADBE,Adobe Inc.,Information Technology,0.5289,True
EA,Communication Services,2,EBAY,eBay Inc.,Consumer Discretionary,0.4706,True
EA,Communication Services,3,ROK,Rockwell Automation,Industrials,0.4272,True
EA,Communication Services,4,AMZN,Amazon,Consumer Discretionary,0.426,True
EA,Communication Services,5,MGM,MGM Resorts,Consumer Discretionary,0.4178,True
EA,Communication Services,6,APP,AppLovin,Information Technology,0.4085,True
EA,Communication Services,7,AAPL,Apple Inc.,Information Technology,0.3944,True
EA,Communication Services,8,AXON,Axon Enterprise,Industrials,0.3942,True
EA,Communication Services,9,LYV,Live Nation Entertainment,Communication Services,0.3904,False
EA,Communication Services,10,PCG,PG&E Corporation,Utilities,0.3881,True
ELV,Health Care,1,CVS,CVS Health,Health Care,0.6201,False
ELV,Health Care,2,UNH,UnitedHealth Group,Health Care,0.5992,False
ELV,Health Care,3,CI,Cigna,Health Care,0.5627,False
ELV,Health Care,4,VEEV,Veeva Systems,Health Care,0.5527,False
ELV,Health Care,5,COR,Cencora,Health Care,0.5478,False
ELV,Health Care,6,MCK,McKesson Corporation,Health Care,0.5417,False
ELV,Health Care,7,CNC,Centene Corporation,Health Care,0.5211,False
ELV,Health Care,8,VTRS,Viatris,Health Care,0.5069,False
ELV,Health Care,9,ABBV,AbbVie,Health Care,0.4975,False
ELV,Health Care,10,CAH,Cardinal Health,Health Care,0.4951,False
EME,Industrials,1,AME,Ametek,Industrials,0.4562,False
EME,Industrials,2,VRT,Vertiv,Industrials,0.4559,False
EME,Industrials,3,AES,AES Corporation,Utilities,0.4398,True
EME,Industrials,4,TT,Trane Technologies,Industrials,0.4335,False
EME,Industrials,5,URI,United Rentals,Industrials,0.4235,False
EME,Industrials,6,CRH,CRH plc,Materials,0.4191,True
EME,Industrials,7,ETN,Eaton Corporation,Industrials,0.4185,False
EME,Industrials,8,PWR,Quanta Services,Industrials,0.4044,False
EME,Industrials,9,GNRC,Generac,Industrials,0.4011,False
EME,Industrials,10,SLB,Schlumberger,Energy,0.401,True
EMR,Industrials,1,IEX,IDEX Corporation,Industrials,0.5051,False
EMR,Industrials,2,ITW,Illinois Tool Works,Industrials,0.4678,False
EMR,Industrials,3,NDSN,Nordson Corporation,Industrials,0.4473,False
EMR,Industrials,4,ROK,Rockwell Automation,Industrials,0.447,False
EMR,Industrials,5,AME,Ametek,Industrials,0.4242,False
EMR,Industrials,6,ALLE,Allegion,Industrials,0.4196,False
EMR,Industrials,7,ETN,Eaton Corporation,Industrials,0.4178,False
EMR,Industrials,8,PNR,Pentair,Industrials,0.4161,False
EMR,Industrials,9,PH,Parker Hannifin,Industrials,0.4158,False
EMR,Industrials,10,TDG,TransDigm Group,Industrials,0.4152,False
ETR,Utilities,1,FE,FirstEnergy,Utilities,0.6674,False
ETR,Utilities,2,EVRG,Evergy,Utilities,0.6348,False
ETR,Utilities,3,XEL,Xcel Energy,Utilities,0.5688,False
ETR,Utilities,4,PCG,PG&E Corporation,Utilities,0.5671,False
ETR,Utilities,5,AEP,American Electric Power,Utilities,0.5584,False
ETR,Utilities,6,AES,AES Corporation,Utilities,0.5448,False
ETR,Utilities,7,SO,Southern Company,Utilities,0.5398,False
ETR,Utilities,8,PPL,PPL Corporation,Utilities,0.5201,False
ETR,Utilities,9,CEG,Constellation Energy,Utilities,0.5008,False
ETR,Utilities,10,PEG,Public Service Enterprise Group,Utilities,0.4942,False
EOG,Energy,1,EQT,EQT Corporation,Energy,0.5922,False
EOG,Energy,2,TRGP,Targa Resources,Energy,0.4762,False
EOG,Energy,3,XOM,ExxonMobil,Energy,0.4712,False
EOG,Energy,4,APA,APA Corporation,Energy,0.4653,False
EOG,Energy,5,PCG,PG&E Corporation,Utilities,0.4533,True
EOG,Energy,6,OKE,Oneok,Energy,0.4439,False
EOG,Energy,7,OXY,Occidental Petroleum,Energy,0.4371,False
EOG,Energy,8,VST,Vistra Corp.,Utilities,0.4353,True
EOG,Energy,9,EXE,Expand Energy,Energy,0.4316,False
EOG,Energy,10,KMI,Kinder Morgan,Energy,0.4277,False
EQT,Energy,1,EOG,EOG Resources,Energy,0.5922,False
EQT,Energy,2,PCG,PG&E Corporation,Utilities,0.4973,True
EQT,Energy,3,PPL,PPL Corporation,Utilities,0.4597,True
EQT,Energy,4,EXE,Expand Energy,Energy,0.454,False
EQT,Energy,5,SO,Southern Company,Utilities,0.451,True
EQT,Energy,6,EXC,Exelon,Utilities,0.4446,True
EQT,Energy,7,DUK,Duke Energy,Utilities,0.4369,True
EQT,Energy,8,XEL,Xcel Energy,Utilities,0.4306,True
EQT,Energy,9,EBAY,eBay Inc.,Consumer Discretionary,0.4183,True
EQT,Energy,10,CNP,CenterPoint Energy,Utilities,0.4144,True
EFX,Industrials,1,INTU,Intuit,Information Technology,0.5514,True
EFX,Industrials,2,ICE,Intercontinental Exchange,Financials,0.5311,True
EFX,Industrials,3,USB,U.S. Bancorp,Financials,0.5269,True
EFX,Industrials,4,AXP,American Express,Financials,0.5239,True
EFX,Industrials,5,ADP,Automatic Data Processing,Industrials,0.5198,False
EFX,Industrials,6,C,Citigroup,Financials,0.5134,True
EFX,Industrials,7,BR,Broadridge Financial Solutions,Industrials,0.4917,False
EFX,Industrials,8,JKHY,Jack Henry & Associates,Financials,0.4908,True
EFX,Industrials,9,MA,Mastercard,Financials,0.4862,True
EFX,Industrials,10,CRM,Salesforce,Information Technology,0.4821,True
EQIX,Real Estate,1,EBAY,eBay Inc.,Consumer Discretionary,0.3989,True
EQIX,Real Estate,2,GRMN,Garmin,Consumer Discretionary,0.3763,True
EQIX,Real Estate,3,CVNA,Carvana,Consumer Discretionary,0.3671,True
EQIX,Real Estate,4,ARE,Alexandria Real Estate Equities,Real Estate,0.3599,False
EQIX,Real Estate,5,EA,Electronic Arts,Communication Services,0.3541,True
EQIX,Real Estate,6,NVDA,Nvidia,Information Technology,0.3505,True
EQIX,Real Estate,7,APTV,Aptiv,Consumer Discretionary,0.3305,True
EQIX,Real Estate,8,EQT,EQT Corporation,Energy,0.3116,True
EQIX,Real Estate,9,OTIS,Otis Worldwide,Industrials,0.3079,True
EQIX,Real Estate,10,TTD,Trade Desk (The),Communication Services,0.3064,True
EQR,Real Estate,1,AVB,AvalonBay Communities,Real Estate,0.5467,False
EQR,Real Estate,2,ARE,Alexandria Real Estate Equities,Real Estate,0.5337,False
EQR,Real Estate,3,O,Realty Income,Real Estate,0.5312,False
EQR,Real Estate,4,BXP,"BXP, Inc.",Real Estate,0.5235,False
EQR,Real Estate,5,CPT,Camden Property Trust,Real Estate,0.5219,False
EQR,Real Estate,6,MAA,Mid-America Apartment Communities,Real Estate,0.4946,False
EQR,Real Estate,7,INVH,Invitation Homes,Real Estate,0.4944,False
EQR,Real Estate,8,ESS,Essex Property Trust,Real Estate,0.4914,False
EQR,Real Estate,9,WELL,Welltower,Real Estate,0.4789,False
EQR,Real Estate,10,REG,Regency Centers,Real Estate,0.4652,False
ERIE,Financials,1,HIG,Hartford (The),Financials,0.4577,False
ERIE,Financials,2,BRO,Brown & Brown,Financials,0.4292,False
ERIE,Financials,3,L,Loews Corporation,Financials,0.417,False
ERIE,Financials,4,MGM,MGM Resorts,Consumer Discretionary,0.4033,True
ERIE,Financials,5,JCI,Johnson Controls,Industrials,0.401,True
ERIE,Financials,6,AJG,Arthur J. Gallagher & Co.,Financials,0.3916,False
ERIE,Financials,7,EQT,EQT Corporation,Energy,0.3723,True
ERIE,Financials,8,TRV,Travelers Companies (The),Financials,0.3637,False
ERIE,Financials,9,AON,Aon plc,Financials,0.3616,False
ERIE,Financials,10,CINF,Cincinnati Financial,Financials,0.3495,False
ESS,Real Estate,1,CPT,Camden Property Trust,Real Estate,0.6104,False
ESS,Real Estate,2,ARE,Alexandria Real Estate Equities,Real Estate,0.5145,False
ESS,Real Estate,3,EQR,Equity Residential,Real Estate,0.4914,False
ESS,Real Estate,4,AVB,AvalonBay Communities,Real Estate,0.476,False
ESS,Real Estate,5,SPG,Simon Property Group,Real Estate,0.467,False
ESS,Real Estate,6,VICI,Vici Properties,Real Estate,0.4425,False
ESS,Real Estate,7,REG,Regency Centers,Real Estate,0.4412,False
ESS,Real Estate,8,MAA,Mid-America Apartment Communities,Real Estate,0.4388,False
ESS,Real Estate,9,O,Realty Income,Real Estate,0.4338,False
ESS,Real Estate,10,BXP,"BXP, Inc.",Real Estate,0.4251,False
EL,Consumer Staples,1,PG,Procter & Gamble,Consumer Staples,0.5158,False
EL,Consumer Staples,2,ULTA,Ulta Beauty,Consumer Discretionary,0.4656,True
EL,Consumer Staples,3,IFF,International Flavors & Fragrances,Materials,0.4261,True
EL,Consumer Staples,4,TPR,"Tapestry, Inc.",Consumer Discretionary,0.4196,True
EL,Consumer Staples,5,MRK,Merck & Co.,Health Care,0.4131,True
EL,Consumer Staples,6,KVUE,Kenvue,Consumer Staples,0.4034,False
EL,Consumer Staples,7,CHD,Church & Dwight,Consumer Staples,0.3966,False
EL,Consumer Staples,8,RL,Ralph Lauren Corporation,Consumer Discretionary,0.3934,True
EL,Consumer Staples,9,MDLZ,Mondelez International,Consumer Staples,0.3926,False
EL,Consumer Staples,10,DG,Dollar General,Consumer Staples,0.3864,False
EG,Financials,1,AJG,Arthur J. Gallagher & Co.,Financials,0.5322,False
EG,Financials,2,ACGL,Arch Capital Group,Financials,0.5266,False
EG,Financials,3,IRM,Iron Mountain,Real Estate,0.4951,True
EG,Financials,4,HIG,Hartford (The),Financials,0.4886,False
EG,Financials,5,AIG,American International Group,Financials,0.4636,False
EG,Financials,6,CB,Chubb Limited,Financials,0.4448,False
EG,Financials,7,ALL,Allstate,Financials,0.4253,False
EG,Financials,8,BKNG,Booking Holdings,Consumer Discretionary,0.4066,True
EG,Financials,9,TRV,Travelers Companies (The),Financials,0.4056,False
EG,Financials,10,WRB,W. R. Berkley Corporation,Financials,0.3999,False
EVRG,Utilities,1,ETR,Entergy,Utilities,0.6348,False
EVRG,Utilities,2,ES,Eversource Energy,Utilities,0.6083,False
EVRG,Utilities,3,FE,FirstEnergy,Utilities,0.5981,False
EVRG,Utilities,4,LNT,Alliant Energy,Utilities,0.4834,False
EVRG,Utilities,5,XEL,Xcel Energy,Utilities,0.461,False
EVRG,Utilities,6,PCG,PG&E Corporation,Utilities,0.4305,False
EVRG,Utilities,7,WEC,WEC Energy Group,Utilities,0.4184,False
EVRG,Utilities,8,NRG,NRG Energy,Utilities,0.4141,False
EVRG,Utilities,9,DUK,Duke Energy,Utilities,0.4128,False
EVRG,Utilities,10,AES,AES Corporation,Utilities,0.4081,False
ES,Utilities,1,EVRG,Evergy,Utilities,0.6083,False
ES,Utilities,2,NI,NiSource,Utilities,0.5624,False
ES,Utilities,3,AEE,Ameren,Utilities,0.5165,False
ES,Utilities,4,LNT,Alliant Energy,Utilities,0.511,False
ES,Utilities,5,XEL,Xcel Energy,Utilities,0.5017,False
ES,Utilities,6,DUK,Duke Energy,Utilities,0.5009,False
ES,Utilities,7,CNP,CenterPoint Energy,Utilities,0.4844,False
ES,Utilities,8,WEC,WEC Energy Group,Utilities,0.4668,False
ES,Utilities,9,PPL,PPL Corporation,Utilities,0.455,False
ES,Utilities,10,AES,AES Corporation,Utilities,0.4544,False
EXC,Utilities,1,XEL,Xcel Energy,Utilities,0.5167,False
EXC,Utilities,2,AEE,Ameren,Utilities,0.5091,False
EXC,Utilities,3,AES,AES Corporation,Utilities,0.5031,False
EXC,Utilities,4,DUK,Duke Energy,Utilities,0.4682,False
EXC,Utilities,5,ETR,Entergy,Utilities,0.4678,False
EXC,Utilities,6,EXPD,Expeditors International,Industrials,0.4596,True
EXC,Utilities,7,PCG,PG&E Corporation,Utilities,0.4552,False
EXC,Utilities,8,SO,Southern Company,Utilities,0.4528,False
EXC,Utilities,9,EQT,EQT Corporation,Energy,0.4446,True
EXC,Utilities,10,XOM,ExxonMobil,Energy,0.4387,True
EXE,Energy,1,DUK,Duke Energy,Utilities,0.5065,True
EXE,Energy,2,FANG,Diamondback Energy,Energy,0.4985,False
EXE,Energy,3,WMB,Williams Companies,Energy,0.4955,False
EXE,Energy,4,CNP,CenterPoint Energy,Utilities,0.4895,True
EXE,Energy,5,DVN,Devon Energy,Energy,0.483,False
EXE,Energy,6,VST,Vistra Corp.,Utilities,0.4811,True
EXE,Energy,7,XEL,Xcel Energy,Utilities,0.4724,True
EXE,Energy,8,EQT,EQT Corporation,Energy,0.454,False
EXE,Energy,9,AES,AES Corporation,Utilities,0.4512,True
EXE,Energy,10,WEC,WEC Energy Group,Utilities,0.4438,True
EXPE,Consumer Discretionary,1,BKNG,Booking Holdings,Consumer Discretionary,0.4909,False
EXPE,Consumer Discretionary,2,UBER,Uber,Industrials,0.4495,True
EXPE,Consumer Discretionary,3,ELV,Elevance Health,Health Care,0.427,True
EXPE,Consumer Discretionary,4,CPAY,Corpay,Financials,0.426,True
EXPE,Consumer Discretionary,5,DECK,Deckers Brands,Consumer Discretionary,0.4234,False
EXPE,Consumer Discretionary,6,HLT,Hilton Worldwide,Consumer Discretionary,0.4223,False
EXPE,Consumer Discretionary,7,EXPD,Expeditors International,Industrials,0.4203,True
EXPE,Consumer Discretionary,8,CBRE,CBRE Group,Real Estate,0.4018,True
EXPE,Consumer Discretionary,9,ABBV,AbbVie,Health Care,0.4006,True
EXPE,Consumer Discretionary,10,EXC,Exelon,Utilities,0.4003,True
EXPD,Industrials,1,FDX,FedEx,Industrials,0.518,False
EXPD,Industrials,2,CHRW,C.H. Robinson,Industrials,0.4997,False
EXPD,Industrials,3,EXC,Exelon,Utilities,0.4596,True
EXPD,Industrials,4,FDXF,FedEx Freight,Industrials,0.4492,False
EXPD,Industrials,5,UPS,United Parcel Service,Industrials,0.444,False
EXPD,Industrials,6,CBOE,Cboe Global Markets,Financials,0.4369,True
EXPD,Industrials,7,JBHT,J.B. Hunt,Industrials,0.4263,False
EXPD,Industrials,8,EXPE,Expedia Group,Consumer Discretionary,0.4203,True
EXPD,Industrials,9,AXP,American Express,Financials,0.4182,True
EXPD,Industrials,10,UBER,Uber,Industrials,0.4174,False
EXR,Real Estate,1,PSA,Public Storage,Real Estate,0.6452,False
EXR,Real Estate,2,STX,Seagate Technology,Information Technology,0.4577,True
EXR,Real Estate,3,SNDK,Sandisk,Information Technology,0.4354,True
EXR,Real Estate,4,AMT,American Tower,Real Estate,0.4002,False
EXR,Real Estate,5,KIM,Kimco Realty,Real Estate,0.3969,False
EXR,Real Estate,6,MAR,Marriott International,Consumer Discretionary,0.3908,True
EXR,Real Estate,7,WELL,Welltower,Real Estate,0.386,False
EXR,Real Estate,8,FRT,Federal Realty Investment Trust,Real Estate,0.3794,False
EXR,Real Estate,9,REG,Regency Centers,Real Estate,0.3775,False
EXR,Real Estate,10,BKNG,Booking Holdings,Consumer Discretionary,0.3762,True
XOM,Energy,1,CVX,Chevron Corporation,Energy,0.6587,False
XOM,Energy,2,PSX,Phillips 66,Energy,0.6134,False
XOM,Energy,3,MPC,Marathon Petroleum,Energy,0.5995,False
XOM,Energy,4,VLO,Valero Energy,Energy,0.5611,False
XOM,Energy,5,BKR,Baker Hughes,Energy,0.5375,False
XOM,Energy,6,OXY,Occidental Petroleum,Energy,0.5308,False
XOM,Energy,7,WMB,Williams Companies,Energy,0.5094,False
XOM,Energy,8,VST,Vistra Corp.,Utilities,0.4934,True
XOM,Energy,9,KMI,Kinder Morgan,Energy,0.4844,False
XOM,Energy,10,GE,GE Aerospace,Industrials,0.4796,True
FFIV,Information Technology,1,IBM,IBM,Information Technology,0.5351,False
FFIV,Information Technology,2,AKAM,Akamai Technologies,Information Technology,0.524,False
FFIV,Information Technology,3,NTAP,NetApp,Information Technology,0.5223,False
FFIV,Information Technology,4,FTNT,Fortinet,Information Technology,0.4963,False
FFIV,Information Technology,5,BR,Broadridge Financial Solutions,Industrials,0.4724,True
FFIV,Information Technology,6,AVGO,Broadcom,Information Technology,0.4663,False
FFIV,Information Technology,7,CSCO,Cisco,Information Technology,0.4636,False
FFIV,Information Technology,8,NOW,ServiceNow,Information Technology,0.4541,False
FFIV,Information Technology,9,GDDY,GoDaddy,Information Technology,0.4478,False
FFIV,Information Technology,10,CIEN,Ciena,Information Technology,0.4356,False
FDS,Financials,1,DLR,Digital Realty,Real Estate,0.4514,True
FDS,Financials,2,PLTR,Palantir Technologies,Information Technology,0.4279,True
FDS,Financials,3,STT,State Street Corporation,Financials,0.4241,False
FDS,Financials,4,NDAQ,"Nasdaq, Inc.",Financials,0.4131,False
FDS,Financials,5,HOOD,Robinhood Markets,Financials,0.4115,False
FDS,Financials,6,IQV,IQVIA,Health Care,0.4032,True
FDS,Financials,7,AMP,Ameriprise Financial,Financials,0.3842,False
FDS,Financials,8,VRT,Vertiv,Industrials,0.3812,True
FDS,Financials,9,CTSH,Cognizant,Information Technology,0.3798,True
FDS,Financials,10,IVZ,Invesco,Financials,0.3753,False
FICO,Information Technology,1,INTU,Intuit,Information Technology,0.4594,False
FICO,Information Technology,2,BR,Broadridge Financial Solutions,Industrials,0.4303,True
FICO,Information Technology,3,IBM,IBM,Information Technology,0.4019,False
FICO,Information Technology,4,EFX,Equifax,Industrials,0.4,True
FICO,Information Technology,5,IQV,IQVIA,Health Care,0.3953,True
FICO,Information Technology,6,MSCI,MSCI Inc.,Financials,0.3904,True
FICO,Information Technology,7,AVGO,Broadcom,Information Technology,0.3848,False
FICO,Information Technology,8,MTD,Mettler Toledo,Health Care,0.3801,True
FICO,Information Technology,9,FFIV,"F5, Inc.",Information Technology,0.3757,False
FICO,Information Technology,10,ADP,Automatic Data Processing,Industrials,0.374,True
FAST,Industrials,1,HWM,Howmet Aerospace,Industrials,0.4746,False
FAST,Industrials,2,TSCO,Tractor Supply,Consumer Discretionary,0.4572,True
FAST,Industrials,3,ITW,Illinois Tool Works,Industrials,0.4363,False
FAST,Industrials,4,GPC,Genuine Parts Company,Consumer Discretionary,0.4175,True
FAST,Industrials,5,TJX,TJX Companies,Consumer Discretionary,0.4165,True
FAST,Industrials,6,URI,United Rentals,Industrials,0.4157,False
FAST,Industrials,7,BLDR,Builders FirstSource,Industrials,0.415,False
FAST,Industrials,8,NUE,Nucor,Materials,0.4134,True
FAST,Industrials,9,LOW,Lowe's,Consumer Discretionary,0.4115,True
FAST,Industrials,10,PPL,PPL Corporation,Utilities,0.4045,True
FRT,Real Estate,1,DLR,Digital Realty,Real Estate,0.6474,False
FRT,Real Estate,2,KIM,Kimco Realty,Real Estate,0.6192,False
FRT,Real Estate,3,O,Realty Income,Real Estate,0.5985,False
FRT,Real Estate,4,REG,Regency Centers,Real Estate,0.4874,False
FRT,Real Estate,5,SPG,Simon Property Group,Real Estate,0.4601,False
FRT,Real Estate,6,PLD,Prologis,Real Estate,0.4476,False
FRT,Real Estate,7,PSA,Public Storage,Real Estate,0.4465,False
FRT,Real Estate,8,WELL,Welltower,Real Estate,0.4292,False
FRT,Real Estate,9,IRM,Iron Mountain,Real Estate,0.4264,False
FRT,Real Estate,10,DOC,Healthpeak Properties,Real Estate,0.4153,False
FDX,Industrials,1,FDXF,FedEx Freight,Industrials,0.7213,False
FDX,Industrials,2,UPS,United Parcel Service,Industrials,0.557,False
FDX,Industrials,3,AXP,American Express,Financials,0.5398,True
FDX,Industrials,4,CHRW,C.H. Robinson,Industrials,0.5237,False
FDX,Industrials,5,EXPD,Expeditors International,Industrials,0.518,False
FDX,Industrials,6,UBER,Uber,Industrials,0.5115,False
FDX,Industrials,7,CSX,CSX Corporation,Industrials,0.5014,False
FDX,Industrials,8,PKG,Packaging Corporation of America,Materials,0.4883,True
FDX,Industrials,9,USB,U.S. Bancorp,Financials,0.4677,True
FDX,Industrials,10,PCAR,Paccar,Industrials,0.4638,False
FDXF,Industrials,1,FDX,FedEx,Industrials,0.7213,False
FDXF,Industrials,2,ODFL,Old Dominion,Industrials,0.5376,False
FDXF,Industrials,3,UPS,United Parcel Service,Industrials,0.4601,False
FDXF,Industrials,4,EXPD,Expeditors International,Industrials,0.4492,False
FDXF,Industrials,5,CSX,CSX Corporation,Industrials,0.4278,False
FDXF,Industrials,6,AXP,American Express,Financials,0.4258,True
FDXF,Industrials,7,IP,International Paper,Materials,0.4122,True
FDXF,Industrials,8,CHRW,C.H. Robinson,Industrials,0.3978,False
FDXF,Industrials,9,PKG,Packaging Corporation of America,Materials,0.3911,True
FDXF,Industrials,10,LUV,Southwest Airlines,Industrials,0.3906,False
FIS,Financials,1,C,Citigroup,Financials,0.4546,False
FIS,Financials,2,TFC,Truist Financial,Financials,0.4479,False
FIS,Financials,3,USB,U.S. Bancorp,Financials,0.4407,False
FIS,Financials,4,BNY,BNY Mellon,Financials,0.4391,False
FIS,Financials,5,BR,Broadridge Financial Solutions,Industrials,0.4324,True
FIS,Financials,6,EFX,Equifax,Industrials,0.4318,True
FIS,Financials,7,KEY,KeyCorp,Financials,0.4234,False
FIS,Financials,8,MA,Mastercard,Financials,0.4209,False
FIS,Financials,9,BLK,BlackRock,Financials,0.4167,False
FIS,Financials,10,NTRS,Northern Trust,Financials,0.4142,False
FITB,Financials,1,USB,U.S. Bancorp,Financials,0.7075,False
FITB,Financials,2,RF,Regions Financial Corporation,Financials,0.6735,False
FITB,Financials,3,RJF,Raymond James Financial,Financials,0.6607,False
FITB,Financials,4,BNY,BNY Mellon,Financials,0.6547,False
FITB,Financials,5,C,Citigroup,Financials,0.6528,False
FITB,Financials,6,GS,Goldman Sachs,Financials,0.6085,False
FITB,Financials,7,PNC,PNC Financial Services,Financials,0.5972,False
FITB,Financials,8,CFG,Citizens Financial Group,Financials,0.5841,False
FITB,Financials,9,MTB,M&T Bank,Financials,0.5827,False
FITB,Financials,10,BAC,Bank of America,Financials,0.5803,False
FSLR,Information Technology,1,FE,FirstEnergy,Utilities,0.4232,True
FSLR,Information Technology,2,AES,AES Corporation,Utilities,0.3888,True
FSLR,Information Technology,3,DUK,Duke Energy,Utilities,0.3826,True
FSLR,Information Technology,4,XEL,Xcel Energy,Utilities,0.381,True
FSLR,Information Technology,5,PEG,Public Service Enterprise Group,Utilities,0.3695,True
FSLR,Information Technology,6,PPL,PPL Corporation,Utilities,0.3666,True
FSLR,Information Technology,7,VST,Vistra Corp.,Utilities,0.3438,True
FSLR,Information Technology,8,MGM,MGM Resorts,Consumer Discretionary,0.3356,True
FSLR,Information Technology,9,CEG,Constellation Energy,Utilities,0.3326,True
FSLR,Information Technology,10,LITE,Lumentum,Information Technology,0.3306,False
FE,Utilities,1,ETR,Entergy,Utilities,0.6674,False
FE,Utilities,2,EVRG,Evergy,Utilities,0.5981,False
FE,Utilities,3,AEP,American Electric Power,Utilities,0.5163,False
FE,Utilities,4,WEC,WEC Energy Group,Utilities,0.4919,False
FE,Utilities,5,AEE,Ameren,Utilities,0.4719,False
FE,Utilities,6,LNT,Alliant Energy,Utilities,0.4704,False
FE,Utilities,7,XEL,Xcel Energy,Utilities,0.4683,False
FE,Utilities,8,PPL,PPL Corporation,Utilities,0.4666,False
FE,Utilities,9,EIX,Edison International,Utilities,0.4657,False
FE,Utilities,10,PCG,PG&E Corporation,Utilities,0.4549,False
F,Consumer Discretionary,1,GM,General Motors,Consumer Discretionary,0.5825,False
F,Consumer Discretionary,2,TSLA,"Tesla, Inc.",Consumer Discretionary,0.5303,False
F,Consumer Discretionary,3,CVNA,Carvana,Consumer Discretionary,0.4949,False
F,Consumer Discretionary,4,CPRT,Copart,Industrials,0.4861,True
F,Consumer Discretionary,5,PCAR,Paccar,Industrials,0.4829,True
F,Consumer Discretionary,6,AZO,AutoZone,Consumer Discretionary,0.4791,False
F,Consumer Discretionary,7,GPC,Genuine Parts Company,Consumer Discretionary,0.4389,False
F,Consumer Discretionary,8,UBER,Uber,Industrials,0.4279,True
F,Consumer Discretionary,9,GD,General Dynamics,Industrials,0.4273,True
F,Consumer Discretionary,10,ROK,Rockwell Automation,Industrials,0.4236,True
FTNT,Information Technology,1,PANW,Palo Alto Networks,Information Technology,0.5324,False
FTNT,Information Technology,2,FTV,Fortive,Industrials,0.508,True
FTNT,Information Technology,3,FFIV,"F5, Inc.",Information Technology,0.4963,False
FTNT,Information Technology,4,AKAM,Akamai Technologies,Information Technology,0.4939,False
FTNT,Information Technology,5,CSCO,Cisco,Information Technology,0.4871,False
FTNT,Information Technology,6,AVGO,Broadcom,Information Technology,0.4594,False
FTNT,Information Technology,7,NTAP,NetApp,Information Technology,0.4541,False
FTNT,Information Technology,8,CDNS,Cadence Design Systems,Information Technology,0.442,False
FTNT,Information Technology,9,PLTR,Palantir Technologies,Information Technology,0.4362,False
FTNT,Information Technology,10,CRWD,CrowdStrike,Information Technology,0.4207,False
FTV,Industrials,1,GEHC,GE HealthCare,Health Care,0.5488,True
FTV,Industrials,2,MDT,Medtronic,Health Care,0.5329,True
FTV,Industrials,3,IEX,IDEX Corporation,Industrials,0.5279,False
FTV,Industrials,4,NDSN,Nordson Corporation,Industrials,0.5227,False
FTV,Industrials,5,WST,West Pharmaceutical Services,Health Care,0.5136,True
FTV,Industrials,6,FTNT,Fortinet,Information Technology,0.508,True
FTV,Industrials,7,A,Agilent Technologies,Health Care,0.5066,True
FTV,Industrials,8,CTSH,Cognizant,Information Technology,0.4929,True
FTV,Industrials,9,VEEV,Veeva Systems,Health Care,0.4844,True
FTV,Industrials,10,ISRG,Intuitive Surgical,Health Care,0.4836,True
FOXA,Communication Services,1,FOX,Fox Corporation (Class B),Communication Services,1.0,False
FOXA,Communication Services,2,PSKY,Paramount Skydance Corporation,Communication Services,0.5506,False
FOXA,Communication Services,3,WBD,Warner Bros. Discovery,Communication Services,0.5392,False
FOXA,Communication Services,4,CHTR,Charter Communications,Communication Services,0.4975,False
FOXA,Communication Services,5,DIS,Walt Disney Company (The),Communication Services,0.4947,False
FOXA,Communication Services,6,CMCSA,Comcast,Communication Services,0.4915,False
FOXA,Communication Services,7,NWS,News Corp (Class B),Communication Services,0.4824,False
FOXA,Communication Services,8,NWSA,News Corp (Class A),Communication Services,0.4824,False
FOXA,Communication Services,9,VZ,Verizon,Communication Services,0.4331,False
FOXA,Communication Services,10,ADBE,Adobe Inc.,Information Technology,0.4295,True
FOX,Communication Services,1,FOXA,Fox Corporation (Class A),Communication Services,1.0,False
FOX,Communication Services,2,PSKY,Paramount Skydance Corporation,Communication Services,0.5506,False
FOX,Communication Services,3,WBD,Warner Bros. Discovery,Communication Services,0.5392,False
FOX,Communication Services,4,CHTR,Charter Communications,Communication Services,0.4975,False
FOX,Communication Services,5,DIS,Walt Disney Company (The),Communication Services,0.4947,False
FOX,Communication Services,6,CMCSA,Comcast,Communication Services,0.4915,False
FOX,Communication Services,7,NWS,News Corp (Class B),Communication Services,0.4824,False
FOX,Communication Services,8,NWSA,News Corp (Class A),Communication Services,0.4824,False
FOX,Communication Services,9,VZ,Verizon,Communication Services,0.4331,False
FOX,Communication Services,10,ADBE,Adobe Inc.,Information Technology,0.4295,True
BEN,Financials,1,DUK,Duke Energy,Utilities,0.409,True
BEN,Financials,2,CF,CF Industries,Materials,0.3955,True
BEN,Financials,3,BLK,BlackRock,Financials,0.3856,False
BEN,Financials,4,NTRS,Northern Trust,Financials,0.3793,False
BEN,Financials,5,J,Jacobs Solutions,Industrials,0.3782,True
BEN,Financials,6,AMP,Ameriprise Financial,Financials,0.3712,False
BEN,Financials,7,XEL,Xcel Energy,Utilities,0.367,True
BEN,Financials,8,RSG,Republic Services,Industrials,0.3624,True
BEN,Financials,9,EXC,Exelon,Utilities,0.3604,True
BEN,Financials,10,RJF,Raymond James Financial,Financials,0.3562,False
FCX,Materials,1,NEM,Newmont,Materials,0.4084,False
FCX,Materials,2,LVS,Las Vegas Sands,Consumer Discretionary,0.3568,True
FCX,Materials,3,FDXF,FedEx Freight,Industrials,0.3272,True
FCX,Materials,4,GIS,General Mills,Consumer Staples,0.3156,True
FCX,Materials,5,FANG,Diamondback Energy,Energy,0.3149,True
FCX,Materials,6,WMT,Walmart,Consumer Staples,0.3093,True
FCX,Materials,7,XOM,ExxonMobil,Energy,0.3018,True
FCX,Materials,8,COST,Costco,Consumer Staples,0.2998,True
FCX,Materials,9,CCL,Carnival Corporation,Consumer Discretionary,0.2984,True
FCX,Materials,10,APA,APA Corporation,Energy,0.2968,True
GRMN,Consumer Discretionary,1,IQV,IQVIA,Health Care,0.4676,True
GRMN,Consumer Discretionary,2,CIEN,Ciena,Information Technology,0.4657,True
GRMN,Consumer Discretionary,3,ZBRA,Zebra Technologies,Information Technology,0.4644,True
GRMN,Consumer Discretionary,4,ROP,Roper Technologies,Information Technology,0.456,True
GRMN,Consumer Discretionary,5,QCOM,Qualcomm,Information Technology,0.4534,True
GRMN,Consumer Discretionary,6,GEHC,GE HealthCare,Health Care,0.4519,True
GRMN,Consumer Discretionary,7,ADI,Analog Devices,Information Technology,0.4464,True
GRMN,Consumer Discretionary,8,JBL,Jabil,Information Technology,0.4393,True
GRMN,Consumer Discretionary,9,AAPL,Apple Inc.,Information Technology,0.4374,True
GRMN,Consumer Discretionary,10,GOOGL,Alphabet Inc. (Class A),Communication Services,0.4332,True
IT,Information Technology,1,GRMN,Garmin,Consumer Discretionary,0.4297,True
IT,Information Technology,2,SPGI,S&P Global,Financials,0.4256,True
IT,Information Technology,3,IBM,IBM,Information Technology,0.4027,False
IT,Information Technology,4,IQV,IQVIA,Health Care,0.4005,True
IT,Information Technology,5,GPN,Global Payments,Financials,0.3997,True
IT,Information Technology,6,CTSH,Cognizant,Information Technology,0.3989,False
IT,Information Technology,7,MSCI,MSCI Inc.,Financials,0.3864,True
IT,Information Technology,8,GEHC,GE HealthCare,Health Care,0.3839,True
IT,Information Technology,9,DUK,Duke Energy,Utilities,0.3818,True
IT,Information Technology,10,CIEN,Ciena,Information Technology,0.3803,False
GE,Industrials,1,GM,General Motors,Consumer Discretionary,0.5967,True
GE,Industrials,2,GD,General Dynamics,Industrials,0.5672,False
GE,Industrials,3,BA,Boeing,Industrials,0.5165,False
GE,Industrials,4,GEV,GE Vernova,Industrials,0.4993,False
GE,Industrials,5,PSX,Phillips 66,Energy,0.4919,True
GE,Industrials,6,AES,AES Corporation,Utilities,0.4893,True
GE,Industrials,7,CMI,Cummins,Industrials,0.4885,False
GE,Industrials,8,XOM,ExxonMobil,Energy,0.4796,True
GE,Industrials,9,HON,Honeywell,Industrials,0.4767,False
GE,Industrials,10,TDG,TransDigm Group,Industrials,0.4633,False
GEHC,Health Care,1,FTV,Fortive,Industrials,0.5488,True
GEHC,Health Care,2,UNH,UnitedHealth Group,Health Care,0.5412,False
GEHC,Health Care,3,MDT,Medtronic,Health Care,0.5114,False
GEHC,Health Care,4,DGX,Quest Diagnostics,Health Care,0.4952,False
GEHC,Health Care,5,CVS,CVS Health,Health Care,0.4803,False
GEHC,Health Care,6,IEX,IDEX Corporation,Industrials,0.476,True
GEHC,Health Care,7,COR,Cencora,Health Care,0.4735,False
GEHC,Health Care,8,IQV,IQVIA,Health Care,0.4734,False
GEHC,Health Care,9,CTSH,Cognizant,Information Technology,0.4711,True
GEHC,Health Care,10,VEEV,Veeva Systems,Health Care,0.4647,False
GEV,Industrials,1,VRT,Vertiv,Industrials,0.5372,False
GEV,Industrials,2,AES,AES Corporation,Utilities,0.5356,True
GEV,Industrials,3,CMS,CMS Energy,Utilities,0.5014,True
GEV,Industrials,4,GE,GE Aerospace,Industrials,0.4993,False
GEV,Industrials,5,XEL,Xcel Energy,Utilities,0.4925,True
GEV,Industrials,6,NRG,NRG Energy,Utilities,0.4916,True
GEV,Industrials,7,PEG,Public Service Enterprise Group,Utilities,0.4748,True
GEV,Industrials,8,DUK,Duke Energy,Utilities,0.466,True
GEV,Industrials,9,NEE,NextEra Energy,Utilities,0.4632,True
GEV,Industrials,10,SO,Southern Company,Utilities,0.4629,True
GEN,Information Technology,1,APTV,Aptiv,Consumer Discretionary,0.3919,True
GEN,Information Technology,2,DLR,Digital Realty,Real Estate,0.3744,True
GEN,Information Technology,3,TMUS,T-Mobile US,Communication Services,0.3741,True
GEN,Information Technology,4,DVA,DaVita,Health Care,0.3696,True
GEN,Information Technology,5,MRNA,Moderna,Health Care,0.3666,True
GEN,Information Technology,6,EA,Electronic Arts,Communication Services,0.3652,True
GEN,Information Technology,7,SNDK,Sandisk,Information Technology,0.3637,False
GEN,Information Technology,8,PYPL,PayPal,Financials,0.3546,True
GEN,Information Technology,9,FTV,Fortive,Industrials,0.3487,True
GEN,Information Technology,10,CDW,CDW Corporation,Information Technology,0.3454,False
GNRC,Industrials,1,CMI,Cummins,Industrials,0.5893,False
GNRC,Industrials,2,NRG,NRG Energy,Utilities,0.5567,True
GNRC,Industrials,3,TT,Trane Technologies,Industrials,0.5053,False
GNRC,Industrials,4,BKR,Baker Hughes,Energy,0.5001,True
GNRC,Industrials,5,CAT,Caterpillar Inc.,Industrials,0.4822,False
GNRC,Industrials,6,AES,AES Corporation,Utilities,0.4758,True
GNRC,Industrials,7,XEL,Xcel Energy,Utilities,0.4714,True
GNRC,Industrials,8,VRT,Vertiv,Industrials,0.4709,False
GNRC,Industrials,9,LNT,Alliant Energy,Utilities,0.4624,True
GNRC,Industrials,10,GEV,GE Vernova,Industrials,0.4588,False
GD,Industrials,1,LMT,Lockheed Martin,Industrials,0.6622,False
GD,Industrials,2,BA,Boeing,Industrials,0.6416,False
GD,Industrials,3,NOC,Northrop Grumman,Industrials,0.6321,False
GD,Industrials,4,GE,GE Aerospace,Industrials,0.5672,False
GD,Industrials,5,TDG,TransDigm Group,Industrials,0.5577,False
GD,Industrials,6,RTX,RTX Corporation,Industrials,0.5433,False
GD,Industrials,7,TXT,Textron,Industrials,0.5298,False
GD,Industrials,8,GM,General Motors,Consumer Discretionary,0.5132,True
GD,Industrials,9,HON,Honeywell,Industrials,0.4907,False
GD,Industrials,10,URI,United Rentals,Industrials,0.4834,False
GIS,Consumer Staples,1,DG,Dollar General,Consumer Staples,0.66,False
GIS,Consumer Staples,2,HSY,Hershey Company (The),Consumer Staples,0.6545,False
GIS,Consumer Staples,3,KHC,Kraft Heinz,Consumer Staples,0.6218,False
GIS,Consumer Staples,4,CPB,Campbell's Company (The),Consumer Staples,0.6187,False
GIS,Consumer Staples,5,SJM,J.M. Smucker Company (The),Consumer Staples,0.6166,False
GIS,Consumer Staples,6,HRL,Hormel Foods,Consumer Staples,0.6127,False
GIS,Consumer Staples,7,TSN,Tyson Foods,Consumer Staples,0.6068,False
GIS,Consumer Staples,8,MDLZ,Mondelez International,Consumer Staples,0.6017,False
GIS,Consumer Staples,9,CAG,Conagra Brands,Consumer Staples,0.5976,False
GIS,Consumer Staples,10,SYY,Sysco,Consumer Staples,0.5589,False
GM,Consumer Discretionary,1,GE,GE Aerospace,Industrials,0.5967,True
GM,Consumer Discretionary,2,F,Ford Motor Company,Consumer Discretionary,0.5825,False
GM,Consumer Discretionary,3,GD,General Dynamics,Industrials,0.5132,True
GM,Consumer Discretionary,4,BAC,Bank of America,Financials,0.4721,True
GM,Consumer Discretionary,5,PCAR,Paccar,Industrials,0.4671,True
GM,Consumer Discretionary,6,AZO,AutoZone,Consumer Discretionary,0.4652,False
GM,Consumer Discretionary,7,NVDA,Nvidia,Information Technology,0.4294,True
GM,Consumer Discretionary,8,CPAY,Corpay,Financials,0.4268,True
GM,Consumer Discretionary,9,DXCM,Dexcom,Health Care,0.4252,True
GM,Consumer Discretionary,10,GIS,General Mills,Consumer Staples,0.4232,True
GPC,Consumer Discretionary,1,ORLY,O’Reilly Automotive,Consumer Discretionary,0.5991,False
GPC,Consumer Discretionary,2,AZO,AutoZone,Consumer Discretionary,0.5789,False
GPC,Consumer Discretionary,3,MMM,3M,Industrials,0.546,True
GPC,Consumer Discretionary,4,ITW,Illinois Tool Works,Industrials,0.5425,True
GPC,Consumer Discretionary,5,PCAR,Paccar,Industrials,0.52,True
GPC,Consumer Discretionary,6,SNA,Snap-on,Industrials,0.5059,True
GPC,Consumer Discretionary,7,TSCO,Tractor Supply,Consumer Discretionary,0.5035,False
GPC,Consumer Discretionary,8,DOV,Dover Corporation,Industrials,0.4932,True
GPC,Consumer Discretionary,9,NDSN,Nordson Corporation,Industrials,0.4911,True
GPC,Consumer Discretionary,10,L,Loews Corporation,Financials,0.473,True
GILD,Health Care,1,AMGN,Amgen,Health Care,0.5718,False
GILD,Health Care,2,BIIB,Biogen,Health Care,0.5701,False
GILD,Health Care,3,ABBV,AbbVie,Health Care,0.5335,False
GILD,Health Care,4,BMY,Bristol Myers Squibb,Health Care,0.5279,False
GILD,Health Care,5,MRK,Merck & Co.,Health Care,0.5179,False
GILD,Health Care,6,INCY,Incyte,Health Care,0.4987,False
GILD,Health Care,7,VRTX,Vertex Pharmaceuticals,Health Care,0.4983,False
GILD,Health Care,8,PFE,Pfizer,Health Care,0.4936,False
GILD,Health Care,9,REGN,Regeneron Pharmaceuticals,Health Care,0.4729,False
GILD,Health Care,10,ABT,Abbott Laboratories,Health Care,0.471,False
GPN,Financials,1,BAC,Bank of America,Financials,0.6404,False
GPN,Financials,2,AXP,American Express,Financials,0.5268,False
GPN,Financials,3,COIN,Coinbase,Financials,0.5267,False
GPN,Financials,4,ICE,Intercontinental Exchange,Financials,0.5128,False
GPN,Financials,5,V,Visa Inc.,Financials,0.5006,False
GPN,Financials,6,APO,Apollo Global Management,Financials,0.4875,False
GPN,Financials,7,CPAY,Corpay,Financials,0.4871,False
GPN,Financials,8,INTU,Intuit,Information Technology,0.4815,True
GPN,Financials,9,MA,Mastercard,Financials,0.4734,False
GPN,Financials,10,SYF,Synchrony Financial,Financials,0.4646,False
GL,Financials,1,MET,MetLife,Financials,0.5118,False
GL,Financials,2,PRU,Prudential Financial,Financials,0.4167,False
GL,Financials,3,L,Loews Corporation,Financials,0.399,False
GL,Financials,4,AIG,American International Group,Financials,0.3944,False
GL,Financials,5,ACGL,Arch Capital Group,Financials,0.3894,False
GL,Financials,6,EG,Everest Group,Financials,0.3753,False
GL,Financials,7,WRB,W. R. Berkley Corporation,Financials,0.3694,False
GL,Financials,8,TRV,Travelers Companies (The),Financials,0.3681,False
GL,Financials,9,ARE,Alexandria Real Estate Equities,Real Estate,0.3676,True
GL,Financials,10,CBRE,CBRE Group,Real Estate,0.3642,True
GDDY,Information Technology,1,CRM,Salesforce,Information Technology,0.5153,False
GDDY,Information Technology,2,NOW,ServiceNow,Information Technology,0.5054,False
GDDY,Information Technology,3,ADBE,Adobe Inc.,Information Technology,0.4834,False
GDDY,Information Technology,4,GOOG,Alphabet Inc. (Class C),Communication Services,0.4778,True
GDDY,Information Technology,5,GOOGL,Alphabet Inc. (Class A),Communication Services,0.4778,True
GDDY,Information Technology,6,AMZN,Amazon,Consumer Discretionary,0.4746,True
GDDY,Information Technology,7,MSFT,Microsoft,Information Technology,0.4707,False
GDDY,Information Technology,8,JKHY,Jack Henry & Associates,Financials,0.453,True
GDDY,Information Technology,9,INTU,Intuit,Information Technology,0.4523,False
GDDY,Information Technology,10,FFIV,"F5, Inc.",Information Technology,0.4478,False
GS,Financials,1,BAC,Bank of America,Financials,0.7409,False
GS,Financials,2,RJF,Raymond James Financial,Financials,0.7407,False
GS,Financials,3,C,Citigroup,Financials,0.7092,False
GS,Financials,4,BNY,BNY Mellon,Financials,0.7074,False
GS,Financials,5,RF,Regions Financial Corporation,Financials,0.7052,False
GS,Financials,6,PNC,PNC Financial Services,Financials,0.6689,False
GS,Financials,7,MS,Morgan Stanley,Financials,0.6514,False
GS,Financials,8,SCHW,Charles Schwab Corporation,Financials,0.6279,False
GS,Financials,9,JPM,JPMorgan Chase,Financials,0.6151,False
GS,Financials,10,FITB,Fifth Third Bancorp,Financials,0.6085,False
HAL,Energy,1,SLB,Schlumberger,Energy,0.705,False
HAL,Energy,2,BKR,Baker Hughes,Energy,0.5588,False
HAL,Energy,3,URI,United Rentals,Industrials,0.5466,True
HAL,Energy,4,ITW,Illinois Tool Works,Industrials,0.541,True
HAL,Energy,5,CAT,Caterpillar Inc.,Industrials,0.5317,True
HAL,Energy,6,SWK,Stanley Black & Decker,Industrials,0.4959,True
HAL,Energy,7,DE,Deere & Company,Industrials,0.4764,True
HAL,Energy,8,BG,Bunge Global,Consumer Staples,0.4609,True
HAL,Energy,9,PWR,Quanta Services,Industrials,0.4511,True
HAL,Energy,10,NDSN,Nordson Corporation,Industrials,0.445,True
HIG,Financials,1,TRV,Travelers Companies (The),Financials,0.6137,False
HIG,Financials,2,CINF,Cincinnati Financial,Financials,0.6015,False
HIG,Financials,3,L,Loews Corporation,Financials,0.5962,False
HIG,Financials,4,AJG,Arthur J. Gallagher & Co.,Financials,0.5732,False
HIG,Financials,5,AIG,American International Group,Financials,0.5462,False
HIG,Financials,6,WRB,W. R. Berkley Corporation,Financials,0.5357,False
HIG,Financials,7,PGR,Progressive Corporation,Financials,0.5322,False
HIG,Financials,8,ALL,Allstate,Financials,0.532,False
HIG,Financials,9,PFG,Principal Financial Group,Financials,0.5148,False
HIG,Financials,10,CB,Chubb Limited,Financials,0.5029,False
HAS,Consumer Discretionary,1,DIS,Walt Disney Company (The),Communication Services,0.4831,True
HAS,Consumer Discretionary,2,HSY,Hershey Company (The),Consumer Staples,0.4463,True
HAS,Consumer Discretionary,3,BBY,Best Buy,Consumer Discretionary,0.4448,False
HAS,Consumer Discretionary,4,TJX,TJX Companies,Consumer Discretionary,0.4357,False
HAS,Consumer Discretionary,5,TGT,Target Corporation,Consumer Staples,0.435,True
HAS,Consumer Discretionary,6,MDLZ,Mondelez International,Consumer Staples,0.4331,True
HAS,Consumer Discretionary,7,TPR,"Tapestry, Inc.",Consumer Discretionary,0.4262,False
HAS,Consumer Discretionary,8,NKE,"Nike, Inc.",Consumer Discretionary,0.4257,False
HAS,Consumer Discretionary,9,TTWO,Take-Two Interactive,Communication Services,0.419,True
HAS,Consumer Discretionary,10,WMT,Walmart,Consumer Staples,0.4108,True
HCA,Health Care,1,HUM,Humana,Health Care,0.5456,False
HCA,Health Care,2,UHS,Universal Health Services,Health Care,0.5213,False
HCA,Health Care,3,UNH,UnitedHealth Group,Health Care,0.4454,False
HCA,Health Care,4,ELV,Elevance Health,Health Care,0.4406,False
HCA,Health Care,5,CVS,CVS Health,Health Care,0.4397,False
HCA,Health Care,6,COR,Cencora,Health Care,0.4295,False
HCA,Health Care,7,DGX,Quest Diagnostics,Health Care,0.413,False
HCA,Health Care,8,LH,Labcorp,Health Care,0.4116,False
HCA,Health Care,9,CNC,Centene Corporation,Health Care,0.4009,False
HCA,Health Care,10,BAX,Baxter International,Health Care,0.3944,False
DOC,Real Estate,1,CBRE,CBRE Group,Real Estate,0.5074,False
DOC,Real Estate,2,PLD,Prologis,Real Estate,0.507,False
DOC,Real Estate,3,NTRS,Northern Trust,Financials,0.4595,True
DOC,Real Estate,4,HUM,Humana,Health Care,0.4585,True
DOC,Real Estate,5,CNC,Centene Corporation,Health Care,0.4532,True
DOC,Real Estate,6,PSA,Public Storage,Real Estate,0.4529,False
DOC,Real Estate,7,HST,Host Hotels & Resorts,Real Estate,0.4503,False
DOC,Real Estate,8,HIG,Hartford (The),Financials,0.45,True
DOC,Real Estate,9,KIM,Kimco Realty,Real Estate,0.4407,False
DOC,Real Estate,10,VTR,Ventas,Real Estate,0.4384,False
HSIC,Health Care,1,COR,Cencora,Health Care,0.5088,False
HSIC,Health Care,2,NDSN,Nordson Corporation,Industrials,0.4871,True
HSIC,Health Care,3,WST,West Pharmaceutical Services,Health Care,0.4797,False
HSIC,Health Care,4,L,Loews Corporation,Financials,0.4789,True
HSIC,Health Care,5,CAH,Cardinal Health,Health Care,0.4744,False
HSIC,Health Care,6,SPGI,S&P Global,Financials,0.4719,True
HSIC,Health Care,7,CLX,Clorox,Consumer Staples,0.464,True
HSIC,Health Care,8,GPN,Global Payments,Financials,0.4483,True
HSIC,Health Care,9,SOLV,Solventum,Health Care,0.446,False
HSIC,Health Care,10,BAX,Baxter International,Health Care,0.4453,False
HSY,Consumer Staples,1,KHC,Kraft Heinz,Consumer Staples,0.6667,False
HSY,Consumer Staples,2,MDLZ,Mondelez International,Consumer Staples,0.6642,False
HSY,Consumer Staples,3,CPB,Campbell's Company (The),Consumer Staples,0.6589,False
HSY,Consumer Staples,4,GIS,General Mills,Consumer Staples,0.6545,False
HSY,Consumer Staples,5,HRL,Hormel Foods,Consumer Staples,0.6145,False
HSY,Consumer Staples,6,SJM,J.M. Smucker Company (The),Consumer Staples,0.6135,False
HSY,Consumer Staples,7,CAG,Conagra Brands,Consumer Staples,0.5996,False
HSY,Consumer Staples,8,IFF,International Flavors & Fragrances,Materials,0.5973,True
HSY,Consumer Staples,9,KDP,Keurig Dr Pepper,Consumer Staples,0.5878,False
HSY,Consumer Staples,10,DG,Dollar General,Consumer Staples,0.5702,False
HPE,Information Technology,1,HPQ,HP Inc.,Information Technology,0.6031,False
HPE,Information Technology,2,IBM,IBM,Information Technology,0.4876,False
HPE,Information Technology,3,DELL,Dell Technologies,Information Technology,0.4785,False
HPE,Information Technology,4,AVGO,Broadcom,Information Technology,0.476,False
HPE,Information Technology,5,PTC,PTC Inc.,Information Technology,0.4597,False
HPE,Information Technology,6,ALLE,Allegion,Industrials,0.4548,True
HPE,Information Technology,7,ORCL,Oracle Corporation,Information Technology,0.452,False
HPE,Information Technology,8,SMCI,Supermicro,Information Technology,0.4502,False
HPE,Information Technology,9,INTC,Intel,Information Technology,0.4455,False
HPE,Information Technology,10,CSCO,Cisco,Information Technology,0.4319,False
HLT,Consumer Discretionary,1,MAR,Marriott International,Consumer Discretionary,0.6773,False
HLT,Consumer Discretionary,2,MGM,MGM Resorts,Consumer Discretionary,0.5417,False
HLT,Consumer Discretionary,3,HST,Host Hotels & Resorts,Real Estate,0.5297,True
HLT,Consumer Discretionary,4,CBRE,CBRE Group,Real Estate,0.5092,True
HLT,Consumer Discretionary,5,CSGP,CoStar Group,Real Estate,0.5071,True
HLT,Consumer Discretionary,6,CCL,Carnival Corporation,Consumer Discretionary,0.4931,False
HLT,Consumer Discretionary,7,MDLZ,Mondelez International,Consumer Staples,0.4725,True
HLT,Consumer Discretionary,8,BKNG,Booking Holdings,Consumer Discretionary,0.4698,False
HLT,Consumer Discretionary,9,YUM,Yum! Brands,Consumer Discretionary,0.4446,False
HLT,Consumer Discretionary,10,WYNN,Wynn Resorts,Consumer Discretionary,0.4324,False
HD,Consumer Discretionary,1,LOW,Lowe's,Consumer Discretionary,0.6157,False
HD,Consumer Discretionary,2,BLDR,Builders FirstSource,Industrials,0.476,True
HD,Consumer Discretionary,3,BBY,Best Buy,Consumer Discretionary,0.4582,False
HD,Consumer Discretionary,4,BRK.B,Berkshire Hathaway,Financials,0.4557,True
HD,Consumer Discretionary,5,GNRC,Generac,Industrials,0.4485,True
HD,Consumer Discretionary,6,TSCO,Tractor Supply,Consumer Discretionary,0.4423,False
HD,Consumer Discretionary,7,URI,United Rentals,Industrials,0.4296,True
HD,Consumer Discretionary,8,TT,Trane Technologies,Industrials,0.4249,True
HD,Consumer Discretionary,9,ALLE,Allegion,Industrials,0.4202,True
HD,Consumer Discretionary,10,GPC,Genuine Parts Company,Consumer Discretionary,0.4181,False
HON,Industrials,1,BA,Boeing,Industrials,0.5973,False
HON,Industrials,2,ROK,Rockwell Automation,Industrials,0.5706,False
HON,Industrials,3,IBM,IBM,Information Technology,0.5333,True
HON,Industrials,4,TDG,TransDigm Group,Industrials,0.5183,False
HON,Industrials,5,LMT,Lockheed Martin,Industrials,0.5169,False
HON,Industrials,6,PWR,Quanta Services,Industrials,0.5097,False
HON,Industrials,7,GD,General Dynamics,Industrials,0.4907,False
HON,Industrials,8,BKR,Baker Hughes,Energy,0.4881,True
HON,Industrials,9,TT,Trane Technologies,Industrials,0.4828,False
HON,Industrials,10,CAT,Caterpillar Inc.,Industrials,0.4823,False
HRL,Consumer Staples,1,KHC,Kraft Heinz,Consumer Staples,0.6466,False
HRL,Consumer Staples,2,CAG,Conagra Brands,Consumer Staples,0.6327,False
HRL,Consumer Staples,3,HSY,Hershey Company (The),Consumer Staples,0.6145,False
HRL,Consumer Staples,4,GIS,General Mills,Consumer Staples,0.6127,False
HRL,Consumer Staples,5,SYY,Sysco,Consumer Staples,0.5997,False
HRL,Consumer Staples,6,CPB,Campbell's Company (The),Consumer Staples,0.547,False
HRL,Consumer Staples,7,TSN,Tyson Foods,Consumer Staples,0.5444,False
HRL,Consumer Staples,8,MKC,McCormick & Company,Consumer Staples,0.5436,False
HRL,Consumer Staples,9,MDLZ,Mondelez International,Consumer Staples,0.5187,False
HRL,Consumer Staples,10,IFF,International Flavors & Fragrances,Materials,0.5176,True
HST,Real Estate,1,MAR,Marriott International,Consumer Discretionary,0.5521,True
HST,Real Estate,2,HLT,Hilton Worldwide,Consumer Discretionary,0.5297,True
HST,Real Estate,3,PLD,Prologis,Real Estate,0.512,False
HST,Real Estate,4,BKNG,Booking Holdings,Consumer Discretionary,0.4939,True
HST,Real Estate,5,REG,Regency Centers,Real Estate,0.487,False
HST,Real Estate,6,MGM,MGM Resorts,Consumer Discretionary,0.4712,True
HST,Real Estate,7,DOC,Healthpeak Properties,Real Estate,0.4503,False
HST,Real Estate,8,VICI,Vici Properties,Real Estate,0.446,False
HST,Real Estate,9,CSGP,CoStar Group,Real Estate,0.4411,False
HST,Real Estate,10,WELL,Welltower,Real Estate,0.3981,False
HWM,Industrials,1,ITW,Illinois Tool Works,Industrials,0.5222,False
HWM,Industrials,2,RTX,RTX Corporation,Industrials,0.493,False
HWM,Industrials,3,TDG,TransDigm Group,Industrials,0.4767,False
HWM,Industrials,4,FAST,Fastenal,Industrials,0.4746,False
HWM,Industrials,5,HON,Honeywell,Industrials,0.4669,False
HWM,Industrials,6,GD,General Dynamics,Industrials,0.4647,False
HWM,Industrials,7,TXT,Textron,Industrials,0.4603,False
HWM,Industrials,8,BA,Boeing,Industrials,0.4586,False
HWM,Industrials,9,DOV,Dover Corporation,Industrials,0.4473,False
HWM,Industrials,10,GE,GE Aerospace,Industrials,0.447,False
HPQ,Information Technology,1,HPE,Hewlett Packard Enterprise,Information Technology,0.6031,False
HPQ,Information Technology,2,ZBRA,Zebra Technologies,Information Technology,0.4615,False
HPQ,Information Technology,3,MSFT,Microsoft,Information Technology,0.4598,False
HPQ,Information Technology,4,IBM,IBM,Information Technology,0.4394,False
HPQ,Information Technology,5,CDW,CDW Corporation,Information Technology,0.4067,False
HPQ,Information Technology,6,INTC,Intel,Information Technology,0.3858,False
HPQ,Information Technology,7,DELL,Dell Technologies,Information Technology,0.3804,False
HPQ,Information Technology,8,ADBE,Adobe Inc.,Information Technology,0.3711,False
HPQ,Information Technology,9,ROK,Rockwell Automation,Industrials,0.3705,True
HPQ,Information Technology,10,PKG,Packaging Corporation of America,Materials,0.3645,True
HUBB,Industrials,1,TXN,Texas Instruments,Information Technology,0.5023,True
HUBB,Industrials,2,ETN,Eaton Corporation,Industrials,0.4611,False
HUBB,Industrials,3,SWKS,Skyworks Solutions,Information Technology,0.4534,True
HUBB,Industrials,4,TEL,TE Connectivity,Information Technology,0.4489,True
HUBB,Industrials,5,HON,Honeywell,Industrials,0.4452,False
HUBB,Industrials,6,PWR,Quanta Services,Industrials,0.4347,False
HUBB,Industrials,7,MCHP,Microchip Technology,Information Technology,0.4247,True
HUBB,Industrials,8,CMI,Cummins,Industrials,0.4232,False
HUBB,Industrials,9,PTC,PTC Inc.,Information Technology,0.4226,True
HUBB,Industrials,10,GNRC,Generac,Industrials,0.4153,False
HUM,Health Care,1,UNH,UnitedHealth Group,Health Care,0.5495,False
HUM,Health Care,2,HCA,HCA Healthcare,Health Care,0.5456,False
HUM,Health Care,3,CNC,Centene Corporation,Health Care,0.5288,False
HUM,Health Care,4,CVS,CVS Health,Health Care,0.4659,False
HUM,Health Care,5,DOC,Healthpeak Properties,Real Estate,0.4585,True
HUM,Health Care,6,ELV,Elevance Health,Health Care,0.4498,False
HUM,Health Care,7,UHS,Universal Health Services,Health Care,0.4479,False
HUM,Health Care,8,FTV,Fortive,Industrials,0.4397,True
HUM,Health Care,9,MRK,Merck & Co.,Health Care,0.4382,False
HUM,Health Care,10,CI,Cigna,Health Care,0.43,False
HBAN,Financials,1,USB,U.S. Bancorp,Financials,0.6229,False
HBAN,Financials,2,MTB,M&T Bank,Financials,0.5718,False
HBAN,Financials,3,FITB,Fifth Third Bancorp,Financials,0.5602,False
HBAN,Financials,4,SCHW,Charles Schwab Corporation,Financials,0.5455,False
HBAN,Financials,5,WFC,Wells Fargo,Financials,0.5337,False
HBAN,Financials,6,BNY,BNY Mellon,Financials,0.5332,False
HBAN,Financials,7,RF,Regions Financial Corporation,Financials,0.5221,False
HBAN,Financials,8,PNC,PNC Financial Services,Financials,0.5094,False
HBAN,Financials,9,RJF,Raymond James Financial,Financials,0.507,False
HBAN,Financials,10,KEY,KeyCorp,Financials,0.4943,False
HII,Industrials,1,HBAN,Huntington Bancshares,Financials,0.4763,True
HII,Industrials,2,BRK.B,Berkshire Hathaway,Financials,0.4663,True
HII,Industrials,3,UNP,Union Pacific Corporation,Industrials,0.4002,False
HII,Industrials,4,JBHT,J.B. Hunt,Industrials,0.3989,False
HII,Industrials,5,TXT,Textron,Industrials,0.394,False
HII,Industrials,6,BA,Boeing,Industrials,0.3921,False
HII,Industrials,7,JBL,Jabil,Information Technology,0.3905,True
HII,Industrials,8,DOV,Dover Corporation,Industrials,0.3824,False
HII,Industrials,9,LYB,LyondellBasell,Materials,0.3796,True
HII,Industrials,10,NOC,Northrop Grumman,Industrials,0.3723,False
IBM,Information Technology,1,MSFT,Microsoft,Information Technology,0.6428,False
IBM,Information Technology,2,ORCL,Oracle Corporation,Information Technology,0.628,False
IBM,Information Technology,3,ACN,Accenture,Information Technology,0.5969,False
IBM,Information Technology,4,NOW,ServiceNow,Information Technology,0.561,False
IBM,Information Technology,5,SMCI,Supermicro,Information Technology,0.5565,False
IBM,Information Technology,6,CRM,Salesforce,Information Technology,0.5438,False
IBM,Information Technology,7,ROK,Rockwell Automation,Industrials,0.5351,True
IBM,Information Technology,8,FFIV,"F5, Inc.",Information Technology,0.5351,False
IBM,Information Technology,9,INTC,Intel,Information Technology,0.5337,False
IBM,Information Technology,10,HON,Honeywell,Industrials,0.5333,True
IEX,Industrials,1,NDSN,Nordson Corporation,Industrials,0.5964,False
IEX,Industrials,2,ITW,Illinois Tool Works,Industrials,0.5948,False
IEX,Industrials,3,DOV,Dover Corporation,Industrials,0.5699,False
IEX,Industrials,4,IDXX,Idexx Laboratories,Health Care,0.5602,True
IEX,Industrials,5,IR,Ingersoll Rand,Industrials,0.5457,False
IEX,Industrials,6,WST,West Pharmaceutical Services,Health Care,0.5322,True
IEX,Industrials,7,FTV,Fortive,Industrials,0.5279,False
IEX,Industrials,8,EMR,Emerson Electric,Industrials,0.5051,False
IEX,Industrials,9,DOW,Dow Inc.,Materials,0.4836,True
IEX,Industrials,10,TXN,Texas Instruments,Information Technology,0.4769,True
IDXX,Health Care,1,IEX,IDEX Corporation,Industrials,0.5602,True
IDXX,Health Care,2,ZTS,Zoetis,Health Care,0.5559,False
IDXX,Health Care,3,TECH,Bio-Techne,Health Care,0.5054,False
IDXX,Health Care,4,LH,Labcorp,Health Care,0.4902,False
IDXX,Health Care,5,CRL,Charles River Laboratories,Health Care,0.4856,False
IDXX,Health Care,6,TMO,Thermo Fisher Scientific,Health Care,0.4793,False
IDXX,Health Care,7,A,Agilent Technologies,Health Care,0.4735,False
IDXX,Health Care,8,MTD,Mettler Toledo,Health Care,0.4718,False
IDXX,Health Care,9,ABT,Abbott Laboratories,Health Care,0.4668,False
IDXX,Health Care,10,DHR,Danaher Corporation,Health Care,0.4623,False
ITW,Industrials,1,IEX,IDEX Corporation,Industrials,0.5948,False
ITW,Industrials,2,SNA,Snap-on,Industrials,0.5668,False
ITW,Industrials,3,DOV,Dover Corporation,Industrials,0.5522,False
ITW,Industrials,4,ORLY,O’Reilly Automotive,Consumer Discretionary,0.5484,True
ITW,Industrials,5,TXN,Texas Instruments,Information Technology,0.544,True
ITW,Industrials,6,GPC,Genuine Parts Company,Consumer Discretionary,0.5425,True
ITW,Industrials,7,HAL,Halliburton,Energy,0.541,True
ITW,Industrials,8,MTD,Mettler Toledo,Health Care,0.5287,True
ITW,Industrials,9,MMM,3M,Industrials,0.5283,False
ITW,Industrials,10,AME,Ametek,Industrials,0.5257,False
INCY,Health Care,1,BIIB,Biogen,Health Care,0.638,False
INCY,Health Care,2,AMGN,Amgen,Health Care,0.6276,False
INCY,Health Care,3,BMY,Bristol Myers Squibb,Health Care,0.5811,False
INCY,Health Care,4,VRTX,Vertex Pharmaceuticals,Health Care,0.5767,False
INCY,Health Care,5,PFE,Pfizer,Health Care,0.5375,False
INCY,Health Care,6,ABBV,AbbVie,Health Care,0.5314,False
INCY,Health Care,7,REGN,Regeneron Pharmaceuticals,Health Care,0.526,False
INCY,Health Care,8,LLY,Lilly (Eli),Health Care,0.5251,False
INCY,Health Care,9,GILD,Gilead Sciences,Health Care,0.4987,False
INCY,Health Care,10,TECH,Bio-Techne,Health Care,0.4733,False
IR,Industrials,1,NDSN,Nordson Corporation,Industrials,0.5533,False
IR,Industrials,2,IEX,IDEX Corporation,Industrials,0.5457,False
IR,Industrials,3,DOV,Dover Corporation,Industrials,0.5326,False
IR,Industrials,4,PH,Parker Hannifin,Industrials,0.5268,False
IR,Industrials,5,AME,Ametek,Industrials,0.5091,False
IR,Industrials,6,ITW,Illinois Tool Works,Industrials,0.4998,False
IR,Industrials,7,BKR,Baker Hughes,Energy,0.4693,True
IR,Industrials,8,PNR,Pentair,Industrials,0.4662,False
IR,Industrials,9,SNA,Snap-on,Industrials,0.4638,False
IR,Industrials,10,CMI,Cummins,Industrials,0.4518,False
PODD,Health Care,1,LLY,Lilly (Eli),Health Care,0.5188,False
PODD,Health Care,2,GILD,Gilead Sciences,Health Care,0.47,False
PODD,Health Care,3,MRK,Merck & Co.,Health Care,0.439,False
PODD,Health Care,4,BAX,Baxter International,Health Care,0.4358,False
PODD,Health Care,5,PFE,Pfizer,Health Care,0.4355,False
PODD,Health Care,6,REGN,Regeneron Pharmaceuticals,Health Care,0.434,False
PODD,Health Care,7,EW,Edwards Lifesciences,Health Care,0.4234,False
PODD,Health Care,8,IQV,IQVIA,Health Care,0.4179,False
PODD,Health Care,9,AMGN,Amgen,Health Care,0.416,False
PODD,Health Care,10,VEEV,Veeva Systems,Health Care,0.4074,False
INTC,Information Technology,1,AMD,Advanced Micro Devices,Information Technology,0.6142,False
INTC,Information Technology,2,ROK,Rockwell Automation,Industrials,0.5783,True
INTC,Information Technology,3,MCHP,Microchip Technology,Information Technology,0.5444,False
INTC,Information Technology,4,CDNS,Cadence Design Systems,Information Technology,0.5386,False
INTC,Information Technology,5,IBM,IBM,Information Technology,0.5337,False
INTC,Information Technology,6,SMCI,Supermicro,Information Technology,0.5205,False
INTC,Information Technology,7,DELL,Dell Technologies,Information Technology,0.5081,False
INTC,Information Technology,8,SNPS,Synopsys,Information Technology,0.5051,False
INTC,Information Technology,9,TXN,Texas Instruments,Information Technology,0.5042,False
INTC,Information Technology,10,NVDA,Nvidia,Information Technology,0.5032,False
IBKR,Financials,1,CBOE,Cboe Global Markets,Financials,0.5902,False
IBKR,Financials,2,BR,Broadridge Financial Solutions,Industrials,0.5015,True
IBKR,Financials,3,ICE,Intercontinental Exchange,Financials,0.4975,False
IBKR,Financials,4,C,Citigroup,Financials,0.4875,False
IBKR,Financials,5,INTU,Intuit,Information Technology,0.4841,True
IBKR,Financials,6,BNY,BNY Mellon,Financials,0.4755,False
IBKR,Financials,7,SCHW,Charles Schwab Corporation,Financials,0.4698,False
IBKR,Financials,8,STT,State Street Corporation,Financials,0.4609,False
IBKR,Financials,9,HOOD,Robinhood Markets,Financials,0.46,False
IBKR,Financials,10,XYZ,"Block, Inc.",Financials,0.4439,False
ICE,Financials,1,CBOE,Cboe Global Markets,Financials,0.5967,False
ICE,Financials,2,C,Citigroup,Financials,0.5761,False
ICE,Financials,3,BR,Broadridge Financial Solutions,Industrials,0.5638,True
ICE,Financials,4,BAC,Bank of America,Financials,0.5533,False
ICE,Financials,5,RF,Regions Financial Corporation,Financials,0.5349,False
ICE,Financials,6,EFX,Equifax,Industrials,0.5311,True
ICE,Financials,7,BNY,BNY Mellon,Financials,0.5278,False
ICE,Financials,8,RJF,Raymond James Financial,Financials,0.5174,False
ICE,Financials,9,GPN,Global Payments,Financials,0.5128,False
ICE,Financials,10,STT,State Street Corporation,Financials,0.5116,False
IFF,Materials,1,MDLZ,Mondelez International,Consumer Staples,0.5982,True
IFF,Materials,2,HSY,Hershey Company (The),Consumer Staples,0.5973,True
IFF,Materials,3,KHC,Kraft Heinz,Consumer Staples,0.5707,True
IFF,Materials,4,MKC,McCormick & Company,Consumer Staples,0.5644,True
IFF,Materials,5,CPB,Campbell's Company (The),Consumer Staples,0.5392,True
IFF,Materials,6,HRL,Hormel Foods,Consumer Staples,0.5176,True
IFF,Materials,7,SJM,J.M. Smucker Company (The),Consumer Staples,0.5024,True
IFF,Materials,8,KDP,Keurig Dr Pepper,Consumer Staples,0.5002,True
IFF,Materials,9,GIS,General Mills,Consumer Staples,0.4981,True
IFF,Materials,10,BG,Bunge Global,Consumer Staples,0.4897,True
IP,Materials,1,PKG,Packaging Corporation of America,Materials,0.7498,False
IP,Materials,2,SW,Smurfit Westrock,Materials,0.5914,False
IP,Materials,3,AMCR,Amcor,Materials,0.5658,False
IP,Materials,4,CHRW,C.H. Robinson,Industrials,0.4626,True
IP,Materials,5,UPS,United Parcel Service,Industrials,0.4438,True
IP,Materials,6,MDLZ,Mondelez International,Consumer Staples,0.4437,True
IP,Materials,7,BALL,Ball Corporation,Materials,0.4265,False
IP,Materials,8,KHC,Kraft Heinz,Consumer Staples,0.4211,True
IP,Materials,9,FDX,FedEx,Industrials,0.4193,True
IP,Materials,10,FDXF,FedEx Freight,Industrials,0.4122,True
INTU,Information Technology,1,MA,Mastercard,Financials,0.5592,True
INTU,Information Technology,2,EFX,Equifax,Industrials,0.5514,True
INTU,Information Technology,3,XYZ,"Block, Inc.",Financials,0.5483,True
INTU,Information Technology,4,CPRT,Copart,Industrials,0.5316,True
INTU,Information Technology,5,SYF,Synchrony Financial,Financials,0.5308,True
INTU,Information Technology,6,C,Citigroup,Financials,0.5287,True
INTU,Information Technology,7,JKHY,Jack Henry & Associates,Financials,0.5204,True
INTU,Information Technology,8,USB,U.S. Bancorp,Financials,0.5202,True
INTU,Information Technology,9,IBM,IBM,Information Technology,0.5032,False
INTU,Information Technology,10,FITB,Fifth Third Bancorp,Financials,0.4992,True
ISRG,Health Care,1,SYK,Stryker Corporation,Health Care,0.5145,False
ISRG,Health Care,2,FTV,Fortive,Industrials,0.4836,True
ISRG,Health Care,3,MDT,Medtronic,Health Care,0.4546,False
ISRG,Health Care,4,BAX,Baxter International,Health Care,0.4382,False
ISRG,Health Care,5,JNJ,Johnson & Johnson,Health Care,0.436,False
ISRG,Health Care,6,BSX,Boston Scientific,Health Care,0.4102,False
ISRG,Health Care,7,GEHC,GE HealthCare,Health Care,0.4071,False
ISRG,Health Care,8,MCK,McKesson Corporation,Health Care,0.4028,False
ISRG,Health Care,9,CAH,Cardinal Health,Health Care,0.3916,False
ISRG,Health Care,10,CTSH,Cognizant,Information Technology,0.3892,True
IVZ,Financials,1,AMP,Ameriprise Financial,Financials,0.6026,False
IVZ,Financials,2,BLK,BlackRock,Financials,0.5826,False
IVZ,Financials,3,RJF,Raymond James Financial,Financials,0.5547,False
IVZ,Financials,4,ARES,Ares Management,Financials,0.5464,False
IVZ,Financials,5,MS,Morgan Stanley,Financials,0.5399,False
IVZ,Financials,6,C,Citigroup,Financials,0.5291,False
IVZ,Financials,7,BNY,BNY Mellon,Financials,0.5194,False
IVZ,Financials,8,HOOD,Robinhood Markets,Financials,0.5127,False
IVZ,Financials,9,STT,State Street Corporation,Financials,0.5108,False
IVZ,Financials,10,SCHW,Charles Schwab Corporation,Financials,0.5062,False
INVH,Real Estate,1,WELL,Welltower,Real Estate,0.4973,False
INVH,Real Estate,2,EQR,Equity Residential,Real Estate,0.4944,False
INVH,Real Estate,3,BXP,"BXP, Inc.",Real Estate,0.4266,False
INVH,Real Estate,4,DOC,Healthpeak Properties,Real Estate,0.4208,False
INVH,Real Estate,5,VICI,Vici Properties,Real Estate,0.3999,False
INVH,Real Estate,6,NVR,"NVR, Inc.",Consumer Discretionary,0.3985,True
INVH,Real Estate,7,HD,Home Depot (The),Consumer Discretionary,0.3954,True
INVH,Real Estate,8,CSGP,CoStar Group,Real Estate,0.3947,False
INVH,Real Estate,9,BLDR,Builders FirstSource,Industrials,0.3946,True
INVH,Real Estate,10,MAA,Mid-America Apartment Communities,Real Estate,0.3876,False
IQV,Health Care,1,VEEV,Veeva Systems,Health Care,0.5444,False
IQV,Health Care,2,COR,Cencora,Health Care,0.5201,False
IQV,Health Care,3,DGX,Quest Diagnostics,Health Care,0.5089,False
IQV,Health Care,4,ELV,Elevance Health,Health Care,0.4811,False
IQV,Health Care,5,GEHC,GE HealthCare,Health Care,0.4734,False
IQV,Health Care,6,TECH,Bio-Techne,Health Care,0.4711,False
IQV,Health Care,7,CTSH,Cognizant,Information Technology,0.4691,True
IQV,Health Care,8,GRMN,Garmin,Consumer Discretionary,0.4676,True
IQV,Health Care,9,ABBV,AbbVie,Health Care,0.4598,False
IQV,Health Care,10,UNH,UnitedHealth Group,Health Care,0.4592,False
IRM,Real Estate,1,WELL,Welltower,Real Estate,0.4994,False
IRM,Real Estate,2,EG,Everest Group,Financials,0.4951,True
IRM,Real Estate,3,NTRS,Northern Trust,Financials,0.4433,True
IRM,Real Estate,4,FRT,Federal Realty Investment Trust,Real Estate,0.4264,False
IRM,Real Estate,5,AMT,American Tower,Real Estate,0.4194,False
IRM,Real Estate,6,MSCI,MSCI Inc.,Financials,0.4136,True
IRM,Real Estate,7,GS,Goldman Sachs,Financials,0.4124,True
IRM,Real Estate,8,BNY,BNY Mellon,Financials,0.4124,True
IRM,Real Estate,9,AJG,Arthur J. Gallagher & Co.,Financials,0.4118,True
IRM,Real Estate,10,O,Realty Income,Real Estate,0.4077,False
JBHT,Industrials,1,JBL,Jabil,Information Technology,0.5598,True
JBHT,Industrials,2,CSX,CSX Corporation,Industrials,0.5275,False
JBHT,Industrials,3,PCAR,Paccar,Industrials,0.5126,False
JBHT,Industrials,4,CAT,Caterpillar Inc.,Industrials,0.5023,False
JBHT,Industrials,5,BA,Boeing,Industrials,0.4739,False
JBHT,Industrials,6,GD,General Dynamics,Industrials,0.4712,False
JBHT,Industrials,7,UBER,Uber,Industrials,0.4668,False
JBHT,Industrials,8,DE,Deere & Company,Industrials,0.4633,False
JBHT,Industrials,9,CHRW,C.H. Robinson,Industrials,0.4559,False
JBHT,Industrials,10,MMM,3M,Industrials,0.4491,False
JBL,Information Technology,1,JBHT,J.B. Hunt,Industrials,0.5598,True
JBL,Information Technology,2,LDOS,Leidos,Industrials,0.4967,True
JBL,Information Technology,3,MTD,Mettler Toledo,Health Care,0.4762,True
JBL,Information Technology,4,VRT,Vertiv,Industrials,0.4595,True
JBL,Information Technology,5,NOW,ServiceNow,Information Technology,0.4594,False
JBL,Information Technology,6,PH,Parker Hannifin,Industrials,0.4539,True
JBL,Information Technology,7,ROP,Roper Technologies,Information Technology,0.4498,False
JBL,Information Technology,8,IQV,IQVIA,Health Care,0.4489,True
JBL,Information Technology,9,DOV,Dover Corporation,Industrials,0.4443,True
JBL,Information Technology,10,CDNS,Cadence Design Systems,Information Technology,0.4399,False
JKHY,Financials,1,USB,U.S. Bancorp,Financials,0.5962,False
JKHY,Financials,2,MA,Mastercard,Financials,0.5625,False
JKHY,Financials,3,C,Citigroup,Financials,0.5533,False
JKHY,Financials,4,BNY,BNY Mellon,Financials,0.5378,False
JKHY,Financials,5,SYF,Synchrony Financial,Financials,0.5244,False
JKHY,Financials,6,INTU,Intuit,Information Technology,0.5204,True
JKHY,Financials,7,RJF,Raymond James Financial,Financials,0.5108,False
JKHY,Financials,8,XYZ,"Block, Inc.",Financials,0.5082,False
JKHY,Financials,9,FITB,Fifth Third Bancorp,Financials,0.5068,False
JKHY,Financials,10,MTB,M&T Bank,Financials,0.504,False
J,Industrials,1,JBHT,J.B. Hunt,Industrials,0.3901,False
J,Industrials,2,ADM,Archer Daniels Midland,Consumer Staples,0.3853,True
J,Industrials,3,BEN,Franklin Resources,Financials,0.3782,True
J,Industrials,4,JBL,Jabil,Information Technology,0.3565,True
J,Industrials,5,TJX,TJX Companies,Consumer Discretionary,0.3559,True
J,Industrials,6,DHI,D. R. Horton,Consumer Discretionary,0.3544,True
J,Industrials,7,AWK,American Water Works,Utilities,0.3543,True
J,Industrials,8,IT,Gartner,Information Technology,0.3392,True
J,Industrials,9,EXC,Exelon,Utilities,0.3346,True
J,Industrials,10,CBRE,CBRE Group,Real Estate,0.3181,True
JNJ,Health Care,1,SYK,Stryker Corporation,Health Care,0.5357,False
JNJ,Health Care,2,MCK,McKesson Corporation,Health Care,0.5208,False
JNJ,Health Care,3,MDT,Medtronic,Health Care,0.474,False
JNJ,Health Care,4,ELV,Elevance Health,Health Care,0.4624,False
JNJ,Health Care,5,WST,West Pharmaceutical Services,Health Care,0.455,False
JNJ,Health Care,6,GEHC,GE HealthCare,Health Care,0.4479,False
JNJ,Health Care,7,BAX,Baxter International,Health Care,0.4421,False
JNJ,Health Care,8,ZBH,Zimmer Biomet,Health Care,0.4387,False
JNJ,Health Care,9,ISRG,Intuitive Surgical,Health Care,0.436,False
JNJ,Health Care,10,COR,Cencora,Health Care,0.4333,False
JCI,Industrials,1,ETN,Eaton Corporation,Industrials,0.4759,False
JCI,Industrials,2,AON,Aon plc,Financials,0.4555,True
JCI,Industrials,3,ROK,Rockwell Automation,Industrials,0.4295,False
JCI,Industrials,4,IBM,IBM,Information Technology,0.419,True
JCI,Industrials,5,IP,International Paper,Materials,0.4101,True
JCI,Industrials,6,ERIE,Erie Indemnity,Financials,0.401,True
JCI,Industrials,7,MCD,McDonald's,Consumer Discretionary,0.3994,True
JCI,Industrials,8,TT,Trane Technologies,Industrials,0.3967,False
JCI,Industrials,9,TROW,T. Rowe Price,Financials,0.3962,True
JCI,Industrials,10,APTV,Aptiv,Consumer Discretionary,0.3958,True
JPM,Financials,1,RF,Regions Financial Corporation,Financials,0.6389,False
JPM,Financials,2,MS,Morgan Stanley,Financials,0.6353,False
JPM,Financials,3,USB,U.S. Bancorp,Financials,0.6222,False
JPM,Financials,4,GS,Goldman Sachs,Financials,0.6151,False
JPM,Financials,5,MTB,M&T Bank,Financials,0.6097,False
JPM,Financials,6,BNY,BNY Mellon,Financials,0.6095,False
JPM,Financials,7,C,Citigroup,Financials,0.5944,False
JPM,Financials,8,BAC,Bank of America,Financials,0.5888,False
JPM,Financials,9,RJF,Raymond James Financial,Financials,0.5856,False
JPM,Financials,10,PNC,PNC Financial Services,Financials,0.5853,False
KVUE,Consumer Staples,1,PG,Procter & Gamble,Consumer Staples,0.5476,False
KVUE,Consumer Staples,2,MRK,Merck & Co.,Health Care,0.547,True
KVUE,Consumer Staples,3,COR,Cencora,Health Care,0.5068,True
KVUE,Consumer Staples,4,CHD,Church & Dwight,Consumer Staples,0.5018,False
KVUE,Consumer Staples,5,CVS,CVS Health,Health Care,0.4752,True
KVUE,Consumer Staples,6,PFE,Pfizer,Health Care,0.4622,True
KVUE,Consumer Staples,7,BIIB,Biogen,Health Care,0.4612,True
KVUE,Consumer Staples,8,KHC,Kraft Heinz,Consumer Staples,0.461,False
KVUE,Consumer Staples,9,AMGN,Amgen,Health Care,0.4535,True
KVUE,Consumer Staples,10,MKC,McCormick & Company,Consumer Staples,0.4471,False
KDP,Consumer Staples,1,KHC,Kraft Heinz,Consumer Staples,0.644,False
KDP,Consumer Staples,2,TAP,Molson Coors Beverage Company,Consumer Staples,0.639,False
KDP,Consumer Staples,3,KO,Coca-Cola Company (The),Consumer Staples,0.623,False
KDP,Consumer Staples,4,PEP,PepsiCo,Consumer Staples,0.5957,False
KDP,Consumer Staples,5,HSY,Hershey Company (The),Consumer Staples,0.5878,False
KDP,Consumer Staples,6,SBUX,Starbucks,Consumer Discretionary,0.5668,True
KDP,Consumer Staples,7,MNST,Monster Beverage,Consumer Staples,0.5654,False
KDP,Consumer Staples,8,SJM,J.M. Smucker Company (The),Consumer Staples,0.5524,False
KDP,Consumer Staples,9,MKC,McCormick & Company,Consumer Staples,0.5043,False
KDP,Consumer Staples,10,IFF,International Flavors & Fragrances,Materials,0.5002,True
KEY,Financials,1,USB,U.S. Bancorp,Financials,0.6265,False
KEY,Financials,2,BNY,BNY Mellon,Financials,0.6178,False
KEY,Financials,3,MTB,M&T Bank,Financials,0.593,False
KEY,Financials,4,WFC,Wells Fargo,Financials,0.5912,False
KEY,Financials,5,MS,Morgan Stanley,Financials,0.5717,False
KEY,Financials,6,C,Citigroup,Financials,0.5654,False
KEY,Financials,7,RJF,Raymond James Financial,Financials,0.5645,False
KEY,Financials,8,COF,Capital One,Financials,0.5425,False
KEY,Financials,9,CFG,Citizens Financial Group,Financials,0.5303,False
KEY,Financials,10,RF,Regions Financial Corporation,Financials,0.5296,False
KEYS,Information Technology,1,CTSH,Cognizant,Information Technology,0.4259,False
KEYS,Information Technology,2,SWKS,Skyworks Solutions,Information Technology,0.4238,False
KEYS,Information Technology,3,TDY,Teledyne Technologies,Information Technology,0.4021,False
KEYS,Information Technology,4,ROP,Roper Technologies,Information Technology,0.4009,False
KEYS,Information Technology,5,HON,Honeywell,Industrials,0.3985,True
KEYS,Information Technology,6,DELL,Dell Technologies,Information Technology,0.3917,False
KEYS,Information Technology,7,PTC,PTC Inc.,Information Technology,0.3916,False
KEYS,Information Technology,8,LHX,L3Harris,Industrials,0.3904,True
KEYS,Information Technology,9,ADI,Analog Devices,Information Technology,0.3827,False
KEYS,Information Technology,10,LMT,Lockheed Martin,Industrials,0.3817,True
KMB,Consumer Staples,1,CLX,Clorox,Consumer Staples,0.5797,False
KMB,Consumer Staples,2,CHD,Church & Dwight,Consumer Staples,0.5048,False
KMB,Consumer Staples,3,PG,Procter & Gamble,Consumer Staples,0.5008,False
KMB,Consumer Staples,4,RL,Ralph Lauren Corporation,Consumer Discretionary,0.4496,True
KMB,Consumer Staples,5,DG,Dollar General,Consumer Staples,0.446,False
KMB,Consumer Staples,6,KVUE,Kenvue,Consumer Staples,0.4435,False
KMB,Consumer Staples,7,CPB,Campbell's Company (The),Consumer Staples,0.4223,False
KMB,Consumer Staples,8,HSY,Hershey Company (The),Consumer Staples,0.414,False
KMB,Consumer Staples,9,TGT,Target Corporation,Consumer Staples,0.413,False
KMB,Consumer Staples,10,TPR,"Tapestry, Inc.",Consumer Discretionary,0.4093,True
KIM,Real Estate,1,FRT,Federal Realty Investment Trust,Real Estate,0.6192,False
KIM,Real Estate,2,DLR,Digital Realty,Real Estate,0.5815,False
KIM,Real Estate,3,O,Realty Income,Real Estate,0.5585,False
KIM,Real Estate,4,REG,Regency Centers,Real Estate,0.5313,False
KIM,Real Estate,5,KR,Kroger,Consumer Staples,0.4778,True
KIM,Real Estate,6,IVZ,Invesco,Financials,0.4691,True
KIM,Real Estate,7,BXP,"BXP, Inc.",Real Estate,0.4582,False
KIM,Real Estate,8,DOC,Healthpeak Properties,Real Estate,0.4407,False
KIM,Real Estate,9,EQR,Equity Residential,Real Estate,0.44,False
KIM,Real Estate,10,CBRE,CBRE Group,Real Estate,0.4294,False
KMI,Energy,1,CVX,Chevron Corporation,Energy,0.5694,False
KMI,Energy,2,MPC,Marathon Petroleum,Energy,0.5683,False
KMI,Energy,3,OKE,Oneok,Energy,0.5645,False
KMI,Energy,4,WMB,Williams Companies,Energy,0.5259,False
KMI,Energy,5,BKR,Baker Hughes,Energy,0.5214,False
KMI,Energy,6,TRGP,Targa Resources,Energy,0.5169,False
KMI,Energy,7,ATO,Atmos Energy,Utilities,0.5108,True
KMI,Energy,8,XOM,ExxonMobil,Energy,0.4844,False
KMI,Energy,9,XEL,Xcel Energy,Utilities,0.4675,True
KMI,Energy,10,PCAR,Paccar,Industrials,0.4662,True
KKR,Financials,1,NRG,NRG Energy,Utilities,0.445,True
KKR,Financials,2,IVZ,Invesco,Financials,0.4258,False
KKR,Financials,3,JBL,Jabil,Information Technology,0.4143,True
KKR,Financials,4,PWR,Quanta Services,Industrials,0.4032,True
KKR,Financials,5,DUK,Duke Energy,Utilities,0.3948,True
KKR,Financials,6,AME,Ametek,Industrials,0.3918,True
KKR,Financials,7,BX,Blackstone Inc.,Financials,0.3894,False
KKR,Financials,8,KIM,Kimco Realty,Real Estate,0.3889,True
KKR,Financials,9,KR,Kroger,Consumer Staples,0.3847,True
KKR,Financials,10,IBKR,Interactive Brokers,Financials,0.3801,False
KLAC,Information Technology,1,LRCX,Lam Research,Information Technology,0.5787,False
KLAC,Information Technology,2,MTD,Mettler Toledo,Health Care,0.4855,True
KLAC,Information Technology,3,Q,Qnity Electronics,Information Technology,0.4835,False
KLAC,Information Technology,4,VLTO,Veralto,Industrials,0.4582,True
KLAC,Information Technology,5,GLW,Corning Inc.,Information Technology,0.4488,False
KLAC,Information Technology,6,ITW,Illinois Tool Works,Industrials,0.447,True
KLAC,Information Technology,7,NDSN,Nordson Corporation,Industrials,0.4345,True
KLAC,Information Technology,8,TER,Teradyne,Information Technology,0.433,False
KLAC,Information Technology,9,MMM,3M,Industrials,0.4286,True
KLAC,Information Technology,10,AVY,Avery Dennison,Materials,0.4079,True
KHC,Consumer Staples,1,HSY,Hershey Company (The),Consumer Staples,0.6667,False
KHC,Consumer Staples,2,HRL,Hormel Foods,Consumer Staples,0.6466,False
KHC,Consumer Staples,3,KDP,Keurig Dr Pepper,Consumer Staples,0.644,False
KHC,Consumer Staples,4,MKC,McCormick & Company,Consumer Staples,0.6276,False
KHC,Consumer Staples,5,MDLZ,Mondelez International,Consumer Staples,0.6242,False
KHC,Consumer Staples,6,GIS,General Mills,Consumer Staples,0.6218,False
KHC,Consumer Staples,7,SJM,J.M. Smucker Company (The),Consumer Staples,0.6177,False
KHC,Consumer Staples,8,CAG,Conagra Brands,Consumer Staples,0.5772,False
KHC,Consumer Staples,9,IFF,International Flavors & Fragrances,Materials,0.5707,True
KHC,Consumer Staples,10,TSN,Tyson Foods,Consumer Staples,0.5593,False
KR,Consumer Staples,1,WMT,Walmart,Consumer Staples,0.6499,False
KR,Consumer Staples,2,TGT,Target Corporation,Consumer Staples,0.5908,False
KR,Consumer Staples,3,MKC,McCormick & Company,Consumer Staples,0.5395,False
KR,Consumer Staples,4,COST,Costco,Consumer Staples,0.536,False
KR,Consumer Staples,5,KHC,Kraft Heinz,Consumer Staples,0.5318,False
KR,Consumer Staples,6,DG,Dollar General,Consumer Staples,0.5213,False
KR,Consumer Staples,7,GIS,General Mills,Consumer Staples,0.5174,False
KR,Consumer Staples,8,PEP,PepsiCo,Consumer Staples,0.5103,False
KR,Consumer Staples,9,CAG,Conagra Brands,Consumer Staples,0.5068,False
KR,Consumer Staples,10,LOW,Lowe's,Consumer Discretionary,0.5035,True
LHX,Industrials,1,LMT,Lockheed Martin,Industrials,0.4481,False
LHX,Industrials,2,SWKS,Skyworks Solutions,Information Technology,0.4252,True
LHX,Industrials,3,TDY,Teledyne Technologies,Information Technology,0.4156,True
LHX,Industrials,4,DELL,Dell Technologies,Information Technology,0.4099,True
LHX,Industrials,5,BA,Boeing,Industrials,0.4048,False
LHX,Industrials,6,GD,General Dynamics,Industrials,0.4044,False
LHX,Industrials,7,MSI,Motorola Solutions,Information Technology,0.4001,True
LHX,Industrials,8,MMM,3M,Industrials,0.3928,False
LHX,Industrials,9,STX,Seagate Technology,Information Technology,0.3905,True
LHX,Industrials,10,KEYS,Keysight Technologies,Information Technology,0.3904,True
LH,Health Care,1,DGX,Quest Diagnostics,Health Care,0.6071,False
LH,Health Care,2,TMO,Thermo Fisher Scientific,Health Care,0.5142,False
LH,Health Care,3,IDXX,Idexx Laboratories,Health Care,0.4902,False
LH,Health Care,4,ABT,Abbott Laboratories,Health Care,0.488,False
LH,Health Care,5,MCK,McKesson Corporation,Health Care,0.4831,False
LH,Health Care,6,BSX,Boston Scientific,Health Care,0.4708,False
LH,Health Care,7,VEEV,Veeva Systems,Health Care,0.4703,False
LH,Health Care,8,COR,Cencora,Health Care,0.4662,False
LH,Health Care,9,CRL,Charles River Laboratories,Health Care,0.4511,False
LH,Health Care,10,TECH,Bio-Techne,Health Care,0.4488,False
LRCX,Information Technology,1,KLAC,KLA Corporation,Information Technology,0.5787,False
LRCX,Information Technology,2,ITW,Illinois Tool Works,Industrials,0.4738,True
LRCX,Information Technology,3,NDSN,Nordson Corporation,Industrials,0.4536,True
LRCX,Information Technology,4,AVY,Avery Dennison,Materials,0.4404,True
LRCX,Information Technology,5,Q,Qnity Electronics,Information Technology,0.4372,False
LRCX,Information Technology,6,TER,Teradyne,Information Technology,0.4319,False
LRCX,Information Technology,7,IR,Ingersoll Rand,Industrials,0.4184,True
LRCX,Information Technology,8,VRT,Vertiv,Industrials,0.4183,True
LRCX,Information Technology,9,DOV,Dover Corporation,Industrials,0.4182,True
LRCX,Information Technology,10,PTC,PTC Inc.,Information Technology,0.4094,False
LVS,Consumer Discretionary,1,CCL,Carnival Corporation,Consumer Discretionary,0.5329,False
LVS,Consumer Discretionary,2,WYNN,Wynn Resorts,Consumer Discretionary,0.5223,False
LVS,Consumer Discretionary,3,VICI,Vici Properties,Real Estate,0.4872,True
LVS,Consumer Discretionary,4,MGM,MGM Resorts,Consumer Discretionary,0.4708,False
LVS,Consumer Discretionary,5,RCL,Royal Caribbean Group,Consumer Discretionary,0.4042,False
LVS,Consumer Discretionary,6,CSGP,CoStar Group,Real Estate,0.3716,True
LVS,Consumer Discretionary,7,MRSH,Marsh McLennan,Financials,0.3697,True
LVS,Consumer Discretionary,8,FCX,Freeport-McMoRan,Materials,0.3568,True
LVS,Consumer Discretionary,9,NCLH,Norwegian Cruise Line Holdings,Consumer Discretionary,0.3453,False
LVS,Consumer Discretionary,10,REG,Regency Centers,Real Estate,0.3377,True
LDOS,Industrials,1,JBL,Jabil,Information Technology,0.4967,True
LDOS,Industrials,2,LMT,Lockheed Martin,Industrials,0.4962,False
LDOS,Industrials,3,DOV,Dover Corporation,Industrials,0.4902,False
LDOS,Industrials,4,PWR,Quanta Services,Industrials,0.4699,False
LDOS,Industrials,5,BA,Boeing,Industrials,0.4683,False
LDOS,Industrials,6,MSI,Motorola Solutions,Information Technology,0.4563,True
LDOS,Industrials,7,IEX,IDEX Corporation,Industrials,0.4534,False
LDOS,Industrials,8,BR,Broadridge Financial Solutions,Industrials,0.4532,False
LDOS,Industrials,9,PLTR,Palantir Technologies,Information Technology,0.4451,True
LDOS,Industrials,10,TDG,TransDigm Group,Industrials,0.4399,False
LEN,Consumer Discretionary,1,NVR,"NVR, Inc.",Consumer Discretionary,0.4926,False
LEN,Consumer Discretionary,2,WELL,Welltower,Real Estate,0.4845,True
LEN,Consumer Discretionary,3,WFC,Wells Fargo,Financials,0.4498,True
LEN,Consumer Discretionary,4,LOW,Lowe's,Consumer Discretionary,0.4423,False
LEN,Consumer Discretionary,5,WY,Weyerhaeuser,Real Estate,0.439,True
LEN,Consumer Discretionary,6,BLDR,Builders FirstSource,Industrials,0.436,True
LEN,Consumer Discretionary,7,DHI,D. R. Horton,Consumer Discretionary,0.4352,False
LEN,Consumer Discretionary,8,ACGL,Arch Capital Group,Financials,0.4268,True
LEN,Consumer Discretionary,9,SBAC,SBA Communications,Real Estate,0.4084,True
LEN,Consumer Discretionary,10,REG,Regency Centers,Real Estate,0.4046,True
LII,Industrials,1,TT,Trane Technologies,Industrials,0.5317,False
LII,Industrials,2,FIX,Comfort Systems USA,Industrials,0.5091,False
LII,Industrials,3,ETN,Eaton Corporation,Industrials,0.4853,False
LII,Industrials,4,CARR,Carrier Global,Industrials,0.4767,False
LII,Industrials,5,NDSN,Nordson Corporation,Industrials,0.4533,False
LII,Industrials,6,IR,Ingersoll Rand,Industrials,0.4376,False
LII,Industrials,7,GIS,General Mills,Consumer Staples,0.4327,True
LII,Industrials,8,CMI,Cummins,Industrials,0.4317,False
LII,Industrials,9,CRH,CRH plc,Materials,0.4295,True
LII,Industrials,10,FTV,Fortive,Industrials,0.4171,False
LLY,Health Care,1,BMY,Bristol Myers Squibb,Health Care,0.5917,False
LLY,Health Care,2,ABBV,AbbVie,Health Care,0.5812,False
LLY,Health Care,3,BIIB,Biogen,Health Care,0.5697,False
LLY,Health Care,4,PFE,Pfizer,Health Care,0.5578,False
LLY,Health Care,5,AMGN,Amgen,Health Care,0.5524,False
LLY,Health Care,6,MRK,Merck & Co.,Health Care,0.5409,False
LLY,Health Care,7,REGN,Regeneron Pharmaceuticals,Health Care,0.5323,False
LLY,Health Care,8,INCY,Incyte,Health Care,0.5251,False
LLY,Health Care,9,PODD,Insulet Corporation,Health Care,0.5188,False
LLY,Health Care,10,ABT,Abbott Laboratories,Health Care,0.4924,False
LIN,Materials,1,APD,Air Products,Materials,0.6396,False
LIN,Materials,2,CF,CF Industries,Materials,0.5153,False
LIN,Materials,3,SO,Southern Company,Utilities,0.4793,True
LIN,Materials,4,LOW,Lowe's,Consumer Discretionary,0.4642,True
LIN,Materials,5,PSX,Phillips 66,Energy,0.4334,True
LIN,Materials,6,NI,NiSource,Utilities,0.4272,True
LIN,Materials,7,XEL,Xcel Energy,Utilities,0.4202,True
LIN,Materials,8,XOM,ExxonMobil,Energy,0.4132,True
LIN,Materials,9,ES,Eversource Energy,Utilities,0.4079,True
LIN,Materials,10,VLO,Valero Energy,Energy,0.4053,True
LYV,Communication Services,1,TKO,TKO Group Holdings,Communication Services,0.4768,False
LYV,Communication Services,2,DIS,Walt Disney Company (The),Communication Services,0.473,False
LYV,Communication Services,3,ADBE,Adobe Inc.,Information Technology,0.4587,True
LYV,Communication Services,4,CMCSA,Comcast,Communication Services,0.4526,False
LYV,Communication Services,5,PSKY,Paramount Skydance Corporation,Communication Services,0.4448,False
LYV,Communication Services,6,WBD,Warner Bros. Discovery,Communication Services,0.4393,False
LYV,Communication Services,7,AAPL,Apple Inc.,Information Technology,0.4229,True
LYV,Communication Services,8,BKNG,Booking Holdings,Consumer Discretionary,0.4093,True
LYV,Communication Services,9,AMZN,Amazon,Consumer Discretionary,0.4044,True
LYV,Communication Services,10,APP,AppLovin,Information Technology,0.3911,True
LMT,Industrials,1,GD,General Dynamics,Industrials,0.6622,False
LMT,Industrials,2,NOC,Northrop Grumman,Industrials,0.6569,False
LMT,Industrials,3,BA,Boeing,Industrials,0.6257,False
LMT,Industrials,4,HON,Honeywell,Industrials,0.5169,False
LMT,Industrials,5,TDY,Teledyne Technologies,Information Technology,0.5081,True
LMT,Industrials,6,RTX,RTX Corporation,Industrials,0.5002,False
LMT,Industrials,7,TDG,TransDigm Group,Industrials,0.4991,False
LMT,Industrials,8,LDOS,Leidos,Industrials,0.4962,False
LMT,Industrials,9,CIEN,Ciena,Information Technology,0.4581,True
LMT,Industrials,10,LHX,L3Harris,Industrials,0.4481,False
L,Financials,1,HIG,Hartford (The),Financials,0.5962,False
L,Financials,2,TRV,Travelers Companies (The),Financials,0.5845,False
L,Financials,3,CB,Chubb Limited,Financials,0.5675,False
L,Financials,4,VRSK,Verisk Analytics,Industrials,0.5518,True
L,Financials,5,ALL,Allstate,Financials,0.5337,False
L,Financials,6,MET,MetLife,Financials,0.5212,False
L,Financials,7,BRO,Brown & Brown,Financials,0.5108,False
L,Financials,8,WRB,W. R. Berkley Corporation,Financials,0.5075,False
L,Financials,9,ELV,Elevance Health,Health Care,0.4938,True
L,Financials,10,AON,Aon plc,Financials,0.4878,False
LOW,Consumer Discretionary,1,HD,Home Depot (The),Consumer Discretionary,0.6157,False
LOW,Consumer Discretionary,2,KR,Kroger,Consumer Staples,0.5035,True
LOW,Consumer Discretionary,3,LIN,Linde plc,Materials,0.4642,True
LOW,Consumer Discretionary,4,WMT,Walmart,Consumer Staples,0.4453,True
LOW,Consumer Discretionary,5,LEN,Lennar,Consumer Discretionary,0.4423,False
LOW,Consumer Discretionary,6,SHW,Sherwin-Williams,Materials,0.4256,True
LOW,Consumer Discretionary,7,DECK,Deckers Brands,Consumer Discretionary,0.4195,False
LOW,Consumer Discretionary,8,AMZN,Amazon,Consumer Discretionary,0.419,False
LOW,Consumer Discretionary,9,FAST,Fastenal,Industrials,0.4115,True
LOW,Consumer Discretionary,10,CF,CF Industries,Materials,0.41,True
LULU,Consumer Discretionary,1,TPR,"Tapestry, Inc.",Consumer Discretionary,0.4867,False
LULU,Consumer Discretionary,2,NKE,"Nike, Inc.",Consumer Discretionary,0.4622,False
LULU,Consumer Discretionary,3,DECK,Deckers Brands,Consumer Discretionary,0.4147,False
LULU,Consumer Discretionary,4,AAPL,Apple Inc.,Information Technology,0.4093,True
LULU,Consumer Discretionary,5,AMZN,Amazon,Consumer Discretionary,0.3882,False
LULU,Consumer Discretionary,6,RL,Ralph Lauren Corporation,Consumer Discretionary,0.3878,False
LULU,Consumer Discretionary,7,PYPL,PayPal,Financials,0.3559,True
LULU,Consumer Discretionary,8,WMT,Walmart,Consumer Staples,0.3546,True
LULU,Consumer Discretionary,9,EBAY,eBay Inc.,Consumer Discretionary,0.3543,False
LULU,Consumer Discretionary,10,BALL,Ball Corporation,Materials,0.3507,True
LITE,Information Technology,1,COHR,Coherent Corp.,Information Technology,0.5198,False
LITE,Information Technology,2,WDC,Western Digital,Information Technology,0.4562,False
LITE,Information Technology,3,CIEN,Ciena,Information Technology,0.4171,False
LITE,Information Technology,4,AMD,Advanced Micro Devices,Information Technology,0.4151,False
LITE,Information Technology,5,AMAT,Applied Materials,Information Technology,0.3945,False
LITE,Information Technology,6,AVGO,Broadcom,Information Technology,0.3878,False
LITE,Information Technology,7,INTC,Intel,Information Technology,0.3869,False
LITE,Information Technology,8,IBM,IBM,Information Technology,0.3781,False
LITE,Information Technology,9,SNDK,Sandisk,Information Technology,0.3738,False
LITE,Information Technology,10,HPE,Hewlett Packard Enterprise,Information Technology,0.3727,False
LYB,Materials,1,DOW,Dow Inc.,Materials,0.4601,False
LYB,Materials,2,XOM,ExxonMobil,Energy,0.453,True
LYB,Materials,3,PSX,Phillips 66,Energy,0.4077,True
LYB,Materials,4,LRCX,Lam Research,Information Technology,0.4037,True
LYB,Materials,5,DD,DuPont,Materials,0.3984,False
LYB,Materials,6,VLO,Valero Energy,Energy,0.392,True
LYB,Materials,7,PH,Parker Hannifin,Industrials,0.3868,True
LYB,Materials,8,DOV,Dover Corporation,Industrials,0.3865,True
LYB,Materials,9,GLW,Corning Inc.,Information Technology,0.386,True
LYB,Materials,10,LIN,Linde plc,Materials,0.3852,False
MTB,Financials,1,USB,U.S. Bancorp,Financials,0.6752,False
MTB,Financials,2,RF,Regions Financial Corporation,Financials,0.636,False
MTB,Financials,3,PNC,PNC Financial Services,Financials,0.6294,False
MTB,Financials,4,BNY,BNY Mellon,Financials,0.6239,False
MTB,Financials,5,JPM,JPMorgan Chase,Financials,0.6097,False
MTB,Financials,6,KEY,KeyCorp,Financials,0.593,False
MTB,Financials,7,C,Citigroup,Financials,0.5872,False
MTB,Financials,8,FITB,Fifth Third Bancorp,Financials,0.5827,False
MTB,Financials,9,BAC,Bank of America,Financials,0.5798,False
MTB,Financials,10,HBAN,Huntington Bancshares,Financials,0.5718,False
MPC,Energy,1,PSX,Phillips 66,Energy,0.6305,False
MPC,Energy,2,CVX,Chevron Corporation,Energy,0.6037,False
MPC,Energy,3,XOM,ExxonMobil,Energy,0.5995,False
MPC,Energy,4,WMB,Williams Companies,Energy,0.5929,False
MPC,Energy,5,OKE,Oneok,Energy,0.5849,False
MPC,Energy,6,KMI,Kinder Morgan,Energy,0.5683,False
MPC,Energy,7,BKR,Baker Hughes,Energy,0.5216,False
MPC,Energy,8,BG,Bunge Global,Consumer Staples,0.5212,True
MPC,Energy,9,PCAR,Paccar,Industrials,0.505,True
MPC,Energy,10,LNT,Alliant Energy,Utilities,0.5045,True
MAR,Consumer Discretionary,1,HLT,Hilton Worldwide,Consumer Discretionary,0.6773,False
MAR,Consumer Discretionary,2,HST,Host Hotels & Resorts,Real Estate,0.5521,True
MAR,Consumer Discretionary,3,MGM,MGM Resorts,Consumer Discretionary,0.5032,False
MAR,Consumer Discretionary,4,REG,Regency Centers,Real Estate,0.4474,True
MAR,Consumer Discretionary,5,CCL,Carnival Corporation,Consumer Discretionary,0.4448,False
MAR,Consumer Discretionary,6,WELL,Welltower,Real Estate,0.4377,True
MAR,Consumer Discretionary,7,STZ,Constellation Brands,Consumer Staples,0.4196,True
MAR,Consumer Discretionary,8,TJX,TJX Companies,Consumer Discretionary,0.407,False
MAR,Consumer Discretionary,9,MDLZ,Mondelez International,Consumer Staples,0.4051,True
MAR,Consumer Discretionary,10,VICI,Vici Properties,Real Estate,0.4048,True
MRSH,Financials,1,MCK,McKesson Corporation,Health Care,0.5267,True
MRSH,Financials,2,AON,Aon plc,Financials,0.5019,False
MRSH,Financials,3,TRV,Travelers Companies (The),Financials,0.4955,False
MRSH,Financials,4,AJG,Arthur J. Gallagher & Co.,Financials,0.4902,False
MRSH,Financials,5,ACGL,Arch Capital Group,Financials,0.4886,False
MRSH,Financials,6,AMP,Ameriprise Financial,Financials,0.4467,False
MRSH,Financials,7,CB,Chubb Limited,Financials,0.4338,False
MRSH,Financials,8,L,Loews Corporation,Financials,0.4314,False
MRSH,Financials,9,CBRE,CBRE Group,Real Estate,0.4281,True
MRSH,Financials,10,REG,Regency Centers,Real Estate,0.4157,True
MLM,Materials,1,VMC,Vulcan Materials Company,Materials,0.3918,False
MLM,Materials,2,NSC,Norfolk Southern,Industrials,0.3905,True
MLM,Materials,3,DD,DuPont,Materials,0.383,False
MLM,Materials,4,LYB,LyondellBasell,Materials,0.3585,False
MLM,Materials,5,AMAT,Applied Materials,Information Technology,0.3498,True
MLM,Materials,6,PSX,Phillips 66,Energy,0.3492,True
MLM,Materials,7,DOW,Dow Inc.,Materials,0.3335,False
MLM,Materials,8,ALB,Albemarle Corporation,Materials,0.3265,False
MLM,Materials,9,SHW,Sherwin-Williams,Materials,0.3246,False
MLM,Materials,10,OKE,Oneok,Energy,0.3217,True
MAS,Industrials,1,AOS,A. O. Smith,Industrials,0.5291,False
MAS,Industrials,2,POOL,Pool Corporation,Consumer Discretionary,0.5119,True
MAS,Industrials,3,PNR,Pentair,Industrials,0.492,False
MAS,Industrials,4,CLX,Clorox,Consumer Staples,0.4753,True
MAS,Industrials,5,MOS,Mosaic Company (The),Materials,0.4494,True
MAS,Industrials,6,CL,Colgate-Palmolive,Consumer Staples,0.4447,True
MAS,Industrials,7,AWK,American Water Works,Utilities,0.4427,True
MAS,Industrials,8,KDP,Keurig Dr Pepper,Consumer Staples,0.4422,True
MAS,Industrials,9,MTD,Mettler Toledo,Health Care,0.4388,True
MAS,Industrials,10,PG,Procter & Gamble,Consumer Staples,0.4288,True
MA,Financials,1,USB,U.S. Bancorp,Financials,0.5694,False
MA,Financials,2,JKHY,Jack Henry & Associates,Financials,0.5625,False
MA,Financials,3,INTU,Intuit,Information Technology,0.5592,True
MA,Financials,4,AXP,American Express,Financials,0.5525,False
MA,Financials,5,SYF,Synchrony Financial,Financials,0.5515,False
MA,Financials,6,XYZ,"Block, Inc.",Financials,0.5489,False
MA,Financials,7,V,Visa Inc.,Financials,0.5462,False
MA,Financials,8,MTB,M&T Bank,Financials,0.5395,False
MA,Financials,9,C,Citigroup,Financials,0.514,False
MA,Financials,10,BNY,BNY Mellon,Financials,0.5008,False
MKC,Consumer Staples,1,KHC,Kraft Heinz,Consumer Staples,0.6276,False
MKC,Consumer Staples,2,IFF,International Flavors & Fragrances,Materials,0.5644,True
MKC,Consumer Staples,3,HRL,Hormel Foods,Consumer Staples,0.5436,False
MKC,Consumer Staples,4,KR,Kroger,Consumer Staples,0.5395,False
MKC,Consumer Staples,5,GIS,General Mills,Consumer Staples,0.5336,False
MKC,Consumer Staples,6,HSY,Hershey Company (The),Consumer Staples,0.524,False
MKC,Consumer Staples,7,MDLZ,Mondelez International,Consumer Staples,0.5142,False
MKC,Consumer Staples,8,CAG,Conagra Brands,Consumer Staples,0.5132,False
MKC,Consumer Staples,9,KDP,Keurig Dr Pepper,Consumer Staples,0.5043,False
MKC,Consumer Staples,10,SJM,J.M. Smucker Company (The),Consumer Staples,0.5009,False
MCD,Consumer Discretionary,1,SBUX,Starbucks,Consumer Discretionary,0.534,False
MCD,Consumer Discretionary,2,DPZ,Domino's,Consumer Discretionary,0.5136,False
MCD,Consumer Discretionary,3,YUM,Yum! Brands,Consumer Discretionary,0.5128,False
MCD,Consumer Discretionary,4,DRI,Darden Restaurants,Consumer Discretionary,0.4993,False
MCD,Consumer Discretionary,5,KHC,Kraft Heinz,Consumer Staples,0.493,True
MCD,Consumer Discretionary,6,SYY,Sysco,Consumer Staples,0.4901,True
MCD,Consumer Discretionary,7,GIS,General Mills,Consumer Staples,0.48,True
MCD,Consumer Discretionary,8,CAG,Conagra Brands,Consumer Staples,0.4763,True
MCD,Consumer Discretionary,9,TSN,Tyson Foods,Consumer Staples,0.4573,True
MCD,Consumer Discretionary,10,CASY,Casey's,Consumer Staples,0.4564,True
MCK,Health Care,1,COR,Cencora,Health Care,0.5661,False
MCK,Health Care,2,VTRS,Viatris,Health Care,0.5644,False
MCK,Health Care,3,CVS,CVS Health,Health Care,0.5487,False
MCK,Health Care,4,ELV,Elevance Health,Health Care,0.5417,False
MCK,Health Care,5,MRSH,Marsh McLennan,Financials,0.5267,True
MCK,Health Care,6,CAH,Cardinal Health,Health Care,0.5241,False
MCK,Health Care,7,JNJ,Johnson & Johnson,Health Care,0.5208,False
MCK,Health Care,8,CNC,Centene Corporation,Health Care,0.5156,False
MCK,Health Care,9,BAX,Baxter International,Health Care,0.4899,False
MCK,Health Care,10,CI,Cigna,Health Care,0.4839,False
MDT,Health Care,1,FTV,Fortive,Industrials,0.5329,True
MDT,Health Care,2,SYK,Stryker Corporation,Health Care,0.5114,False
MDT,Health Care,3,GEHC,GE HealthCare,Health Care,0.5114,False
MDT,Health Care,4,BSX,Boston Scientific,Health Care,0.4909,False
MDT,Health Care,5,BDX,Becton Dickinson,Health Care,0.4904,False
MDT,Health Care,6,MCK,McKesson Corporation,Health Care,0.4797,False
MDT,Health Care,7,ZBH,Zimmer Biomet,Health Care,0.4748,False
MDT,Health Care,8,JNJ,Johnson & Johnson,Health Care,0.474,False
MDT,Health Care,9,ELV,Elevance Health,Health Care,0.4702,False
MDT,Health Care,10,ABBV,AbbVie,Health Care,0.4633,False
MRK,Health Care,1,PG,Procter & Gamble,Consumer Staples,0.5964,True
MRK,Health Care,2,KVUE,Kenvue,Consumer Staples,0.547,True
MRK,Health Care,3,LLY,Lilly (Eli),Health Care,0.5409,False
MRK,Health Care,4,CL,Colgate-Palmolive,Consumer Staples,0.5396,True
MRK,Health Care,5,BIIB,Biogen,Health Care,0.5391,False
MRK,Health Care,6,ZTS,Zoetis,Health Care,0.5382,False
MRK,Health Care,7,COR,Cencora,Health Care,0.537,False
MRK,Health Care,8,PFE,Pfizer,Health Care,0.5311,False
MRK,Health Care,9,GILD,Gilead Sciences,Health Care,0.5179,False
MRK,Health Care,10,MRNA,Moderna,Health Care,0.4976,False
META,Communication Services,1,CRM,Salesforce,Information Technology,0.4682,True
META,Communication Services,2,PLTR,Palantir Technologies,Information Technology,0.4415,True
META,Communication Services,3,FFIV,"F5, Inc.",Information Technology,0.4277,True
META,Communication Services,4,CDNS,Cadence Design Systems,Information Technology,0.4097,True
META,Communication Services,5,IQV,IQVIA,Health Care,0.405,True
META,Communication Services,6,APP,AppLovin,Information Technology,0.4016,True
META,Communication Services,7,WBD,Warner Bros. Discovery,Communication Services,0.3941,False
META,Communication Services,8,ADBE,Adobe Inc.,Information Technology,0.3919,True
META,Communication Services,9,IBM,IBM,Information Technology,0.3879,True
META,Communication Services,10,XYZ,"Block, Inc.",Financials,0.3852,True
MET,Financials,1,PRU,Prudential Financial,Financials,0.6456,False
MET,Financials,2,PFG,Principal Financial Group,Financials,0.5903,False
MET,Financials,3,TRV,Travelers Companies (The),Financials,0.5425,False
MET,Financials,4,L,Loews Corporation,Financials,0.5212,False
MET,Financials,5,GL,Globe Life,Financials,0.5118,False
MET,Financials,6,CBRE,CBRE Group,Real Estate,0.5061,True
MET,Financials,7,HIG,Hartford (The),Financials,0.4904,False
MET,Financials,8,AON,Aon plc,Financials,0.4861,False
MET,Financials,9,AIG,American International Group,Financials,0.4851,False
MET,Financials,10,CINF,Cincinnati Financial,Financials,0.4762,False
MTD,Health Care,1,ITW,Illinois Tool Works,Industrials,0.5287,True
MTD,Health Care,2,A,Agilent Technologies,Health Care,0.5265,False
MTD,Health Care,3,WAT,Waters Corporation,Health Care,0.5012,False
MTD,Health Care,4,KLAC,KLA Corporation,Information Technology,0.4855,True
MTD,Health Care,5,JBL,Jabil,Information Technology,0.4762,True
MTD,Health Care,6,NDSN,Nordson Corporation,Industrials,0.4752,True
MTD,Health Care,7,IDXX,Idexx Laboratories,Health Care,0.4718,False
MTD,Health Care,8,TXN,Texas Instruments,Information Technology,0.465,True
MTD,Health Care,9,VLTO,Veralto,Industrials,0.4487,True
MTD,Health Care,10,MAS,Masco,Industrials,0.4388,True
MGM,Consumer Discretionary,1,WYNN,Wynn Resorts,Consumer Discretionary,0.603,False
MGM,Consumer Discretionary,2,HLT,Hilton Worldwide,Consumer Discretionary,0.5417,False
MGM,Consumer Discretionary,3,DIS,Walt Disney Company (The),Communication Services,0.5238,True
MGM,Consumer Discretionary,4,MAR,Marriott International,Consumer Discretionary,0.5032,False
MGM,Consumer Discretionary,5,CCL,Carnival Corporation,Consumer Discretionary,0.499,False
MGM,Consumer Discretionary,6,HST,Host Hotels & Resorts,Real Estate,0.4712,True
MGM,Consumer Discretionary,7,LVS,Las Vegas Sands,Consumer Discretionary,0.4708,False
MGM,Consumer Discretionary,8,TKO,TKO Group Holdings,Communication Services,0.4472,True
MGM,Consumer Discretionary,9,BKNG,Booking Holdings,Consumer Discretionary,0.4354,False
MGM,Consumer Discretionary,10,AMT,American Tower,Real Estate,0.4336,True
MCHP,Information Technology,1,MU,Micron Technology,Information Technology,0.6615,False
MCHP,Information Technology,2,TXN,Texas Instruments,Information Technology,0.6317,False
MCHP,Information Technology,3,AMD,Advanced Micro Devices,Information Technology,0.5808,False
MCHP,Information Technology,4,ADI,Analog Devices,Information Technology,0.5698,False
MCHP,Information Technology,5,INTC,Intel,Information Technology,0.5444,False
MCHP,Information Technology,6,CDNS,Cadence Design Systems,Information Technology,0.5062,False
MCHP,Information Technology,7,AME,Ametek,Industrials,0.4786,True
MCHP,Information Technology,8,QCOM,Qualcomm,Information Technology,0.4657,False
MCHP,Information Technology,9,ON,ON Semiconductor,Information Technology,0.4587,False
MCHP,Information Technology,10,DELL,Dell Technologies,Information Technology,0.4385,False
MU,Information Technology,1,MCHP,Microchip Technology,Information Technology,0.6615,False
MU,Information Technology,2,SNDK,Sandisk,Information Technology,0.6469,False
MU,Information Technology,3,AMD,Advanced Micro Devices,Information Technology,0.5346,False
MU,Information Technology,4,STX,Seagate Technology,Information Technology,0.5122,False
MU,Information Technology,5,DELL,Dell Technologies,Information Technology,0.4839,False
MU,Information Technology,6,INTC,Intel,Information Technology,0.4822,False
MU,Information Technology,7,SMCI,Supermicro,Information Technology,0.4787,False
MU,Information Technology,8,TXN,Texas Instruments,Information Technology,0.4632,False
MU,Information Technology,9,IBM,IBM,Information Technology,0.4368,False
MU,Information Technology,10,PTC,PTC Inc.,Information Technology,0.3897,False
MSFT,Information Technology,1,IBM,IBM,Information Technology,0.6428,False
MSFT,Information Technology,2,ORCL,Oracle Corporation,Information Technology,0.5297,False
MSFT,Information Technology,3,ACN,Accenture,Information Technology,0.5159,False
MSFT,Information Technology,4,WDAY,"Workday, Inc.",Information Technology,0.5154,False
MSFT,Information Technology,5,CTSH,Cognizant,Information Technology,0.5111,False
MSFT,Information Technology,6,ADBE,Adobe Inc.,Information Technology,0.4957,False
MSFT,Information Technology,7,NOW,ServiceNow,Information Technology,0.4936,False
MSFT,Information Technology,8,AVGO,Broadcom,Information Technology,0.4915,False
MSFT,Information Technology,9,INTU,Intuit,Information Technology,0.4885,False
MSFT,Information Technology,10,INTC,Intel,Information Technology,0.4841,False
MAA,Real Estate,1,REG,Regency Centers,Real Estate,0.4988,False
MAA,Real Estate,2,EQR,Equity Residential,Real Estate,0.4946,False
MAA,Real Estate,3,AVB,AvalonBay Communities,Real Estate,0.44,False
MAA,Real Estate,4,ESS,Essex Property Trust,Real Estate,0.4388,False
MAA,Real Estate,5,ARE,Alexandria Real Estate Equities,Real Estate,0.4238,False
MAA,Real Estate,6,UDR,"UDR, Inc.",Real Estate,0.4147,False
MAA,Real Estate,7,DOC,Healthpeak Properties,Real Estate,0.4028,False
MAA,Real Estate,8,VTR,Ventas,Real Estate,0.3948,False
MAA,Real Estate,9,FRT,Federal Realty Investment Trust,Real Estate,0.3945,False
MAA,Real Estate,10,AMT,American Tower,Real Estate,0.3941,False
MRNA,Health Care,1,PFE,Pfizer,Health Care,0.5432,False
MRNA,Health Care,2,REGN,Regeneron Pharmaceuticals,Health Care,0.5322,False
MRNA,Health Care,3,BIIB,Biogen,Health Care,0.5086,False
MRNA,Health Care,4,MRK,Merck & Co.,Health Care,0.4976,False
MRNA,Health Care,5,VRTX,Vertex Pharmaceuticals,Health Care,0.4706,False
MRNA,Health Care,6,ZTS,Zoetis,Health Care,0.4507,False
MRNA,Health Care,7,GILD,Gilead Sciences,Health Care,0.4433,False
MRNA,Health Care,8,INCY,Incyte,Health Care,0.4419,False
MRNA,Health Care,9,AMGN,Amgen,Health Care,0.4298,False
MRNA,Health Care,10,HUM,Humana,Health Care,0.4281,False
TAP,Consumer Staples,1,KDP,Keurig Dr Pepper,Consumer Staples,0.639,False
TAP,Consumer Staples,2,STZ,Constellation Brands,Consumer Staples,0.5744,False
TAP,Consumer Staples,3,KO,Coca-Cola Company (The),Consumer Staples,0.5671,False
TAP,Consumer Staples,4,MNST,Monster Beverage,Consumer Staples,0.5541,False
TAP,Consumer Staples,5,KHC,Kraft Heinz,Consumer Staples,0.5013,False
TAP,Consumer Staples,6,PEP,PepsiCo,Consumer Staples,0.4985,False
TAP,Consumer Staples,7,MKC,McCormick & Company,Consumer Staples,0.4872,False
TAP,Consumer Staples,8,HSY,Hershey Company (The),Consumer Staples,0.4813,False
TAP,Consumer Staples,9,BF.B,Brown–Forman,Consumer Staples,0.4508,False
TAP,Consumer Staples,10,HRL,Hormel Foods,Consumer Staples,0.448,False
MDLZ,Consumer Staples,1,HSY,Hershey Company (The),Consumer Staples,0.6642,False
MDLZ,Consumer Staples,2,KHC,Kraft Heinz,Consumer Staples,0.6242,False
MDLZ,Consumer Staples,3,GIS,General Mills,Consumer Staples,0.6017,False
MDLZ,Consumer Staples,4,IFF,International Flavors & Fragrances,Materials,0.5982,True
MDLZ,Consumer Staples,5,CAG,Conagra Brands,Consumer Staples,0.5579,False
MDLZ,Consumer Staples,6,WMT,Walmart,Consumer Staples,0.5472,False
MDLZ,Consumer Staples,7,TGT,Target Corporation,Consumer Staples,0.5282,False
MDLZ,Consumer Staples,8,CPB,Campbell's Company (The),Consumer Staples,0.5272,False
MDLZ,Consumer Staples,9,YUM,Yum! Brands,Consumer Discretionary,0.527,True
MDLZ,Consumer Staples,10,PEP,PepsiCo,Consumer Staples,0.5241,False
MPWR,Information Technology,1,TXN,Texas Instruments,Information Technology,0.5145,False
MPWR,Information Technology,2,ADI,Analog Devices,Information Technology,0.4923,False
MPWR,Information Technology,3,ON,ON Semiconductor,Information Technology,0.4911,False
MPWR,Information Technology,4,INTC,Intel,Information Technology,0.4138,False
MPWR,Information Technology,5,MCHP,Microchip Technology,Information Technology,0.4091,False
MPWR,Information Technology,6,AES,AES Corporation,Utilities,0.4032,True
MPWR,Information Technology,7,CDW,CDW Corporation,Information Technology,0.3992,False
MPWR,Information Technology,8,ROK,Rockwell Automation,Industrials,0.3965,True
MPWR,Information Technology,9,AMD,Advanced Micro Devices,Information Technology,0.3923,False
MPWR,Information Technology,10,FTV,Fortive,Industrials,0.3858,True
MNST,Consumer Staples,1,KO,Coca-Cola Company (The),Consumer Staples,0.6248,False
MNST,Consumer Staples,2,KDP,Keurig Dr Pepper,Consumer Staples,0.5654,False
MNST,Consumer Staples,3,TAP,Molson Coors Beverage Company,Consumer Staples,0.5541,False
MNST,Consumer Staples,4,PEP,PepsiCo,Consumer Staples,0.5358,False
MNST,Consumer Staples,5,HSY,Hershey Company (The),Consumer Staples,0.4874,False
MNST,Consumer Staples,6,IFF,International Flavors & Fragrances,Materials,0.4638,True
MNST,Consumer Staples,7,KHC,Kraft Heinz,Consumer Staples,0.4636,False
MNST,Consumer Staples,8,STZ,Constellation Brands,Consumer Staples,0.4626,False
MNST,Consumer Staples,9,VLO,Valero Energy,Energy,0.4548,True
MNST,Consumer Staples,10,CPB,Campbell's Company (The),Consumer Staples,0.4516,False
MCO,Financials,1,SPGI,S&P Global,Financials,0.5635,False
MCO,Financials,2,MSCI,MSCI Inc.,Financials,0.5607,False
MCO,Financials,3,GS,Goldman Sachs,Financials,0.4814,False
MCO,Financials,4,BAC,Bank of America,Financials,0.4658,False
MCO,Financials,5,RJF,Raymond James Financial,Financials,0.4631,False
MCO,Financials,6,RF,Regions Financial Corporation,Financials,0.4616,False
MCO,Financials,7,C,Citigroup,Financials,0.461,False
MCO,Financials,8,JPM,JPMorgan Chase,Financials,0.4473,False
MCO,Financials,9,BR,Broadridge Financial Solutions,Industrials,0.4467,True
MCO,Financials,10,USB,U.S. Bancorp,Financials,0.4421,False
MS,Financials,1,RJF,Raymond James Financial,Financials,0.7314,False
MS,Financials,2,GS,Goldman Sachs,Financials,0.6514,False
MS,Financials,3,C,Citigroup,Financials,0.6475,False
MS,Financials,4,RF,Regions Financial Corporation,Financials,0.6472,False
MS,Financials,5,JPM,JPMorgan Chase,Financials,0.6353,False
MS,Financials,6,PNC,PNC Financial Services,Financials,0.623,False
MS,Financials,7,SCHW,Charles Schwab Corporation,Financials,0.6164,False
MS,Financials,8,BNY,BNY Mellon,Financials,0.6143,False
MS,Financials,9,NTRS,Northern Trust,Financials,0.6127,False
MS,Financials,10,WFC,Wells Fargo,Financials,0.6034,False
MOS,Materials,1,MAS,Masco,Industrials,0.4494,True
MOS,Materials,2,CF,CF Industries,Materials,0.4271,False
MOS,Materials,3,KVUE,Kenvue,Consumer Staples,0.3979,True
MOS,Materials,4,CLX,Clorox,Consumer Staples,0.3852,True
MOS,Materials,5,CHD,Church & Dwight,Consumer Staples,0.3831,True
MOS,Materials,6,VLTO,Veralto,Industrials,0.382,True
MOS,Materials,7,CL,Colgate-Palmolive,Consumer Staples,0.3697,True
MOS,Materials,8,GLW,Corning Inc.,Information Technology,0.3688,True
MOS,Materials,9,PNR,Pentair,Industrials,0.3553,True
MOS,Materials,10,KLAC,KLA Corporation,Information Technology,0.355,True
MSI,Information Technology,1,CSCO,Cisco,Information Technology,0.4887,False
MSI,Information Technology,2,LDOS,Leidos,Industrials,0.4563,True
MSI,Information Technology,3,GEHC,GE HealthCare,Health Care,0.4287,True
MSI,Information Technology,4,PTC,PTC Inc.,Information Technology,0.4254,False
MSI,Information Technology,5,CIEN,Ciena,Information Technology,0.4247,False
MSI,Information Technology,6,GRMN,Garmin,Consumer Discretionary,0.422,True
MSI,Information Technology,7,DOV,Dover Corporation,Industrials,0.422,True
MSI,Information Technology,8,CHTR,Charter Communications,Communication Services,0.4196,True
MSI,Information Technology,9,ZBRA,Zebra Technologies,Information Technology,0.4193,False
MSI,Information Technology,10,LMT,Lockheed Martin,Industrials,0.418,True
MSCI,Financials,1,SPGI,S&P Global,Financials,0.5872,False
MSCI,Financials,2,MCO,Moody's Corporation,Financials,0.5607,False
MSCI,Financials,3,STT,State Street Corporation,Financials,0.5477,False
MSCI,Financials,4,RJF,Raymond James Financial,Financials,0.5415,False
MSCI,Financials,5,NTRS,Northern Trust,Financials,0.5371,False
MSCI,Financials,6,AMP,Ameriprise Financial,Financials,0.5288,False
MSCI,Financials,7,PFG,Principal Financial Group,Financials,0.5054,False
MSCI,Financials,8,C,Citigroup,Financials,0.5043,False
MSCI,Financials,9,GS,Goldman Sachs,Financials,0.5018,False
MSCI,Financials,10,CBRE,CBRE Group,Real Estate,0.4868,True
NDAQ,Financials,1,PNC,PNC Financial Services,Financials,0.4889,False
NDAQ,Financials,2,VEEV,Veeva Systems,Health Care,0.4612,True
NDAQ,Financials,3,STT,State Street Corporation,Financials,0.4529,False
NDAQ,Financials,4,IQV,IQVIA,Health Care,0.4504,True
NDAQ,Financials,5,GS,Goldman Sachs,Financials,0.4501,False
NDAQ,Financials,6,HOOD,Robinhood Markets,Financials,0.4402,False
NDAQ,Financials,7,STX,Seagate Technology,Information Technology,0.4385,True
NDAQ,Financials,8,SCHW,Charles Schwab Corporation,Financials,0.4324,False
NDAQ,Financials,9,COR,Cencora,Health Care,0.4314,True
NDAQ,Financials,10,BR,Broadridge Financial Solutions,Industrials,0.4221,True
NTAP,Information Technology,1,FFIV,"F5, Inc.",Information Technology,0.5223,False
NTAP,Information Technology,2,IBM,IBM,Information Technology,0.5111,False
NTAP,Information Technology,3,AKAM,Akamai Technologies,Information Technology,0.489,False
NTAP,Information Technology,4,FTNT,Fortinet,Information Technology,0.4541,False
NTAP,Information Technology,5,AVGO,Broadcom,Information Technology,0.4541,False
NTAP,Information Technology,6,AXON,Axon Enterprise,Industrials,0.4517,True
NTAP,Information Technology,7,SNDK,Sandisk,Information Technology,0.4489,False
NTAP,Information Technology,8,CSCO,Cisco,Information Technology,0.4292,False
NTAP,Information Technology,9,ANET,Arista Networks,Information Technology,0.4212,False
NTAP,Information Technology,10,BR,Broadridge Financial Solutions,Industrials,0.4208,True
NFLX,Communication Services,1,AMZN,Amazon,Consumer Discretionary,0.4329,True
NFLX,Communication Services,2,WBD,Warner Bros. Discovery,Communication Services,0.4174,False
NFLX,Communication Services,3,DIS,Walt Disney Company (The),Communication Services,0.4077,False
NFLX,Communication Services,4,CMCSA,Comcast,Communication Services,0.4025,False
NFLX,Communication Services,5,FOXA,Fox Corporation (Class A),Communication Services,0.3815,False
NFLX,Communication Services,6,FOX,Fox Corporation (Class B),Communication Services,0.3815,False
NFLX,Communication Services,7,PSKY,Paramount Skydance Corporation,Communication Services,0.378,False
NFLX,Communication Services,8,SATS,EchoStar,Communication Services,0.3631,False
NFLX,Communication Services,9,WFC,Wells Fargo,Financials,0.3518,True
NFLX,Communication Services,10,AXP,American Express,Financials,0.3441,True
NEM,Materials,1,CF,CF Industries,Materials,0.412,False
NEM,Materials,2,FCX,Freeport-McMoRan,Materials,0.4084,False
NEM,Materials,3,GIS,General Mills,Consumer Staples,0.3591,True
NEM,Materials,4,DVN,Devon Energy,Energy,0.3502,True
NEM,Materials,5,IRM,Iron Mountain,Real Estate,0.3486,True
NEM,Materials,6,FDXF,FedEx Freight,Industrials,0.3475,True
NEM,Materials,7,ADM,Archer Daniels Midland,Consumer Staples,0.3448,True
NEM,Materials,8,XOM,ExxonMobil,Energy,0.3427,True
NEM,Materials,9,PM,Philip Morris International,Consumer Staples,0.3406,True
NEM,Materials,10,APA,APA Corporation,Energy,0.3382,True
NWSA,Communication Services,1,NWS,News Corp (Class B),Communication Services,1.0,False
NWSA,Communication Services,2,FOX,Fox Corporation (Class B),Communication Services,0.4824,False
NWSA,Communication Services,3,FOXA,Fox Corporation (Class A),Communication Services,0.4824,False
NWSA,Communication Services,4,HOOD,Robinhood Markets,Financials,0.4465,True
NWSA,Communication Services,5,PSKY,Paramount Skydance Corporation,Communication Services,0.4128,False
NWSA,Communication Services,6,CHTR,Charter Communications,Communication Services,0.3974,False
NWSA,Communication Services,7,DIS,Walt Disney Company (The),Communication Services,0.3968,False
NWSA,Communication Services,8,STT,State Street Corporation,Financials,0.3866,True
NWSA,Communication Services,9,IRM,Iron Mountain,Real Estate,0.3807,True
NWSA,Communication Services,10,IVZ,Invesco,Financials,0.3772,True
NWS,Communication Services,1,NWSA,News Corp (Class A),Communication Services,1.0,False
NWS,Communication Services,2,FOX,Fox Corporation (Class B),Communication Services,0.4824,False
NWS,Communication Services,3,FOXA,Fox Corporation (Class A),Communication Services,0.4824,False
NWS,Communication Services,4,HOOD,Robinhood Markets,Financials,0.4465,True
NWS,Communication Services,5,PSKY,Paramount Skydance Corporation,Communication Services,0.4128,False
NWS,Communication Services,6,CHTR,Charter Communications,Communication Services,0.3974,False
NWS,Communication Services,7,DIS,Walt Disney Company (The),Communication Services,0.3968,False
NWS,Communication Services,8,STT,State Street Corporation,Financials,0.3866,True
NWS,Communication Services,9,IRM,Iron Mountain,Real Estate,0.3807,True
NWS,Communication Services,10,IVZ,Invesco,Financials,0.3772,True
NEE,Utilities,1,WEC,WEC Energy Group,Utilities,0.5955,False
NEE,Utilities,2,PEG,Public Service Enterprise Group,Utilities,0.5353,False
NEE,Utilities,3,AES,AES Corporation,Utilities,0.5315,False
NEE,Utilities,4,XEL,Xcel Energy,Utilities,0.5308,False
NEE,Utilities,5,SRE,Sempra,Utilities,0.5195,False
NEE,Utilities,6,D,Dominion Energy,Utilities,0.5177,False
NEE,Utilities,7,DTE,DTE Energy,Utilities,0.5158,False
NEE,Utilities,8,NRG,NRG Energy,Utilities,0.5132,False
NEE,Utilities,9,CNP,CenterPoint Energy,Utilities,0.4942,False
NEE,Utilities,10,CMS,CMS Energy,Utilities,0.4844,False
NKE,Consumer Discretionary,1,RL,Ralph Lauren Corporation,Consumer Discretionary,0.5004,False
NKE,Consumer Discretionary,2,WMT,Walmart,Consumer Staples,0.4945,True
NKE,Consumer Discretionary,3,DECK,Deckers Brands,Consumer Discretionary,0.4941,False
NKE,Consumer Discretionary,4,TPR,"Tapestry, Inc.",Consumer Discretionary,0.4754,False
NKE,Consumer Discretionary,5,LULU,Lululemon Athletica,Consumer Discretionary,0.4622,False
NKE,Consumer Discretionary,6,AAPL,Apple Inc.,Information Technology,0.4426,True
NKE,Consumer Discretionary,7,MDLZ,Mondelez International,Consumer Staples,0.4368,True
NKE,Consumer Discretionary,8,TGT,Target Corporation,Consumer Staples,0.4357,True
NKE,Consumer Discretionary,9,HAS,Hasbro,Consumer Discretionary,0.4257,False
NKE,Consumer Discretionary,10,KR,Kroger,Consumer Staples,0.4078,True
NI,Utilities,1,CNP,CenterPoint Energy,Utilities,0.5846,False
NI,Utilities,2,ES,Eversource Energy,Utilities,0.5624,False
NI,Utilities,3,CMS,CMS Energy,Utilities,0.5285,False
NI,Utilities,4,DTE,DTE Energy,Utilities,0.5172,False
NI,Utilities,5,XEL,Xcel Energy,Utilities,0.5108,False
NI,Utilities,6,WEC,WEC Energy Group,Utilities,0.5025,False
NI,Utilities,7,AEE,Ameren,Utilities,0.4999,False
NI,Utilities,8,LNT,Alliant Energy,Utilities,0.4846,False
NI,Utilities,9,ED,Consolidated Edison,Utilities,0.4587,False
NI,Utilities,10,WMB,Williams Companies,Energy,0.45,True
NDSN,Industrials,1,IEX,IDEX Corporation,Industrials,0.5964,False
NDSN,Industrials,2,WST,West Pharmaceutical Services,Health Care,0.5801,True
NDSN,Industrials,3,IR,Ingersoll Rand,Industrials,0.5533,False
NDSN,Industrials,4,PNR,Pentair,Industrials,0.5267,False
NDSN,Industrials,5,FTV,Fortive,Industrials,0.5227,False
NDSN,Industrials,6,AVY,Avery Dennison,Materials,0.5159,True
NDSN,Industrials,7,DOW,Dow Inc.,Materials,0.514,True
NDSN,Industrials,8,ITW,Illinois Tool Works,Industrials,0.5067,False
NDSN,Industrials,9,DOV,Dover Corporation,Industrials,0.5055,False
NDSN,Industrials,10,SOLV,Solventum,Health Care,0.4914,True
NSC,Industrials,1,TSCO,Tractor Supply,Consumer Discretionary,0.5094,True
NSC,Industrials,2,BRK.B,Berkshire Hathaway,Financials,0.5041,True
NSC,Industrials,3,CSX,CSX Corporation,Industrials,0.4859,False
NSC,Industrials,4,SO,Southern Company,Utilities,0.4793,True
NSC,Industrials,5,UNP,Union Pacific Corporation,Industrials,0.4522,False
NSC,Industrials,6,KMI,Kinder Morgan,Energy,0.4399,True
NSC,Industrials,7,WM,Waste Management,Industrials,0.4396,False
NSC,Industrials,8,OKE,Oneok,Energy,0.4394,True
NSC,Industrials,9,CF,CF Industries,Materials,0.4375,True
NSC,Industrials,10,ADM,Archer Daniels Midland,Consumer Staples,0.4303,True
NTRS,Financials,1,RJF,Raymond James Financial,Financials,0.6836,False
NTRS,Financials,2,AMP,Ameriprise Financial,Financials,0.6562,False
NTRS,Financials,3,BNY,BNY Mellon,Financials,0.6502,False
NTRS,Financials,4,C,Citigroup,Financials,0.6259,False
NTRS,Financials,5,MS,Morgan Stanley,Financials,0.6127,False
NTRS,Financials,6,RF,Regions Financial Corporation,Financials,0.6126,False
NTRS,Financials,7,PFG,Principal Financial Group,Financials,0.5969,False
NTRS,Financials,8,CBRE,CBRE Group,Real Estate,0.5672,True
NTRS,Financials,9,PNC,PNC Financial Services,Financials,0.5624,False
NTRS,Financials,10,GS,Goldman Sachs,Financials,0.5589,False
NOC,Industrials,1,LMT,Lockheed Martin,Industrials,0.6569,False
NOC,Industrials,2,GD,General Dynamics,Industrials,0.6321,False
NOC,Industrials,3,BA,Boeing,Industrials,0.5237,False
NOC,Industrials,4,TDG,TransDigm Group,Industrials,0.4923,False
NOC,Industrials,5,TDY,Teledyne Technologies,Information Technology,0.4663,True
NOC,Industrials,6,TXT,Textron,Industrials,0.462,False
NOC,Industrials,7,RTX,RTX Corporation,Industrials,0.4286,False
NOC,Industrials,8,GE,GE Aerospace,Industrials,0.4203,False
NOC,Industrials,9,HON,Honeywell,Industrials,0.4065,False
NOC,Industrials,10,LDOS,Leidos,Industrials,0.3893,False
NCLH,Consumer Discretionary,1,RCL,Royal Caribbean Group,Consumer Discretionary,0.6263,False
NCLH,Consumer Discretionary,2,CCL,Carnival Corporation,Consumer Discretionary,0.5965,False
NCLH,Consumer Discretionary,3,BKNG,Booking Holdings,Consumer Discretionary,0.3976,False
NCLH,Consumer Discretionary,4,HLT,Hilton Worldwide,Consumer Discretionary,0.3916,False
NCLH,Consumer Discretionary,5,MAR,Marriott International,Consumer Discretionary,0.3653,False
NCLH,Consumer Discretionary,6,REG,Regency Centers,Real Estate,0.3504,True
NCLH,Consumer Discretionary,7,TRV,Travelers Companies (The),Financials,0.3454,True
NCLH,Consumer Discretionary,8,LVS,Las Vegas Sands,Consumer Discretionary,0.3453,False
NCLH,Consumer Discretionary,9,HST,Host Hotels & Resorts,Real Estate,0.3419,True
NCLH,Consumer Discretionary,10,KIM,Kimco Realty,Real Estate,0.3295,True
NRG,Utilities,1,XEL,Xcel Energy,Utilities,0.5595,False
NRG,Utilities,2,GNRC,Generac,Industrials,0.5567,True
NRG,Utilities,3,AES,AES Corporation,Utilities,0.5507,False
NRG,Utilities,4,CMS,CMS Energy,Utilities,0.549,False
NRG,Utilities,5,LNT,Alliant Energy,Utilities,0.5229,False
NRG,Utilities,6,SO,Southern Company,Utilities,0.5219,False
NRG,Utilities,7,NEE,NextEra Energy,Utilities,0.5132,False
NRG,Utilities,8,CMI,Cummins,Industrials,0.5078,True
NRG,Utilities,9,CNP,CenterPoint Energy,Utilities,0.5066,False
NRG,Utilities,10,TSLA,"Tesla, Inc.",Consumer Discretionary,0.5056,True
NUE,Materials,1,STLD,Steel Dynamics,Materials,0.6886,False
NUE,Materials,2,ITW,Illinois Tool Works,Industrials,0.5074,True
NUE,Materials,3,URI,United Rentals,Industrials,0.4595,True
NUE,Materials,4,MMM,3M,Industrials,0.4525,True
NUE,Materials,5,CSX,CSX Corporation,Industrials,0.4424,True
NUE,Materials,6,BG,Bunge Global,Consumer Staples,0.435,True
NUE,Materials,7,MPC,Marathon Petroleum,Energy,0.4303,True
NUE,Materials,8,HAL,Halliburton,Energy,0.4298,True
NUE,Materials,9,CAT,Caterpillar Inc.,Industrials,0.4257,True
NUE,Materials,10,SWK,Stanley Black & Decker,Industrials,0.4235,True
NVDA,Information Technology,1,NXPI,NXP Semiconductors,Information Technology,0.5233,False
NVDA,Information Technology,2,INTC,Intel,Information Technology,0.5032,False
NVDA,Information Technology,3,AMD,Advanced Micro Devices,Information Technology,0.4642,False
NVDA,Information Technology,4,IBM,IBM,Information Technology,0.4565,False
NVDA,Information Technology,5,GOOG,Alphabet Inc. (Class C),Communication Services,0.4466,True
NVDA,Information Technology,6,GOOGL,Alphabet Inc. (Class A),Communication Services,0.4466,True
NVDA,Information Technology,7,GM,General Motors,Consumer Discretionary,0.4294,True
NVDA,Information Technology,8,MSFT,Microsoft,Information Technology,0.4268,False
NVDA,Information Technology,9,SNDK,Sandisk,Information Technology,0.4055,False
NVDA,Information Technology,10,GPN,Global Payments,Financials,0.4033,True
NVR,Consumer Discretionary,1,LEN,Lennar,Consumer Discretionary,0.4926,False
NVR,Consumer Discretionary,2,UDR,"UDR, Inc.",Real Estate,0.4691,True
NVR,Consumer Discretionary,3,NXPI,NXP Semiconductors,Information Technology,0.4518,True
NVR,Consumer Discretionary,4,AVB,AvalonBay Communities,Real Estate,0.4043,True
NVR,Consumer Discretionary,5,BLDR,Builders FirstSource,Industrials,0.3987,True
NVR,Consumer Discretionary,6,INVH,Invitation Homes,Real Estate,0.3985,True
NVR,Consumer Discretionary,7,ACGL,Arch Capital Group,Financials,0.3906,True
NVR,Consumer Discretionary,8,NI,NiSource,Utilities,0.3902,True
NVR,Consumer Discretionary,9,HST,Host Hotels & Resorts,Real Estate,0.3886,True
NVR,Consumer Discretionary,10,CPT,Camden Property Trust,Real Estate,0.3864,True
NXPI,Information Technology,1,NVDA,Nvidia,Information Technology,0.5233,False
NXPI,Information Technology,2,Q,Qnity Electronics,Information Technology,0.4677,False
NXPI,Information Technology,3,ON,ON Semiconductor,Information Technology,0.4633,False
NXPI,Information Technology,4,NVR,"NVR, Inc.",Consumer Discretionary,0.4518,True
NXPI,Information Technology,5,LRCX,Lam Research,Information Technology,0.4093,False
NXPI,Information Technology,6,TER,Teradyne,Information Technology,0.3935,False
NXPI,Information Technology,7,LIN,Linde plc,Materials,0.3897,True
NXPI,Information Technology,8,XEL,Xcel Energy,Utilities,0.3869,True
NXPI,Information Technology,9,NI,NiSource,Utilities,0.3772,True
NXPI,Information Technology,10,CDW,CDW Corporation,Information Technology,0.3769,False
ORLY,Consumer Discretionary,1,GPC,Genuine Parts Company,Consumer Discretionary,0.5991,False
ORLY,Consumer Discretionary,2,AZO,AutoZone,Consumer Discretionary,0.5974,False
ORLY,Consumer Discretionary,3,ITW,Illinois Tool Works,Industrials,0.5484,True
ORLY,Consumer Discretionary,4,DOV,Dover Corporation,Industrials,0.5127,True
ORLY,Consumer Discretionary,5,SNA,Snap-on,Industrials,0.4874,True
ORLY,Consumer Discretionary,6,CPRT,Copart,Industrials,0.4467,True
ORLY,Consumer Discretionary,7,TSCO,Tractor Supply,Consumer Discretionary,0.4464,False
ORLY,Consumer Discretionary,8,MMM,3M,Industrials,0.4456,True
ORLY,Consumer Discretionary,9,PCAR,Paccar,Industrials,0.4441,True
ORLY,Consumer Discretionary,10,IR,Ingersoll Rand,Industrials,0.4374,True
OXY,Energy,1,XOM,ExxonMobil,Energy,0.5308,False
OXY,Energy,2,COP,ConocoPhillips,Energy,0.5283,False
OXY,Energy,3,APA,APA Corporation,Energy,0.5071,False
OXY,Energy,4,MPC,Marathon Petroleum,Energy,0.4705,False
OXY,Energy,5,CVX,Chevron Corporation,Energy,0.4673,False
OXY,Energy,6,OKE,Oneok,Energy,0.4553,False
OXY,Energy,7,WMB,Williams Companies,Energy,0.4535,False
OXY,Energy,8,AEE,Ameren,Utilities,0.4412,True
OXY,Energy,9,TPL,Texas Pacific Land Corporation,Energy,0.4394,False
OXY,Energy,10,EOG,EOG Resources,Energy,0.4371,False
ODFL,Industrials,1,FDXF,FedEx Freight,Industrials,0.5376,False
ODFL,Industrials,2,D,Dominion Energy,Utilities,0.5124,True
ODFL,Industrials,3,FDX,FedEx,Industrials,0.4387,False
ODFL,Industrials,4,UPS,United Parcel Service,Industrials,0.388,False
ODFL,Industrials,5,JBHT,J.B. Hunt,Industrials,0.3829,False
ODFL,Industrials,6,PGR,Progressive Corporation,Financials,0.3791,True
ODFL,Industrials,7,EXPD,Expeditors International,Industrials,0.3752,False
ODFL,Industrials,8,LOW,Lowe's,Consumer Discretionary,0.372,True
ODFL,Industrials,9,UAL,United Airlines Holdings,Industrials,0.3716,False
ODFL,Industrials,10,CHRW,C.H. Robinson,Industrials,0.3686,False
OMC,Communication Services,1,CI,Cigna,Health Care,0.5076,True
OMC,Communication Services,2,CVS,CVS Health,Health Care,0.4119,True
OMC,Communication Services,3,C,Citigroup,Financials,0.4049,True
OMC,Communication Services,4,UNH,UnitedHealth Group,Health Care,0.4014,True
OMC,Communication Services,5,ALL,Allstate,Financials,0.4002,True
OMC,Communication Services,6,L,Loews Corporation,Financials,0.398,True
OMC,Communication Services,7,IVZ,Invesco,Financials,0.3919,True
OMC,Communication Services,8,UHS,Universal Health Services,Health Care,0.3827,True
OMC,Communication Services,9,MAR,Marriott International,Consumer Discretionary,0.3801,True
OMC,Communication Services,10,ADBE,Adobe Inc.,Information Technology,0.3757,True
ON,Information Technology,1,TXN,Texas Instruments,Information Technology,0.5222,False
ON,Information Technology,2,ADI,Analog Devices,Information Technology,0.5055,False
ON,Information Technology,3,DELL,Dell Technologies,Information Technology,0.5026,False
ON,Information Technology,4,MPWR,Monolithic Power Systems,Information Technology,0.4911,False
ON,Information Technology,5,Q,Qnity Electronics,Information Technology,0.486,False
ON,Information Technology,6,INTC,Intel,Information Technology,0.4815,False
ON,Information Technology,7,NXPI,NXP Semiconductors,Information Technology,0.4633,False
ON,Information Technology,8,MCHP,Microchip Technology,Information Technology,0.4587,False
ON,Information Technology,9,CDW,CDW Corporation,Information Technology,0.4364,False
ON,Information Technology,10,PWR,Quanta Services,Industrials,0.4225,True
OKE,Energy,1,WMB,Williams Companies,Energy,0.6226,False
OKE,Energy,2,MPC,Marathon Petroleum,Energy,0.5849,False
OKE,Energy,3,LNT,Alliant Energy,Utilities,0.579,True
OKE,Energy,4,TRGP,Targa Resources,Energy,0.5725,False
OKE,Energy,5,KMI,Kinder Morgan,Energy,0.5645,False
OKE,Energy,6,TPL,Texas Pacific Land Corporation,Energy,0.533,False
OKE,Energy,7,ATO,Atmos Energy,Utilities,0.5257,True
OKE,Energy,8,PSX,Phillips 66,Energy,0.5108,False
OKE,Energy,9,BKR,Baker Hughes,Energy,0.4826,False
OKE,Energy,10,CNP,CenterPoint Energy,Utilities,0.4764,True
ORCL,Information Technology,1,IBM,IBM,Information Technology,0.628,False
ORCL,Information Technology,2,MSFT,Microsoft,Information Technology,0.5297,False
ORCL,Information Technology,3,NOW,ServiceNow,Information Technology,0.4951,False
ORCL,Information Technology,4,CDW,CDW Corporation,Information Technology,0.4751,False
ORCL,Information Technology,5,AKAM,Akamai Technologies,Information Technology,0.4707,False
ORCL,Information Technology,6,AVGO,Broadcom,Information Technology,0.4645,False
ORCL,Information Technology,7,VEEV,Veeva Systems,Health Care,0.458,True
ORCL,Information Technology,8,HPE,Hewlett Packard Enterprise,Information Technology,0.452,False
ORCL,Information Technology,9,PTC,PTC Inc.,Information Technology,0.4477,False
ORCL,Information Technology,10,WDAY,"Workday, Inc.",Information Technology,0.4473,False
OTIS,Industrials,1,AMT,American Tower,Real Estate,0.4602,True
OTIS,Industrials,2,AMCR,Amcor,Materials,0.428,True
OTIS,Industrials,3,GPN,Global Payments,Financials,0.4211,True
OTIS,Industrials,4,EIX,Edison International,Utilities,0.4032,True
OTIS,Industrials,5,URI,United Rentals,Industrials,0.3987,False
OTIS,Industrials,6,AVB,AvalonBay Communities,Real Estate,0.3975,True
OTIS,Industrials,7,EQT,EQT Corporation,Energy,0.3967,True
OTIS,Industrials,8,PGR,Progressive Corporation,Financials,0.391,True
OTIS,Industrials,9,PNW,Pinnacle West Capital,Utilities,0.3868,True
OTIS,Industrials,10,HD,Home Depot (The),Consumer Discretionary,0.384,True
PCAR,Industrials,1,UBER,Uber,Industrials,0.5204,False
PCAR,Industrials,2,GPC,Genuine Parts Company,Consumer Discretionary,0.52,True
PCAR,Industrials,3,JBHT,J.B. Hunt,Industrials,0.5126,False
PCAR,Industrials,4,MPC,Marathon Petroleum,Energy,0.505,True
PCAR,Industrials,5,CPRT,Copart,Industrials,0.4861,False
PCAR,Industrials,6,F,Ford Motor Company,Consumer Discretionary,0.4829,True
PCAR,Industrials,7,CVX,Chevron Corporation,Energy,0.4793,True
PCAR,Industrials,8,GD,General Dynamics,Industrials,0.4746,False
PCAR,Industrials,9,RF,Regions Financial Corporation,Financials,0.474,True
PCAR,Industrials,10,GM,General Motors,Consumer Discretionary,0.4671,True
PKG,Materials,1,IP,International Paper,Materials,0.7498,False
PKG,Materials,2,AMCR,Amcor,Materials,0.5735,False
PKG,Materials,3,UPS,United Parcel Service,Industrials,0.5733,True
PKG,Materials,4,SW,Smurfit Westrock,Materials,0.5421,False
PKG,Materials,5,FDX,FedEx,Industrials,0.4883,True
PKG,Materials,6,CHRW,C.H. Robinson,Industrials,0.4752,True
PKG,Materials,7,DOW,Dow Inc.,Materials,0.4299,False
PKG,Materials,8,GIS,General Mills,Consumer Staples,0.4293,True
PKG,Materials,9,WST,West Pharmaceutical Services,Health Care,0.4287,True
PKG,Materials,10,SYY,Sysco,Consumer Staples,0.4244,True
PLTR,Information Technology,1,CRM,Salesforce,Information Technology,0.5286,False
PLTR,Information Technology,2,CDNS,Cadence Design Systems,Information Technology,0.5195,False
PLTR,Information Technology,3,PTC,PTC Inc.,Information Technology,0.5045,False
PLTR,Information Technology,4,CRWD,CrowdStrike,Information Technology,0.4997,False
PLTR,Information Technology,5,IBM,IBM,Information Technology,0.469,False
PLTR,Information Technology,6,VEEV,Veeva Systems,Health Care,0.4589,True
PLTR,Information Technology,7,NOW,ServiceNow,Information Technology,0.456,False
PLTR,Information Technology,8,LDOS,Leidos,Industrials,0.4451,True
PLTR,Information Technology,9,ACN,Accenture,Information Technology,0.4445,False
PLTR,Information Technology,10,META,Meta Platforms,Communication Services,0.4415,True
PANW,Information Technology,1,AKAM,Akamai Technologies,Information Technology,0.5473,False
PANW,Information Technology,2,FTNT,Fortinet,Information Technology,0.5324,False
PANW,Information Technology,3,IBM,IBM,Information Technology,0.4862,False
PANW,Information Technology,4,CDNS,Cadence Design Systems,Information Technology,0.4768,False
PANW,Information Technology,5,CRWD,CrowdStrike,Information Technology,0.4567,False
PANW,Information Technology,6,CSCO,Cisco,Information Technology,0.4309,False
PANW,Information Technology,7,CIEN,Ciena,Information Technology,0.4292,False
PANW,Information Technology,8,AVGO,Broadcom,Information Technology,0.4238,False
PANW,Information Technology,9,ORCL,Oracle Corporation,Information Technology,0.4193,False
PANW,Information Technology,10,PLTR,Palantir Technologies,Information Technology,0.4184,False
PSKY,Communication Services,1,WBD,Warner Bros. Discovery,Communication Services,0.6728,False
PSKY,Communication Services,2,DIS,Walt Disney Company (The),Communication Services,0.6015,False
PSKY,Communication Services,3,CMCSA,Comcast,Communication Services,0.5728,False
PSKY,Communication Services,4,FOX,Fox Corporation (Class B),Communication Services,0.5506,False
PSKY,Communication Services,5,FOXA,Fox Corporation (Class A),Communication Services,0.5506,False
PSKY,Communication Services,6,SATS,EchoStar,Communication Services,0.5125,False
PSKY,Communication Services,7,CHTR,Charter Communications,Communication Services,0.4655,False
PSKY,Communication Services,8,LYV,Live Nation Entertainment,Communication Services,0.4448,False
PSKY,Communication Services,9,GOOG,Alphabet Inc. (Class C),Communication Services,0.4163,False
PSKY,Communication Services,10,GOOGL,Alphabet Inc. (Class A),Communication Services,0.4163,False
PH,Industrials,1,IR,Ingersoll Rand,Industrials,0.5268,False
PH,Industrials,2,NDSN,Nordson Corporation,Industrials,0.4586,False
PH,Industrials,3,DOV,Dover Corporation,Industrials,0.4567,False
PH,Industrials,4,JBL,Jabil,Information Technology,0.4539,True
PH,Industrials,5,TDG,TransDigm Group,Industrials,0.449,False
PH,Industrials,6,CF,CF Industries,Materials,0.4432,True
PH,Industrials,7,ETN,Eaton Corporation,Industrials,0.4425,False
PH,Industrials,8,TT,Trane Technologies,Industrials,0.4298,False
PH,Industrials,9,AZO,AutoZone,Consumer Discretionary,0.4287,True
PH,Industrials,10,PNR,Pentair,Industrials,0.4263,False
PAYX,Industrials,1,ADP,Automatic Data Processing,Industrials,0.5996,False
PAYX,Industrials,2,WDAY,"Workday, Inc.",Information Technology,0.5219,True
PAYX,Industrials,3,EFX,Equifax,Industrials,0.4724,False
PAYX,Industrials,4,UNH,UnitedHealth Group,Health Care,0.4402,True
PAYX,Industrials,5,FDX,FedEx,Industrials,0.4294,False
PAYX,Industrials,6,CVS,CVS Health,Health Care,0.4267,True
PAYX,Industrials,7,LH,Labcorp,Health Care,0.4217,True
PAYX,Industrials,8,INTU,Intuit,Information Technology,0.4209,True
PAYX,Industrials,9,USB,U.S. Bancorp,Financials,0.4167,True
PAYX,Industrials,10,BNY,BNY Mellon,Financials,0.4042,True
PYPL,Financials,1,V,Visa Inc.,Financials,0.5359,False
PYPL,Financials,2,MA,Mastercard,Financials,0.4932,False
PYPL,Financials,3,SYF,Synchrony Financial,Financials,0.4853,False
PYPL,Financials,4,XYZ,"Block, Inc.",Financials,0.4558,False
PYPL,Financials,5,COIN,Coinbase,Financials,0.4549,False
PYPL,Financials,6,EBAY,eBay Inc.,Consumer Discretionary,0.4334,True
PYPL,Financials,7,VRSN,Verisign,Information Technology,0.4156,True
PYPL,Financials,8,TMUS,T-Mobile US,Communication Services,0.4147,True
PYPL,Financials,9,BKNG,Booking Holdings,Consumer Discretionary,0.4109,True
PYPL,Financials,10,GPN,Global Payments,Financials,0.4016,False
PNR,Industrials,1,NDSN,Nordson Corporation,Industrials,0.5267,False
PNR,Industrials,2,AOS,A. O. Smith,Industrials,0.5261,False
PNR,Industrials,3,AWK,American Water Works,Utilities,0.5069,True
PNR,Industrials,4,MAS,Masco,Industrials,0.492,False
PNR,Industrials,5,XYL,Xylem Inc.,Industrials,0.4809,False
PNR,Industrials,6,IR,Ingersoll Rand,Industrials,0.4662,False
PNR,Industrials,7,POOL,Pool Corporation,Consumer Discretionary,0.4568,True
PNR,Industrials,8,VLTO,Veralto,Industrials,0.4491,False
PNR,Industrials,9,STE,Steris,Health Care,0.4335,True
PNR,Industrials,10,PH,Parker Hannifin,Industrials,0.4263,False
PEP,Consumer Staples,1,KO,Coca-Cola Company (The),Consumer Staples,0.6905,False
PEP,Consumer Staples,2,KDP,Keurig Dr Pepper,Consumer Staples,0.5957,False
PEP,Consumer Staples,3,SBUX,Starbucks,Consumer Discretionary,0.5434,True
PEP,Consumer Staples,4,HSY,Hershey Company (The),Consumer Staples,0.5411,False
PEP,Consumer Staples,5,MNST,Monster Beverage,Consumer Staples,0.5358,False
PEP,Consumer Staples,6,WMT,Walmart,Consumer Staples,0.5264,False
PEP,Consumer Staples,7,MDLZ,Mondelez International,Consumer Staples,0.5241,False
PEP,Consumer Staples,8,COST,Costco,Consumer Staples,0.5183,False
PEP,Consumer Staples,9,KHC,Kraft Heinz,Consumer Staples,0.5161,False
PEP,Consumer Staples,10,KR,Kroger,Consumer Staples,0.5103,False
PFE,Health Care,1,BIIB,Biogen,Health Care,0.6966,False
PFE,Health Care,2,AMGN,Amgen,Health Care,0.5706,False
PFE,Health Care,3,REGN,Regeneron Pharmaceuticals,Health Care,0.5587,False
PFE,Health Care,4,LLY,Lilly (Eli),Health Care,0.5578,False
PFE,Health Care,5,BMY,Bristol Myers Squibb,Health Care,0.5442,False
PFE,Health Care,6,ABBV,AbbVie,Health Care,0.5441,False
PFE,Health Care,7,MRNA,Moderna,Health Care,0.5432,False
PFE,Health Care,8,INCY,Incyte,Health Care,0.5375,False
PFE,Health Care,9,MRK,Merck & Co.,Health Care,0.5311,False
PFE,Health Care,10,ABT,Abbott Laboratories,Health Care,0.5022,False
PCG,Utilities,1,PEG,Public Service Enterprise Group,Utilities,0.6301,False
PCG,Utilities,2,XEL,Xcel Energy,Utilities,0.5841,False
PCG,Utilities,3,AEP,American Electric Power,Utilities,0.575,False
PCG,Utilities,4,ETR,Entergy,Utilities,0.5671,False
PCG,Utilities,5,DUK,Duke Energy,Utilities,0.5348,False
PCG,Utilities,6,SO,Southern Company,Utilities,0.525,False
PCG,Utilities,7,VST,Vistra Corp.,Utilities,0.5177,False
PCG,Utilities,8,CNP,CenterPoint Energy,Utilities,0.5156,False
PCG,Utilities,9,SRE,Sempra,Utilities,0.51,False
PCG,Utilities,10,AES,AES Corporation,Utilities,0.5064,False
PM,Consumer Staples,1,MO,Altria,Consumer Staples,0.5183,False
PM,Consumer Staples,2,WSM,"Williams-Sonoma, Inc.",Consumer Discretionary,0.4177,True
PM,Consumer Staples,3,TJX,TJX Companies,Consumer Discretionary,0.4134,True
PM,Consumer Staples,4,REG,Regency Centers,Real Estate,0.4006,True
PM,Consumer Staples,5,SHW,Sherwin-Williams,Materials,0.3956,True
PM,Consumer Staples,6,PSX,Phillips 66,Energy,0.3906,True
PM,Consumer Staples,7,COST,Costco,Consumer Staples,0.3891,False
PM,Consumer Staples,8,CCL,Carnival Corporation,Consumer Discretionary,0.3822,True
PM,Consumer Staples,9,DUK,Duke Energy,Utilities,0.3805,True
PM,Consumer Staples,10,CARR,Carrier Global,Industrials,0.3781,True
PSX,Energy,1,MPC,Marathon Petroleum,Energy,0.6305,False
PSX,Energy,2,XOM,ExxonMobil,Energy,0.6134,False
PSX,Energy,3,OKE,Oneok,Energy,0.5108,False
PSX,Energy,4,CVX,Chevron Corporation,Energy,0.5095,False
PSX,Energy,5,WMB,Williams Companies,Energy,0.509,False
PSX,Energy,6,TRGP,Targa Resources,Energy,0.4935,False
PSX,Energy,7,GE,GE Aerospace,Industrials,0.4919,True
PSX,Energy,8,DOW,Dow Inc.,Materials,0.464,True
PSX,Energy,9,DOV,Dover Corporation,Industrials,0.464,True
PSX,Energy,10,VLO,Valero Energy,Energy,0.4621,False
PNW,Utilities,1,PCG,PG&E Corporation,Utilities,0.5035,False
PNW,Utilities,2,PEG,Public Service Enterprise Group,Utilities,0.4589,False
PNW,Utilities,3,AEP,American Electric Power,Utilities,0.439,False
PNW,Utilities,4,SO,Southern Company,Utilities,0.4356,False
PNW,Utilities,5,VST,Vistra Corp.,Utilities,0.4256,False
PNW,Utilities,6,CNP,CenterPoint Energy,Utilities,0.4201,False
PNW,Utilities,7,WDC,Western Digital,Information Technology,0.4053,True
PNW,Utilities,8,SRE,Sempra,Utilities,0.403,False
PNW,Utilities,9,DUK,Duke Energy,Utilities,0.3988,False
PNW,Utilities,10,AMT,American Tower,Real Estate,0.3949,True
PNC,Financials,1,C,Citigroup,Financials,0.7346,False
PNC,Financials,2,RJF,Raymond James Financial,Financials,0.7145,False
PNC,Financials,3,RF,Regions Financial Corporation,Financials,0.6945,False
PNC,Financials,4,GS,Goldman Sachs,Financials,0.6689,False
PNC,Financials,5,USB,U.S. Bancorp,Financials,0.6384,False
PNC,Financials,6,CFG,Citizens Financial Group,Financials,0.6318,False
PNC,Financials,7,BAC,Bank of America,Financials,0.6295,False
PNC,Financials,8,MTB,M&T Bank,Financials,0.6294,False
PNC,Financials,9,MS,Morgan Stanley,Financials,0.623,False
PNC,Financials,10,FITB,Fifth Third Bancorp,Financials,0.5972,False
POOL,Consumer Discretionary,1,MAS,Masco,Industrials,0.5119,True
POOL,Consumer Discretionary,2,PNR,Pentair,Industrials,0.4568,True
POOL,Consumer Discretionary,3,AOS,A. O. Smith,Industrials,0.4536,True
POOL,Consumer Discretionary,4,AWK,American Water Works,Utilities,0.4473,True
POOL,Consumer Discretionary,5,URI,United Rentals,Industrials,0.4234,True
POOL,Consumer Discretionary,6,HAL,Halliburton,Energy,0.422,True
POOL,Consumer Discretionary,7,DOV,Dover Corporation,Industrials,0.4109,True
POOL,Consumer Discretionary,8,CLX,Clorox,Consumer Staples,0.4065,True
POOL,Consumer Discretionary,9,NUE,Nucor,Materials,0.4019,True
POOL,Consumer Discretionary,10,DG,Dollar General,Consumer Staples,0.3959,True
PPG,Materials,1,SHW,Sherwin-Williams,Materials,0.5387,False
PPG,Materials,2,PPL,PPL Corporation,Utilities,0.4617,True
PPG,Materials,3,DOW,Dow Inc.,Materials,0.4596,False
PPG,Materials,4,AMAT,Applied Materials,Information Technology,0.4423,True
PPG,Materials,5,GE,GE Aerospace,Industrials,0.4407,True
PPG,Materials,6,GLW,Corning Inc.,Information Technology,0.4357,True
PPG,Materials,7,MMM,3M,Industrials,0.4,True
PPG,Materials,8,GM,General Motors,Consumer Discretionary,0.3937,True
PPG,Materials,9,Q,Qnity Electronics,Information Technology,0.3932,True
PPG,Materials,10,INTC,Intel,Information Technology,0.3881,True
PPL,Utilities,1,XEL,Xcel Energy,Utilities,0.5278,False
PPL,Utilities,2,ETR,Entergy,Utilities,0.5201,False
PPL,Utilities,3,PEG,Public Service Enterprise Group,Utilities,0.5169,False
PPL,Utilities,4,VST,Vistra Corp.,Utilities,0.5107,False
PPL,Utilities,5,AEP,American Electric Power,Utilities,0.5078,False
PPL,Utilities,6,DUK,Duke Energy,Utilities,0.5075,False
PPL,Utilities,7,LNT,Alliant Energy,Utilities,0.5018,False
PPL,Utilities,8,PCG,PG&E Corporation,Utilities,0.5005,False
PPL,Utilities,9,WEC,WEC Energy Group,Utilities,0.4967,False
PPL,Utilities,10,SO,Southern Company,Utilities,0.4829,False
PFG,Financials,1,PRU,Prudential Financial,Financials,0.661,False
PFG,Financials,2,RJF,Raymond James Financial,Financials,0.6488,False
PFG,Financials,3,C,Citigroup,Financials,0.6195,False
PFG,Financials,4,TRV,Travelers Companies (The),Financials,0.6069,False
PFG,Financials,5,NTRS,Northern Trust,Financials,0.5969,False
PFG,Financials,6,PNC,PNC Financial Services,Financials,0.5956,False
PFG,Financials,7,MET,MetLife,Financials,0.5903,False
PFG,Financials,8,RF,Regions Financial Corporation,Financials,0.5721,False
PFG,Financials,9,AMP,Ameriprise Financial,Financials,0.5607,False
PFG,Financials,10,BNY,BNY Mellon,Financials,0.5492,False
PG,Consumer Staples,1,CHD,Church & Dwight,Consumer Staples,0.6331,False
PG,Consumer Staples,2,MRK,Merck & Co.,Health Care,0.5964,True
PG,Consumer Staples,3,CLX,Clorox,Consumer Staples,0.5752,False
PG,Consumer Staples,4,KVUE,Kenvue,Consumer Staples,0.5476,False
PG,Consumer Staples,5,CL,Colgate-Palmolive,Consumer Staples,0.5414,False
PG,Consumer Staples,6,EL,Estée Lauder Companies (The),Consumer Staples,0.5158,False
PG,Consumer Staples,7,HSY,Hershey Company (The),Consumer Staples,0.5066,False
PG,Consumer Staples,8,BMY,Bristol Myers Squibb,Health Care,0.5042,True
PG,Consumer Staples,9,KMB,Kimberly-Clark,Consumer Staples,0.5008,False
PG,Consumer Staples,10,DG,Dollar General,Consumer Staples,0.4972,False
PGR,Financials,1,HIG,Hartford (The),Financials,0.5322,False
PGR,Financials,2,BRO,Brown & Brown,Financials,0.4566,False
PGR,Financials,3,ALL,Allstate,Financials,0.4523,False
PGR,Financials,4,AIZ,Assurant,Financials,0.4439,False
PGR,Financials,5,AIG,American International Group,Financials,0.4324,False
PGR,Financials,6,TRV,Travelers Companies (The),Financials,0.4194,False
PGR,Financials,7,GM,General Motors,Consumer Discretionary,0.4184,True
PGR,Financials,8,CINF,Cincinnati Financial,Financials,0.4113,False
PGR,Financials,9,WRB,W. R. Berkley Corporation,Financials,0.4109,False
PGR,Financials,10,L,Loews Corporation,Financials,0.3974,False
PLD,Real Estate,1,HST,Host Hotels & Resorts,Real Estate,0.512,False
PLD,Real Estate,2,DOC,Healthpeak Properties,Real Estate,0.507,False
PLD,Real Estate,3,REG,Regency Centers,Real Estate,0.4888,False
PLD,Real Estate,4,FRT,Federal Realty Investment Trust,Real Estate,0.4476,False
PLD,Real Estate,5,BXP,"BXP, Inc.",Real Estate,0.4391,False
PLD,Real Estate,6,CBRE,CBRE Group,Real Estate,0.4262,False
PLD,Real Estate,7,O,Realty Income,Real Estate,0.4199,False
PLD,Real Estate,8,SPG,Simon Property Group,Real Estate,0.4163,False
PLD,Real Estate,9,NTRS,Northern Trust,Financials,0.4074,True
PLD,Real Estate,10,ARES,Ares Management,Financials,0.4063,True
PRU,Financials,1,PFG,Principal Financial Group,Financials,0.661,False
PRU,Financials,2,MET,MetLife,Financials,0.6456,False
PRU,Financials,3,TRV,Travelers Companies (The),Financials,0.6336,False
PRU,Financials,4,AMP,Ameriprise Financial,Financials,0.5484,False
PRU,Financials,5,C,Citigroup,Financials,0.5371,False
PRU,Financials,6,RJF,Raymond James Financial,Financials,0.5206,False
PRU,Financials,7,PNC,PNC Financial Services,Financials,0.5122,False
PRU,Financials,8,NTRS,Northern Trust,Financials,0.5087,False
PRU,Financials,9,AIG,American International Group,Financials,0.5046,False
PRU,Financials,10,CINF,Cincinnati Financial,Financials,0.5042,False
PEG,Utilities,1,PCG,PG&E Corporation,Utilities,0.6301,False
PEG,Utilities,2,DTE,DTE Energy,Utilities,0.6167,False
PEG,Utilities,3,CMS,CMS Energy,Utilities,0.6112,False
PEG,Utilities,4,CNP,CenterPoint Energy,Utilities,0.5862,False
PEG,Utilities,5,SRE,Sempra,Utilities,0.5641,False
PEG,Utilities,6,AEP,American Electric Power,Utilities,0.5524,False
PEG,Utilities,7,WEC,WEC Energy Group,Utilities,0.552,False
PEG,Utilities,8,NEE,NextEra Energy,Utilities,0.5353,False
PEG,Utilities,9,ED,Consolidated Edison,Utilities,0.5207,False
PEG,Utilities,10,PPL,PPL Corporation,Utilities,0.5169,False
PTC,Information Technology,1,ROP,Roper Technologies,Information Technology,0.5406,False
PTC,Information Technology,2,NOW,ServiceNow,Information Technology,0.5228,False
PTC,Information Technology,3,TRMB,Trimble Inc.,Information Technology,0.5188,False
PTC,Information Technology,4,PLTR,Palantir Technologies,Information Technology,0.5045,False
PTC,Information Technology,5,IBM,IBM,Information Technology,0.5022,False
PTC,Information Technology,6,SMCI,Supermicro,Information Technology,0.498,False
PTC,Information Technology,7,ALLE,Allegion,Industrials,0.4971,True
PTC,Information Technology,8,CIEN,Ciena,Information Technology,0.4727,False
PTC,Information Technology,9,CDNS,Cadence Design Systems,Information Technology,0.472,False
PTC,Information Technology,10,CSCO,Cisco,Information Technology,0.4696,False
PSA,Real Estate,1,EXR,Extra Space Storage,Real Estate,0.6452,False
PSA,Real Estate,2,CPT,Camden Property Trust,Real Estate,0.4728,False
PSA,Real Estate,3,REG,Regency Centers,Real Estate,0.4711,False
PSA,Real Estate,4,DOC,Healthpeak Properties,Real Estate,0.4529,False
PSA,Real Estate,5,UDR,"UDR, Inc.",Real Estate,0.447,False
PSA,Real Estate,6,FRT,Federal Realty Investment Trust,Real Estate,0.4465,False
PSA,Real Estate,7,KIM,Kimco Realty,Real Estate,0.4166,False
PSA,Real Estate,8,WELL,Welltower,Real Estate,0.4129,False
PSA,Real Estate,9,EQR,Equity Residential,Real Estate,0.4115,False
PSA,Real Estate,10,STX,Seagate Technology,Information Technology,0.4035,True
PHM,Consumer Discretionary,1,AVB,AvalonBay Communities,Real Estate,0.3918,True
PHM,Consumer Discretionary,2,TROW,T. Rowe Price,Financials,0.3791,True
PHM,Consumer Discretionary,3,REG,Regency Centers,Real Estate,0.3771,True
PHM,Consumer Discretionary,4,UDR,"UDR, Inc.",Real Estate,0.3769,True
PHM,Consumer Discretionary,5,NVR,"NVR, Inc.",Consumer Discretionary,0.3711,False
PHM,Consumer Discretionary,6,WELL,Welltower,Real Estate,0.3711,True
PHM,Consumer Discretionary,7,FAST,Fastenal,Industrials,0.3628,True
PHM,Consumer Discretionary,8,PNW,Pinnacle West Capital,Utilities,0.3592,True
PHM,Consumer Discretionary,9,CPT,Camden Property Trust,Real Estate,0.3554,True
PHM,Consumer Discretionary,10,EG,Everest Group,Financials,0.3544,True
PWR,Industrials,1,CNP,CenterPoint Energy,Utilities,0.5232,True
PWR,Industrials,2,HON,Honeywell,Industrials,0.5097,False
PWR,Industrials,3,CSCO,Cisco,Information Technology,0.5072,True
PWR,Industrials,4,CAT,Caterpillar Inc.,Industrials,0.5048,False
PWR,Industrials,5,BKR,Baker Hughes,Energy,0.4856,True
PWR,Industrials,6,XEL,Xcel Energy,Utilities,0.477,True
PWR,Industrials,7,CMI,Cummins,Industrials,0.4744,False
PWR,Industrials,8,LDOS,Leidos,Industrials,0.4699,False
PWR,Industrials,9,TEL,TE Connectivity,Information Technology,0.4687,True
PWR,Industrials,10,AES,AES Corporation,Utilities,0.4663,True
QCOM,Information Technology,1,AVGO,Broadcom,Information Technology,0.5065,False
QCOM,Information Technology,2,DELL,Dell Technologies,Information Technology,0.5007,False
QCOM,Information Technology,3,MCHP,Microchip Technology,Information Technology,0.4657,False
QCOM,Information Technology,4,T,AT&T,Communication Services,0.4603,True
QCOM,Information Technology,5,GRMN,Garmin,Consumer Discretionary,0.4534,True
QCOM,Information Technology,6,Q,Qnity Electronics,Information Technology,0.4278,False
QCOM,Information Technology,7,VZ,Verizon,Communication Services,0.4248,True
QCOM,Information Technology,8,TKO,TKO Group Holdings,Communication Services,0.4082,True
QCOM,Information Technology,9,TMUS,T-Mobile US,Communication Services,0.4041,True
QCOM,Information Technology,10,IQV,IQVIA,Health Care,0.3947,True
DGX,Health Care,1,LH,Labcorp,Health Care,0.6071,False
DGX,Health Care,2,TMO,Thermo Fisher Scientific,Health Care,0.5626,False
DGX,Health Care,3,ABT,Abbott Laboratories,Health Care,0.5187,False
DGX,Health Care,4,IQV,IQVIA,Health Care,0.5089,False
DGX,Health Care,5,GEHC,GE HealthCare,Health Care,0.4952,False
DGX,Health Care,6,COR,Cencora,Health Care,0.4783,False
DGX,Health Care,7,BDX,Becton Dickinson,Health Care,0.4474,False
DGX,Health Care,8,ELV,Elevance Health,Health Care,0.4461,False
DGX,Health Care,9,IDXX,Idexx Laboratories,Health Care,0.438,False
DGX,Health Care,10,UNH,UnitedHealth Group,Health Care,0.435,False
Q,Information Technology,1,ON,ON Semiconductor,Information Technology,0.486,False
Q,Information Technology,2,KLAC,KLA Corporation,Information Technology,0.4835,False
Q,Information Technology,3,AMAT,Applied Materials,Information Technology,0.4797,False
Q,Information Technology,4,GLW,Corning Inc.,Information Technology,0.476,False
Q,Information Technology,5,VLTO,Veralto,Industrials,0.4753,True
Q,Information Technology,6,DELL,Dell Technologies,Information Technology,0.4748,False
Q,Information Technology,7,NXPI,NXP Semiconductors,Information Technology,0.4677,False
Q,Information Technology,8,LRCX,Lam Research,Information Technology,0.4372,False
Q,Information Technology,9,QCOM,Qualcomm,Information Technology,0.4278,False
Q,Information Technology,10,COHR,Coherent Corp.,Information Technology,0.4086,False
RL,Consumer Discretionary,1,TPR,"Tapestry, Inc.",Consumer Discretionary,0.5712,False
RL,Consumer Discretionary,2,NKE,"Nike, Inc.",Consumer Discretionary,0.5004,False
RL,Consumer Discretionary,3,KMB,Kimberly-Clark,Consumer Staples,0.4496,True
RL,Consumer Discretionary,4,WMT,Walmart,Consumer Staples,0.438,True
RL,Consumer Discretionary,5,HSY,Hershey Company (The),Consumer Staples,0.4221,True
RL,Consumer Discretionary,6,ROST,Ross Stores,Consumer Discretionary,0.417,False
RL,Consumer Discretionary,7,TGT,Target Corporation,Consumer Staples,0.4135,True
RL,Consumer Discretionary,8,PG,Procter & Gamble,Consumer Staples,0.411,True
RL,Consumer Discretionary,9,CLX,Clorox,Consumer Staples,0.4076,True
RL,Consumer Discretionary,10,DG,Dollar General,Consumer Staples,0.4032,True
RJF,Financials,1,C,Citigroup,Financials,0.7679,False
RJF,Financials,2,GS,Goldman Sachs,Financials,0.7407,False
RJF,Financials,3,RF,Regions Financial Corporation,Financials,0.7371,False
RJF,Financials,4,MS,Morgan Stanley,Financials,0.7314,False
RJF,Financials,5,BNY,BNY Mellon,Financials,0.7262,False
RJF,Financials,6,PNC,PNC Financial Services,Financials,0.7145,False
RJF,Financials,7,NTRS,Northern Trust,Financials,0.6836,False
RJF,Financials,8,USB,U.S. Bancorp,Financials,0.6636,False
RJF,Financials,9,FITB,Fifth Third Bancorp,Financials,0.6607,False
RJF,Financials,10,STT,State Street Corporation,Financials,0.6552,False
RTX,Industrials,1,BA,Boeing,Industrials,0.5586,False
RTX,Industrials,2,GD,General Dynamics,Industrials,0.5433,False
RTX,Industrials,3,TDG,TransDigm Group,Industrials,0.5186,False
RTX,Industrials,4,TXT,Textron,Industrials,0.5099,False
RTX,Industrials,5,LMT,Lockheed Martin,Industrials,0.5002,False
RTX,Industrials,6,HWM,Howmet Aerospace,Industrials,0.493,False
RTX,Industrials,7,TDY,Teledyne Technologies,Information Technology,0.4839,True
RTX,Industrials,8,DOV,Dover Corporation,Industrials,0.4827,False
RTX,Industrials,9,HON,Honeywell,Industrials,0.4478,False
RTX,Industrials,10,BKR,Baker Hughes,Energy,0.4346,True
O,Real Estate,1,FRT,Federal Realty Investment Trust,Real Estate,0.5985,False
O,Real Estate,2,KIM,Kimco Realty,Real Estate,0.5585,False
O,Real Estate,3,EQR,Equity Residential,Real Estate,0.5312,False
O,Real Estate,4,REG,Regency Centers,Real Estate,0.4595,False
O,Real Estate,5,DLR,Digital Realty,Real Estate,0.4549,False
O,Real Estate,6,ARES,Ares Management,Financials,0.4546,True
O,Real Estate,7,ARE,Alexandria Real Estate Equities,Real Estate,0.4469,False
O,Real Estate,8,ESS,Essex Property Trust,Real Estate,0.4338,False
O,Real Estate,9,WELL,Welltower,Real Estate,0.426,False
O,Real Estate,10,RJF,Raymond James Financial,Financials,0.4244,True
REG,Real Estate,1,KIM,Kimco Realty,Real Estate,0.5313,False
REG,Real Estate,2,AVB,AvalonBay Communities,Real Estate,0.5228,False
REG,Real Estate,3,WELL,Welltower,Real Estate,0.5112,False
REG,Real Estate,4,MAA,Mid-America Apartment Communities,Real Estate,0.4988,False
REG,Real Estate,5,PLD,Prologis,Real Estate,0.4888,False
REG,Real Estate,6,CPT,Camden Property Trust,Real Estate,0.4874,False
REG,Real Estate,7,FRT,Federal Realty Investment Trust,Real Estate,0.4874,False
REG,Real Estate,8,HST,Host Hotels & Resorts,Real Estate,0.487,False
REG,Real Estate,9,UDR,"UDR, Inc.",Real Estate,0.4822,False
REG,Real Estate,10,PSA,Public Storage,Real Estate,0.4711,False
REGN,Health Care,1,AMGN,Amgen,Health Care,0.6156,False
REGN,Health Care,2,PFE,Pfizer,Health Care,0.5587,False
REGN,Health Care,3,BIIB,Biogen,Health Care,0.5555,False
REGN,Health Care,4,BMY,Bristol Myers Squibb,Health Care,0.5529,False
REGN,Health Care,5,VRTX,Vertex Pharmaceuticals,Health Care,0.5432,False
REGN,Health Care,6,LLY,Lilly (Eli),Health Care,0.5323,False
REGN,Health Care,7,MRNA,Moderna,Health Care,0.5322,False
REGN,Health Care,8,ABBV,AbbVie,Health Care,0.5305,False
REGN,Health Care,9,INCY,Incyte,Health Care,0.526,False
REGN,Health Care,10,GILD,Gilead Sciences,Health Care,0.4729,False
RF,Financials,1,RJF,Raymond James Financial,Financials,0.7371,False
RF,Financials,2,C,Citigroup,Financials,0.7086,False
RF,Financials,3,GS,Goldman Sachs,Financials,0.7052,False
RF,Financials,4,BAC,Bank of America,Financials,0.6993,False
RF,Financials,5,PNC,PNC Financial Services,Financials,0.6945,False
RF,Financials,6,FITB,Fifth Third Bancorp,Financials,0.6735,False
RF,Financials,7,BNY,BNY Mellon,Financials,0.6726,False
RF,Financials,8,USB,U.S. Bancorp,Financials,0.6474,False
RF,Financials,9,MS,Morgan Stanley,Financials,0.6472,False
RF,Financials,10,JPM,JPMorgan Chase,Financials,0.6389,False
RSG,Industrials,1,WM,Waste Management,Industrials,0.4882,False
RSG,Industrials,2,GPC,Genuine Parts Company,Consumer Discretionary,0.4203,True
RSG,Industrials,3,DG,Dollar General,Consumer Staples,0.4136,True
RSG,Industrials,4,IP,International Paper,Materials,0.4037,True
RSG,Industrials,5,NOW,ServiceNow,Information Technology,0.3792,True
RSG,Industrials,6,USB,U.S. Bancorp,Financials,0.3767,True
RSG,Industrials,7,AWK,American Water Works,Utilities,0.3744,True
RSG,Industrials,8,REG,Regency Centers,Real Estate,0.3744,True
RSG,Industrials,9,FDX,FedEx,Industrials,0.3645,False
RSG,Industrials,10,OKE,Oneok,Energy,0.3638,True
RMD,Health Care,1,VEEV,Veeva Systems,Health Care,0.5038,False
RMD,Health Care,2,ROP,Roper Technologies,Information Technology,0.4508,True
RMD,Health Care,3,FTV,Fortive,Industrials,0.4502,True
RMD,Health Care,4,GEHC,GE HealthCare,Health Care,0.4486,False
RMD,Health Care,5,ELV,Elevance Health,Health Care,0.4454,False
RMD,Health Care,6,FIX,Comfort Systems USA,Industrials,0.4342,True
RMD,Health Care,7,DGX,Quest Diagnostics,Health Care,0.4268,False
RMD,Health Care,8,IDXX,Idexx Laboratories,Health Care,0.4247,False
RMD,Health Care,9,NOW,ServiceNow,Information Technology,0.4224,True
RMD,Health Care,10,SWKS,Skyworks Solutions,Information Technology,0.4214,True
RVTY,Health Care,1,TECH,Bio-Techne,Health Care,0.496,False
RVTY,Health Care,2,VEEV,Veeva Systems,Health Care,0.4687,False
RVTY,Health Care,3,BIIB,Biogen,Health Care,0.4504,False
RVTY,Health Care,4,ABT,Abbott Laboratories,Health Care,0.4368,False
RVTY,Health Care,5,GILD,Gilead Sciences,Health Care,0.4278,False
RVTY,Health Care,6,DGX,Quest Diagnostics,Health Care,0.4243,False
RVTY,Health Care,7,ABBV,AbbVie,Health Care,0.42,False
RVTY,Health Care,8,CRL,Charles River Laboratories,Health Care,0.4192,False
RVTY,Health Care,9,LH,Labcorp,Health Care,0.4121,False
RVTY,Health Care,10,MRK,Merck & Co.,Health Care,0.4099,False
HOOD,Financials,1,SCHW,Charles Schwab Corporation,Financials,0.5659,False
HOOD,Financials,2,BNY,BNY Mellon,Financials,0.5242,False
HOOD,Financials,3,STT,State Street Corporation,Financials,0.523,False
HOOD,Financials,4,IVZ,Invesco,Financials,0.5127,False
HOOD,Financials,5,AMP,Ameriprise Financial,Financials,0.507,False
HOOD,Financials,6,RJF,Raymond James Financial,Financials,0.4807,False
HOOD,Financials,7,BR,Broadridge Financial Solutions,Industrials,0.4767,True
HOOD,Financials,8,BLK,BlackRock,Financials,0.4754,False
HOOD,Financials,9,GS,Goldman Sachs,Financials,0.4702,False
HOOD,Financials,10,C,Citigroup,Financials,0.4689,False
ROK,Industrials,1,INTC,Intel,Information Technology,0.5783,True
ROK,Industrials,2,HON,Honeywell,Industrials,0.5706,False
ROK,Industrials,3,IBM,IBM,Information Technology,0.5351,True
ROK,Industrials,4,APTV,Aptiv,Consumer Discretionary,0.5054,True
ROK,Industrials,5,ITW,Illinois Tool Works,Industrials,0.4908,False
ROK,Industrials,6,AXON,Axon Enterprise,Industrials,0.4737,False
ROK,Industrials,7,ADI,Analog Devices,Information Technology,0.4588,True
ROK,Industrials,8,AMD,Advanced Micro Devices,Information Technology,0.4559,True
ROK,Industrials,9,TXN,Texas Instruments,Information Technology,0.4492,True
ROK,Industrials,10,CMI,Cummins,Industrials,0.449,False
ROL,Industrials,1,CHTR,Charter Communications,Communication Services,0.3858,True
ROL,Industrials,2,VRSN,Verisign,Information Technology,0.335,True
ROL,Industrials,3,NVR,"NVR, Inc.",Consumer Discretionary,0.3288,True
ROL,Industrials,4,CMCSA,Comcast,Communication Services,0.3261,True
ROL,Industrials,5,GWW,W. W. Grainger,Industrials,0.305,False
ROL,Industrials,6,AMT,American Tower,Real Estate,0.2979,True
ROL,Industrials,7,GEN,Gen Digital,Information Technology,0.2977,True
ROL,Industrials,8,PHM,PulteGroup,Consumer Discretionary,0.2957,True
ROL,Industrials,9,MCD,McDonald's,Consumer Discretionary,0.2919,True
ROL,Industrials,10,SO,Southern Company,Utilities,0.2909,True
ROP,Information Technology,1,PTC,PTC Inc.,Information Technology,0.5406,False
ROP,Information Technology,2,TEL,TE Connectivity,Information Technology,0.5157,False
ROP,Information Technology,3,CSCO,Cisco,Information Technology,0.4947,False
ROP,Information Technology,4,IBM,IBM,Information Technology,0.4889,False
ROP,Information Technology,5,AKAM,Akamai Technologies,Information Technology,0.4856,False
ROP,Information Technology,6,A,Agilent Technologies,Health Care,0.4804,True
ROP,Information Technology,7,NOW,ServiceNow,Information Technology,0.4795,False
ROP,Information Technology,8,CTSH,Cognizant,Information Technology,0.4777,False
ROP,Information Technology,9,INTU,Intuit,Information Technology,0.4662,False
ROP,Information Technology,10,GRMN,Garmin,Consumer Discretionary,0.456,True
ROST,Consumer Discretionary,1,TGT,Target Corporation,Consumer Staples,0.4378,True
ROST,Consumer Discretionary,2,MCD,McDonald's,Consumer Discretionary,0.4252,False
ROST,Consumer Discretionary,3,RL,Ralph Lauren Corporation,Consumer Discretionary,0.417,False
ROST,Consumer Discretionary,4,TJX,TJX Companies,Consumer Discretionary,0.4111,False
ROST,Consumer Discretionary,5,WMT,Walmart,Consumer Staples,0.4101,True
ROST,Consumer Discretionary,6,LOW,Lowe's,Consumer Discretionary,0.3886,False
ROST,Consumer Discretionary,7,DLTR,Dollar Tree,Consumer Staples,0.3726,True
ROST,Consumer Discretionary,8,KMB,Kimberly-Clark,Consumer Staples,0.3688,True
ROST,Consumer Discretionary,9,CAG,Conagra Brands,Consumer Staples,0.3684,True
ROST,Consumer Discretionary,10,CCL,Carnival Corporation,Consumer Discretionary,0.3666,False
RCL,Consumer Discretionary,1,CCL,Carnival Corporation,Consumer Discretionary,0.6793,False
RCL,Consumer Discretionary,2,NCLH,Norwegian Cruise Line Holdings,Consumer Discretionary,0.6263,False
RCL,Consumer Discretionary,3,HLT,Hilton Worldwide,Consumer Discretionary,0.4199,False
RCL,Consumer Discretionary,4,LVS,Las Vegas Sands,Consumer Discretionary,0.4042,False
RCL,Consumer Discretionary,5,REG,Regency Centers,Real Estate,0.3919,True
RCL,Consumer Discretionary,6,LUV,Southwest Airlines,Industrials,0.391,True
RCL,Consumer Discretionary,7,MAR,Marriott International,Consumer Discretionary,0.3815,False
RCL,Consumer Discretionary,8,O,Realty Income,Real Estate,0.3684,True
RCL,Consumer Discretionary,9,WYNN,Wynn Resorts,Consumer Discretionary,0.3641,False
RCL,Consumer Discretionary,10,VRSN,Verisign,Information Technology,0.3627,True
SPGI,Financials,1,MSCI,MSCI Inc.,Financials,0.5872,False
SPGI,Financials,2,MCO,Moody's Corporation,Financials,0.5635,False
SPGI,Financials,3,BAC,Bank of America,Financials,0.5514,False
SPGI,Financials,4,GS,Goldman Sachs,Financials,0.5456,False
SPGI,Financials,5,VRSK,Verisk Analytics,Industrials,0.5195,True
SPGI,Financials,6,C,Citigroup,Financials,0.5031,False
SPGI,Financials,7,BR,Broadridge Financial Solutions,Industrials,0.4993,True
SPGI,Financials,8,CBOE,Cboe Global Markets,Financials,0.4893,False
SPGI,Financials,9,ICE,Intercontinental Exchange,Financials,0.4877,False
SPGI,Financials,10,TRV,Travelers Companies (The),Financials,0.4829,False
CRM,Information Technology,1,NOW,ServiceNow,Information Technology,0.5567,False
CRM,Information Technology,2,IBM,IBM,Information Technology,0.5438,False
CRM,Information Technology,3,ACN,Accenture,Information Technology,0.5433,False
CRM,Information Technology,4,PLTR,Palantir Technologies,Information Technology,0.5286,False
CRM,Information Technology,5,GDDY,GoDaddy,Information Technology,0.5153,False
CRM,Information Technology,6,AKAM,Akamai Technologies,Information Technology,0.4831,False
CRM,Information Technology,7,EFX,Equifax,Industrials,0.4821,True
CRM,Information Technology,8,MSFT,Microsoft,Information Technology,0.4818,False
CRM,Information Technology,9,CRWD,CrowdStrike,Information Technology,0.4718,False
CRM,Information Technology,10,META,Meta Platforms,Communication Services,0.4682,True
SNDK,Information Technology,1,MU,Micron Technology,Information Technology,0.6469,False
SNDK,Information Technology,2,STX,Seagate Technology,Information Technology,0.5938,False
SNDK,Information Technology,3,WDC,Western Digital,Information Technology,0.5222,False
SNDK,Information Technology,4,NTAP,NetApp,Information Technology,0.4489,False
SNDK,Information Technology,5,AXON,Axon Enterprise,Industrials,0.4427,True
SNDK,Information Technology,6,EXR,Extra Space Storage,Real Estate,0.4354,True
SNDK,Information Technology,7,DELL,Dell Technologies,Information Technology,0.431,False
SNDK,Information Technology,8,MCHP,Microchip Technology,Information Technology,0.4218,False
SNDK,Information Technology,9,IBM,IBM,Information Technology,0.4063,False
SNDK,Information Technology,10,NVDA,Nvidia,Information Technology,0.4055,False
SBAC,Real Estate,1,CHTR,Charter Communications,Communication Services,0.4297,True
SBAC,Real Estate,2,VZ,Verizon,Communication Services,0.4093,True
SBAC,Real Estate,3,LEN,Lennar,Consumer Discretionary,0.4084,True
SBAC,Real Estate,4,EQR,Equity Residential,Real Estate,0.3837,False
SBAC,Real Estate,5,LHX,L3Harris,Industrials,0.3806,True
SBAC,Real Estate,6,MAA,Mid-America Apartment Communities,Real Estate,0.3782,False
SBAC,Real Estate,7,APA,APA Corporation,Energy,0.3776,True
SBAC,Real Estate,8,T,AT&T,Communication Services,0.3753,True
SBAC,Real Estate,9,AMT,American Tower,Real Estate,0.3668,False
SBAC,Real Estate,10,CCI,Crown Castle,Real Estate,0.3664,False
SLB,Energy,1,HAL,Halliburton,Energy,0.705,False
SLB,Energy,2,BKR,Baker Hughes,Energy,0.5904,False
SLB,Energy,3,URI,United Rentals,Industrials,0.533,True
SLB,Energy,4,ITW,Illinois Tool Works,Industrials,0.4967,True
SLB,Energy,5,CAT,Caterpillar Inc.,Industrials,0.4913,True
SLB,Energy,6,PWR,Quanta Services,Industrials,0.4639,True
SLB,Energy,7,DE,Deere & Company,Industrials,0.4638,True
SLB,Energy,8,VRT,Vertiv,Industrials,0.4611,True
SLB,Energy,9,NOW,ServiceNow,Information Technology,0.453,True
SLB,Energy,10,DOV,Dover Corporation,Industrials,0.4519,True
STX,Information Technology,1,SNDK,Sandisk,Information Technology,0.5938,False
STX,Information Technology,2,WDC,Western Digital,Information Technology,0.5272,False
STX,Information Technology,3,MU,Micron Technology,Information Technology,0.5122,False
STX,Information Technology,4,DELL,Dell Technologies,Information Technology,0.4925,False
STX,Information Technology,5,IBM,IBM,Information Technology,0.4873,False
STX,Information Technology,6,EXR,Extra Space Storage,Real Estate,0.4577,True
STX,Information Technology,7,SMCI,Supermicro,Information Technology,0.4441,False
STX,Information Technology,8,NDAQ,"Nasdaq, Inc.",Financials,0.4385,True
STX,Information Technology,9,VRT,Vertiv,Industrials,0.4091,True
STX,Information Technology,10,PSA,Public Storage,Real Estate,0.4035,True
SRE,Utilities,1,CMS,CMS Energy,Utilities,0.5872,False
SRE,Utilities,2,PEG,Public Service Enterprise Group,Utilities,0.5641,False
SRE,Utilities,3,CNP,CenterPoint Energy,Utilities,0.5454,False
SRE,Utilities,4,NEE,NextEra Energy,Utilities,0.5195,False
SRE,Utilities,5,PCG,PG&E Corporation,Utilities,0.51,False
SRE,Utilities,6,DTE,DTE Energy,Utilities,0.5071,False
SRE,Utilities,7,AEP,American Electric Power,Utilities,0.5028,False
SRE,Utilities,8,CSX,CSX Corporation,Industrials,0.486,True
SRE,Utilities,9,ATO,Atmos Energy,Utilities,0.4828,False
SRE,Utilities,10,ETR,Entergy,Utilities,0.479,False
NOW,Information Technology,1,CRWD,CrowdStrike,Information Technology,0.5652,False
NOW,Information Technology,2,IBM,IBM,Information Technology,0.561,False
NOW,Information Technology,3,WDAY,"Workday, Inc.",Information Technology,0.558,False
NOW,Information Technology,4,CRM,Salesforce,Information Technology,0.5567,False
NOW,Information Technology,5,CTSH,Cognizant,Information Technology,0.5537,False
NOW,Information Technology,6,PTC,PTC Inc.,Information Technology,0.5228,False
NOW,Information Technology,7,GDDY,GoDaddy,Information Technology,0.5054,False
NOW,Information Technology,8,ACN,Accenture,Information Technology,0.497,False
NOW,Information Technology,9,ORCL,Oracle Corporation,Information Technology,0.4951,False
NOW,Information Technology,10,MSFT,Microsoft,Information Technology,0.4936,False
SHW,Materials,1,PPG,PPG Industries,Materials,0.5387,False
SHW,Materials,2,WSM,"Williams-Sonoma, Inc.",Consumer Discretionary,0.5208,True
SHW,Materials,3,LOW,Lowe's,Consumer Discretionary,0.4256,True
SHW,Materials,4,PG,Procter & Gamble,Consumer Staples,0.4218,True
SHW,Materials,5,MPC,Marathon Petroleum,Energy,0.4177,True
SHW,Materials,6,AZO,AutoZone,Consumer Discretionary,0.4141,True
SHW,Materials,7,HD,Home Depot (The),Consumer Discretionary,0.4025,True
SHW,Materials,8,ORLY,O’Reilly Automotive,Consumer Discretionary,0.4007,True
SHW,Materials,9,CLX,Clorox,Consumer Staples,0.3984,True
SHW,Materials,10,MMM,3M,Industrials,0.3964,True
SPG,Real Estate,1,ESS,Essex Property Trust,Real Estate,0.467,False
SPG,Real Estate,2,REG,Regency Centers,Real Estate,0.4612,False
SPG,Real Estate,3,FRT,Federal Realty Investment Trust,Real Estate,0.4601,False
SPG,Real Estate,4,EQR,Equity Residential,Real Estate,0.4542,False
SPG,Real Estate,5,CPT,Camden Property Trust,Real Estate,0.4263,False
SPG,Real Estate,6,WELL,Welltower,Real Estate,0.4206,False
SPG,Real Estate,7,BXP,"BXP, Inc.",Real Estate,0.4193,False
SPG,Real Estate,8,PLD,Prologis,Real Estate,0.4163,False
SPG,Real Estate,9,KIM,Kimco Realty,Real Estate,0.4096,False
SPG,Real Estate,10,CBRE,CBRE Group,Real Estate,0.3983,False
SWKS,Information Technology,1,AVGO,Broadcom,Information Technology,0.4657,False
SWKS,Information Technology,2,HUBB,Hubbell Incorporated,Industrials,0.4534,True
SWKS,Information Technology,3,HON,Honeywell,Industrials,0.4387,True
SWKS,Information Technology,4,ADI,Analog Devices,Information Technology,0.4333,False
SWKS,Information Technology,5,BRK.B,Berkshire Hathaway,Financials,0.429,True
SWKS,Information Technology,6,LHX,L3Harris,Industrials,0.4252,True
SWKS,Information Technology,7,KEYS,Keysight Technologies,Information Technology,0.4238,False
SWKS,Information Technology,8,RMD,ResMed,Health Care,0.4214,True
SWKS,Information Technology,9,BA,Boeing,Industrials,0.4193,True
SWKS,Information Technology,10,JBL,Jabil,Information Technology,0.4192,False
SJM,Consumer Staples,1,KHC,Kraft Heinz,Consumer Staples,0.6177,False
SJM,Consumer Staples,2,GIS,General Mills,Consumer Staples,0.6166,False
SJM,Consumer Staples,3,HSY,Hershey Company (The),Consumer Staples,0.6135,False
SJM,Consumer Staples,4,KDP,Keurig Dr Pepper,Consumer Staples,0.5524,False
SJM,Consumer Staples,5,CAG,Conagra Brands,Consumer Staples,0.546,False
SJM,Consumer Staples,6,CPB,Campbell's Company (The),Consumer Staples,0.5447,False
SJM,Consumer Staples,7,TSN,Tyson Foods,Consumer Staples,0.5398,False
SJM,Consumer Staples,8,CL,Colgate-Palmolive,Consumer Staples,0.5331,False
SJM,Consumer Staples,9,TSCO,Tractor Supply,Consumer Discretionary,0.5142,True
SJM,Consumer Staples,10,IFF,International Flavors & Fragrances,Materials,0.5024,True
SW,Materials,1,IP,International Paper,Materials,0.5914,False
SW,Materials,2,PKG,Packaging Corporation of America,Materials,0.5421,False
SW,Materials,3,SJM,J.M. Smucker Company (The),Consumer Staples,0.4565,True
SW,Materials,4,HSY,Hershey Company (The),Consumer Staples,0.4367,True
SW,Materials,5,KHC,Kraft Heinz,Consumer Staples,0.4336,True
SW,Materials,6,SYY,Sysco,Consumer Staples,0.43,True
SW,Materials,7,CRH,CRH plc,Materials,0.4255,False
SW,Materials,8,AMCR,Amcor,Materials,0.4205,False
SW,Materials,9,WST,West Pharmaceutical Services,Health Care,0.4151,True
SW,Materials,10,CAG,Conagra Brands,Consumer Staples,0.4072,True
SNA,Industrials,1,ITW,Illinois Tool Works,Industrials,0.5668,False
SNA,Industrials,2,SWK,Stanley Black & Decker,Industrials,0.5355,False
SNA,Industrials,3,GPC,Genuine Parts Company,Consumer Discretionary,0.5059,True
SNA,Industrials,4,ORLY,O’Reilly Automotive,Consumer Discretionary,0.4874,True
SNA,Industrials,5,IR,Ingersoll Rand,Industrials,0.4638,False
SNA,Industrials,6,PTC,PTC Inc.,Information Technology,0.4437,True
SNA,Industrials,7,ROP,Roper Technologies,Information Technology,0.4435,True
SNA,Industrials,8,SLB,Schlumberger,Energy,0.4391,True
SNA,Industrials,9,URI,United Rentals,Industrials,0.4378,False
SNA,Industrials,10,TRMB,Trimble Inc.,Information Technology,0.4348,True
SOLV,Health Care,1,UNH,UnitedHealth Group,Health Care,0.539,False
SOLV,Health Care,2,WST,West Pharmaceutical Services,Health Care,0.4975,False
SOLV,Health Care,3,PG,Procter & Gamble,Consumer Staples,0.4959,True
SOLV,Health Care,4,NDSN,Nordson Corporation,Industrials,0.4914,True
SOLV,Health Care,5,ABT,Abbott Laboratories,Health Care,0.4586,False
SOLV,Health Care,6,CL,Colgate-Palmolive,Consumer Staples,0.457,True
SOLV,Health Care,7,CNC,Centene Corporation,Health Care,0.4561,False
SOLV,Health Care,8,GEHC,GE HealthCare,Health Care,0.4555,False
SOLV,Health Care,9,ALGN,Align Technology,Health Care,0.4515,False
SOLV,Health Care,10,HSIC,Henry Schein,Health Care,0.446,False
SO,Utilities,1,CNP,CenterPoint Energy,Utilities,0.5833,False
SO,Utilities,2,XEL,Xcel Energy,Utilities,0.578,False
SO,Utilities,3,D,Dominion Energy,Utilities,0.544,False
SO,Utilities,4,ETR,Entergy,Utilities,0.5398,False
SO,Utilities,5,DUK,Duke Energy,Utilities,0.5342,False
SO,Utilities,6,PCG,PG&E Corporation,Utilities,0.525,False
SO,Utilities,7,NRG,NRG Energy,Utilities,0.5219,False
SO,Utilities,8,AES,AES Corporation,Utilities,0.5186,False
SO,Utilities,9,WEC,WEC Energy Group,Utilities,0.5105,False
SO,Utilities,10,CMS,CMS Energy,Utilities,0.5002,False
LUV,Industrials,1,BA,Boeing,Industrials,0.526,False
LUV,Industrials,2,UAL,United Airlines Holdings,Industrials,0.5181,False
LUV,Industrials,3,DAL,Delta Air Lines,Industrials,0.507,False
LUV,Industrials,4,AXP,American Express,Financials,0.4185,True
LUV,Industrials,5,AMZN,Amazon,Consumer Discretionary,0.3942,True
LUV,Industrials,6,RCL,Royal Caribbean Group,Consumer Discretionary,0.391,True
LUV,Industrials,7,FDXF,FedEx Freight,Industrials,0.3906,False
LUV,Industrials,8,BKNG,Booking Holdings,Consumer Discretionary,0.3875,True
LUV,Industrials,9,FDX,FedEx,Industrials,0.3865,False
LUV,Industrials,10,JBHT,J.B. Hunt,Industrials,0.3709,False
SWK,Industrials,1,SNA,Snap-on,Industrials,0.5355,False
SWK,Industrials,2,ITW,Illinois Tool Works,Industrials,0.5149,False
SWK,Industrials,3,TSCO,Tractor Supply,Consumer Discretionary,0.5012,True
SWK,Industrials,4,HAL,Halliburton,Energy,0.4959,True
SWK,Industrials,5,URI,United Rentals,Industrials,0.4825,False
SWK,Industrials,6,DE,Deere & Company,Industrials,0.4765,False
SWK,Industrials,7,CAT,Caterpillar Inc.,Industrials,0.4735,False
SWK,Industrials,8,ETN,Eaton Corporation,Industrials,0.4595,False
SWK,Industrials,9,SLB,Schlumberger,Energy,0.4393,True
SWK,Industrials,10,GNRC,Generac,Industrials,0.4322,False
SBUX,Consumer Discretionary,1,KDP,Keurig Dr Pepper,Consumer Staples,0.5668,True
SBUX,Consumer Discretionary,2,PEP,PepsiCo,Consumer Staples,0.5434,True
SBUX,Consumer Discretionary,3,MCD,McDonald's,Consumer Discretionary,0.534,False
SBUX,Consumer Discretionary,4,MDLZ,Mondelez International,Consumer Staples,0.4524,True
SBUX,Consumer Discretionary,5,KR,Kroger,Consumer Staples,0.4516,True
SBUX,Consumer Discretionary,6,WMT,Walmart,Consumer Staples,0.4481,True
SBUX,Consumer Discretionary,7,SJM,J.M. Smucker Company (The),Consumer Staples,0.4456,True
SBUX,Consumer Discretionary,8,KHC,Kraft Heinz,Consumer Staples,0.4321,True
SBUX,Consumer Discretionary,9,YUM,Yum! Brands,Consumer Discretionary,0.4293,False
SBUX,Consumer Discretionary,10,BALL,Ball Corporation,Materials,0.4277,True
STT,Financials,1,RJF,Raymond James Financial,Financials,0.6552,False
STT,Financials,2,BNY,BNY Mellon,Financials,0.6306,False
STT,Financials,3,BR,Broadridge Financial Solutions,Industrials,0.5945,True
STT,Financials,4,BLK,BlackRock,Financials,0.5848,False
STT,Financials,5,MS,Morgan Stanley,Financials,0.5822,False
STT,Financials,6,C,Citigroup,Financials,0.5789,False
STT,Financials,7,AMP,Ameriprise Financial,Financials,0.5742,False
STT,Financials,8,USB,U.S. Bancorp,Financials,0.5548,False
STT,Financials,9,MSCI,MSCI Inc.,Financials,0.5477,False
STT,Financials,10,SCHW,Charles Schwab Corporation,Financials,0.5338,False
STLD,Materials,1,NUE,Nucor,Materials,0.6886,False
STLD,Materials,2,WM,Waste Management,Industrials,0.5217,True
STLD,Materials,3,CAT,Caterpillar Inc.,Industrials,0.4482,True
STLD,Materials,4,MMM,3M,Industrials,0.4437,True
STLD,Materials,5,ITW,Illinois Tool Works,Industrials,0.4364,True
STLD,Materials,6,GD,General Dynamics,Industrials,0.3989,True
STLD,Materials,7,HWM,Howmet Aerospace,Industrials,0.396,True
STLD,Materials,8,ORLY,O’Reilly Automotive,Consumer Discretionary,0.3902,True
STLD,Materials,9,SWK,Stanley Black & Decker,Industrials,0.3838,True
STLD,Materials,10,URI,United Rentals,Industrials,0.3811,True
STE,Health Care,1,WST,West Pharmaceutical Services,Health Care,0.5355,False
STE,Health Care,2,TT,Trane Technologies,Industrials,0.5232,True
STE,Health Care,3,NDSN,Nordson Corporation,Industrials,0.4611,True
STE,Health Care,4,ALLE,Allegion,Industrials,0.4379,True
STE,Health Care,5,PNR,Pentair,Industrials,0.4335,True
STE,Health Care,6,COR,Cencora,Health Care,0.4307,False
STE,Health Care,7,FTV,Fortive,Industrials,0.4112,True
STE,Health Care,8,DOV,Dover Corporation,Industrials,0.4095,True
STE,Health Care,9,BSX,Boston Scientific,Health Care,0.4067,False
STE,Health Care,10,CTSH,Cognizant,Information Technology,0.404,True
SYK,Health Care,1,ZBH,Zimmer Biomet,Health Care,0.5722,False
SYK,Health Care,2,JNJ,Johnson & Johnson,Health Care,0.5357,False
SYK,Health Care,3,ISRG,Intuitive Surgical,Health Care,0.5145,False
SYK,Health Care,4,MDT,Medtronic,Health Care,0.5114,False
SYK,Health Care,5,BAX,Baxter International,Health Care,0.5028,False
SYK,Health Care,6,MCK,McKesson Corporation,Health Care,0.4774,False
SYK,Health Care,7,ZTS,Zoetis,Health Care,0.4595,False
SYK,Health Care,8,GEHC,GE HealthCare,Health Care,0.4493,False
SYK,Health Care,9,FTV,Fortive,Industrials,0.4427,True
SYK,Health Care,10,BSX,Boston Scientific,Health Care,0.4412,False
SMCI,Information Technology,1,IBM,IBM,Information Technology,0.5565,False
SMCI,Information Technology,2,AMD,Advanced Micro Devices,Information Technology,0.5364,False
SMCI,Information Technology,3,DELL,Dell Technologies,Information Technology,0.5265,False
SMCI,Information Technology,4,INTC,Intel,Information Technology,0.5205,False
SMCI,Information Technology,5,PTC,PTC Inc.,Information Technology,0.498,False
SMCI,Information Technology,6,CIEN,Ciena,Information Technology,0.4896,False
SMCI,Information Technology,7,VRT,Vertiv,Industrials,0.4851,True
SMCI,Information Technology,8,MU,Micron Technology,Information Technology,0.4787,False
SMCI,Information Technology,9,AVGO,Broadcom,Information Technology,0.4578,False
SMCI,Information Technology,10,HPE,Hewlett Packard Enterprise,Information Technology,0.4502,False
SYF,Financials,1,MA,Mastercard,Financials,0.5515,False
SYF,Financials,2,USB,U.S. Bancorp,Financials,0.5464,False
SYF,Financials,3,INTU,Intuit,Information Technology,0.5308,True
SYF,Financials,4,JKHY,Jack Henry & Associates,Financials,0.5244,False
SYF,Financials,5,PYPL,PayPal,Financials,0.4853,False
SYF,Financials,6,AXP,American Express,Financials,0.4829,False
SYF,Financials,7,V,Visa Inc.,Financials,0.4816,False
SYF,Financials,8,EFX,Equifax,Industrials,0.4813,True
SYF,Financials,9,C,Citigroup,Financials,0.4778,False
SYF,Financials,10,CPAY,Corpay,Financials,0.4733,False
SNPS,Information Technology,1,CDNS,Cadence Design Systems,Information Technology,0.5515,False
SNPS,Information Technology,2,INTC,Intel,Information Technology,0.5051,False
SNPS,Information Technology,3,IBM,IBM,Information Technology,0.4543,False
SNPS,Information Technology,4,VRT,Vertiv,Industrials,0.4529,True
SNPS,Information Technology,5,TER,Teradyne,Information Technology,0.4498,False
SNPS,Information Technology,6,CRWD,CrowdStrike,Information Technology,0.4422,False
SNPS,Information Technology,7,AMD,Advanced Micro Devices,Information Technology,0.4397,False
SNPS,Information Technology,8,APTV,Aptiv,Consumer Discretionary,0.4197,True
SNPS,Information Technology,9,MCHP,Microchip Technology,Information Technology,0.4171,False
SNPS,Information Technology,10,AVGO,Broadcom,Information Technology,0.4106,False
SYY,Consumer Staples,1,HRL,Hormel Foods,Consumer Staples,0.5997,False
SYY,Consumer Staples,2,GIS,General Mills,Consumer Staples,0.5589,False
SYY,Consumer Staples,3,KHC,Kraft Heinz,Consumer Staples,0.5085,False
SYY,Consumer Staples,4,MCD,McDonald's,Consumer Discretionary,0.4901,True
SYY,Consumer Staples,5,MDLZ,Mondelez International,Consumer Staples,0.489,False
SYY,Consumer Staples,6,HSY,Hershey Company (The),Consumer Staples,0.4798,False
SYY,Consumer Staples,7,CAG,Conagra Brands,Consumer Staples,0.4798,False
SYY,Consumer Staples,8,WMT,Walmart,Consumer Staples,0.4699,False
SYY,Consumer Staples,9,DG,Dollar General,Consumer Staples,0.4697,False
SYY,Consumer Staples,10,COST,Costco,Consumer Staples,0.4695,False
TMUS,Communication Services,1,T,AT&T,Communication Services,0.6219,False
TMUS,Communication Services,2,VZ,Verizon,Communication Services,0.4598,False
TMUS,Communication Services,3,TJX,TJX Companies,Consumer Discretionary,0.4353,True
TMUS,Communication Services,4,BBY,Best Buy,Consumer Discretionary,0.427,True
TMUS,Communication Services,5,PYPL,PayPal,Financials,0.4147,True
TMUS,Communication Services,6,CDW,CDW Corporation,Information Technology,0.414,True
TMUS,Communication Services,7,TEL,TE Connectivity,Information Technology,0.4078,True
TMUS,Communication Services,8,AMT,American Tower,Real Estate,0.4072,True
TMUS,Communication Services,9,QCOM,Qualcomm,Information Technology,0.4041,True
TMUS,Communication Services,10,CARR,Carrier Global,Industrials,0.396,True
TROW,Financials,1,ARES,Ares Management,Financials,0.4701,False
TROW,Financials,2,BLK,BlackRock,Financials,0.4556,False
TROW,Financials,3,CME,CME Group,Financials,0.4526,False
TROW,Financials,4,WELL,Welltower,Real Estate,0.4206,True
TROW,Financials,5,TFC,Truist Financial,Financials,0.4172,False
TROW,Financials,6,BKNG,Booking Holdings,Consumer Discretionary,0.4111,True
TROW,Financials,7,TJX,TJX Companies,Consumer Discretionary,0.4082,True
TROW,Financials,8,JCI,Johnson Controls,Industrials,0.3962,True
TROW,Financials,9,IVZ,Invesco,Financials,0.3901,False
TROW,Financials,10,LEN,Lennar,Consumer Discretionary,0.3839,True
TTWO,Communication Services,1,WBD,Warner Bros. Discovery,Communication Services,0.4515,False
TTWO,Communication Services,2,TKO,TKO Group Holdings,Communication Services,0.433,False
TTWO,Communication Services,3,HAS,Hasbro,Consumer Discretionary,0.419,True
TTWO,Communication Services,4,AAPL,Apple Inc.,Information Technology,0.4094,True
TTWO,Communication Services,5,MGM,MGM Resorts,Consumer Discretionary,0.3805,True
TTWO,Communication Services,6,EA,Electronic Arts,Communication Services,0.3777,False
TTWO,Communication Services,7,DIS,Walt Disney Company (The),Communication Services,0.3675,False
TTWO,Communication Services,8,WYNN,Wynn Resorts,Consumer Discretionary,0.3574,True
TTWO,Communication Services,9,META,Meta Platforms,Communication Services,0.3247,False
TTWO,Communication Services,10,HLT,Hilton Worldwide,Consumer Discretionary,0.3232,True
TPR,Consumer Discretionary,1,RL,Ralph Lauren Corporation,Consumer Discretionary,0.5712,False
TPR,Consumer Discretionary,2,LULU,Lululemon Athletica,Consumer Discretionary,0.4867,False
TPR,Consumer Discretionary,3,NKE,"Nike, Inc.",Consumer Discretionary,0.4754,False
TPR,Consumer Discretionary,4,TGT,Target Corporation,Consumer Staples,0.4564,True
TPR,Consumer Discretionary,5,PG,Procter & Gamble,Consumer Staples,0.4329,True
TPR,Consumer Discretionary,6,HAS,Hasbro,Consumer Discretionary,0.4262,False
TPR,Consumer Discretionary,7,TJX,TJX Companies,Consumer Discretionary,0.4227,False
TPR,Consumer Discretionary,8,SYF,Synchrony Financial,Financials,0.4201,True
TPR,Consumer Discretionary,9,EL,Estée Lauder Companies (The),Consumer Staples,0.4196,True
TPR,Consumer Discretionary,10,KMB,Kimberly-Clark,Consumer Staples,0.4093,True
TRGP,Energy,1,WMB,Williams Companies,Energy,0.5932,False
TRGP,Energy,2,OKE,Oneok,Energy,0.5725,False
TRGP,Energy,3,KMI,Kinder Morgan,Energy,0.5169,False
TRGP,Energy,4,MPC,Marathon Petroleum,Energy,0.4969,False
TRGP,Energy,5,PSX,Phillips 66,Energy,0.4935,False
TRGP,Energy,6,VST,Vistra Corp.,Utilities,0.4876,True
TRGP,Energy,7,EOG,EOG Resources,Energy,0.4762,False
TRGP,Energy,8,XOM,ExxonMobil,Energy,0.4644,False
TRGP,Energy,9,TPL,Texas Pacific Land Corporation,Energy,0.463,False
TRGP,Energy,10,LNT,Alliant Energy,Utilities,0.4595,True
TGT,Consumer Staples,1,KR,Kroger,Consumer Staples,0.5908,False
TGT,Consumer Staples,2,WMT,Walmart,Consumer Staples,0.5842,False
TGT,Consumer Staples,3,DG,Dollar General,Consumer Staples,0.5635,False
TGT,Consumer Staples,4,HSY,Hershey Company (The),Consumer Staples,0.5447,False
TGT,Consumer Staples,5,MDLZ,Mondelez International,Consumer Staples,0.5282,False
TGT,Consumer Staples,6,COST,Costco,Consumer Staples,0.4798,False
TGT,Consumer Staples,7,CAG,Conagra Brands,Consumer Staples,0.4788,False
TGT,Consumer Staples,8,BBY,Best Buy,Consumer Discretionary,0.4604,True
TGT,Consumer Staples,9,TJX,TJX Companies,Consumer Discretionary,0.4594,True
TGT,Consumer Staples,10,TPR,"Tapestry, Inc.",Consumer Discretionary,0.4564,True
TEL,Information Technology,1,TT,Trane Technologies,Industrials,0.5881,True
TEL,Information Technology,2,CSCO,Cisco,Information Technology,0.5432,False
TEL,Information Technology,3,ROP,Roper Technologies,Information Technology,0.5157,False
TEL,Information Technology,4,MMM,3M,Industrials,0.5058,True
TEL,Information Technology,5,VZ,Verizon,Communication Services,0.4987,True
TEL,Information Technology,6,ZBRA,Zebra Technologies,Information Technology,0.4881,False
TEL,Information Technology,7,DELL,Dell Technologies,Information Technology,0.4878,False
TEL,Information Technology,8,T,AT&T,Communication Services,0.4819,True
TEL,Information Technology,9,APH,Amphenol,Information Technology,0.4795,False
TEL,Information Technology,10,CARR,Carrier Global,Industrials,0.4762,True
TDY,Information Technology,1,LMT,Lockheed Martin,Industrials,0.5081,True
TDY,Information Technology,2,RTX,RTX Corporation,Industrials,0.4839,True
TDY,Information Technology,3,AME,Ametek,Industrials,0.4749,True
TDY,Information Technology,4,ADI,Analog Devices,Information Technology,0.4735,False
TDY,Information Technology,5,TXT,Textron,Industrials,0.4708,True
TDY,Information Technology,6,NOC,Northrop Grumman,Industrials,0.4663,True
TDY,Information Technology,7,TXN,Texas Instruments,Information Technology,0.464,False
TDY,Information Technology,8,DOV,Dover Corporation,Industrials,0.457,True
TDY,Information Technology,9,CIEN,Ciena,Information Technology,0.45,False
TDY,Information Technology,10,GD,General Dynamics,Industrials,0.4454,True
TER,Information Technology,1,ITW,Illinois Tool Works,Industrials,0.4969,True
TER,Information Technology,2,CDNS,Cadence Design Systems,Information Technology,0.4699,False
TER,Information Technology,3,SNPS,Synopsys,Information Technology,0.4498,False
TER,Information Technology,4,TECH,Bio-Techne,Health Care,0.4374,True
TER,Information Technology,5,KLAC,KLA Corporation,Information Technology,0.433,False
TER,Information Technology,6,TDY,Teledyne Technologies,Information Technology,0.4328,False
TER,Information Technology,7,LRCX,Lam Research,Information Technology,0.4319,False
TER,Information Technology,8,AMD,Advanced Micro Devices,Information Technology,0.4133,False
TER,Information Technology,9,DOV,Dover Corporation,Industrials,0.4107,True
TER,Information Technology,10,TEL,TE Connectivity,Information Technology,0.4106,False
TSLA,Consumer Discretionary,1,F,Ford Motor Company,Consumer Discretionary,0.5303,False
TSLA,Consumer Discretionary,2,NRG,NRG Energy,Utilities,0.5056,True
TSLA,Consumer Discretionary,3,XEL,Xcel Energy,Utilities,0.4986,True
TSLA,Consumer Discretionary,4,AES,AES Corporation,Utilities,0.4779,True
TSLA,Consumer Discretionary,5,PWR,Quanta Services,Industrials,0.4326,True
TSLA,Consumer Discretionary,6,AEP,American Electric Power,Utilities,0.4253,True
TSLA,Consumer Discretionary,7,GNRC,Generac,Industrials,0.4215,True
TSLA,Consumer Discretionary,8,BBY,Best Buy,Consumer Discretionary,0.4175,False
TSLA,Consumer Discretionary,9,UBER,Uber,Industrials,0.406,True
TSLA,Consumer Discretionary,10,GEV,GE Vernova,Industrials,0.4054,True
TXN,Information Technology,1,ADI,Analog Devices,Information Technology,0.6626,False
TXN,Information Technology,2,MCHP,Microchip Technology,Information Technology,0.6317,False
TXN,Information Technology,3,ITW,Illinois Tool Works,Industrials,0.544,True
TXN,Information Technology,4,AME,Ametek,Industrials,0.5284,True
TXN,Information Technology,5,ON,ON Semiconductor,Information Technology,0.5222,False
TXN,Information Technology,6,MPWR,Monolithic Power Systems,Information Technology,0.5145,False
TXN,Information Technology,7,INTC,Intel,Information Technology,0.5042,False
TXN,Information Technology,8,HUBB,Hubbell Incorporated,Industrials,0.5023,True
TXN,Information Technology,9,IEX,IDEX Corporation,Industrials,0.4769,True
TXN,Information Technology,10,MMM,3M,Industrials,0.4656,True
TPL,Energy,1,WMB,Williams Companies,Energy,0.5551,False
TPL,Energy,2,OKE,Oneok,Energy,0.533,False
TPL,Energy,3,ATO,Atmos Energy,Utilities,0.493,True
TPL,Energy,4,KMI,Kinder Morgan,Energy,0.4647,False
TPL,Energy,5,TRGP,Targa Resources,Energy,0.463,False
TPL,Energy,6,FANG,Diamondback Energy,Energy,0.4555,False
TPL,Energy,7,AWK,American Water Works,Utilities,0.451,True
TPL,Energy,8,CNP,CenterPoint Energy,Utilities,0.451,True
TPL,Energy,9,BKR,Baker Hughes,Energy,0.4428,False
TPL,Energy,10,MPC,Marathon Petroleum,Energy,0.4416,False
TXT,Industrials,1,TDG,TransDigm Group,Industrials,0.53,False
TXT,Industrials,2,GD,General Dynamics,Industrials,0.5298,False
TXT,Industrials,3,RTX,RTX Corporation,Industrials,0.5099,False
TXT,Industrials,4,BA,Boeing,Industrials,0.4844,False
TXT,Industrials,5,TDY,Teledyne Technologies,Information Technology,0.4708,True
TXT,Industrials,6,ITW,Illinois Tool Works,Industrials,0.4701,False
TXT,Industrials,7,DOV,Dover Corporation,Industrials,0.4682,False
TXT,Industrials,8,NOC,Northrop Grumman,Industrials,0.462,False
TXT,Industrials,9,HWM,Howmet Aerospace,Industrials,0.4603,False
TXT,Industrials,10,LMT,Lockheed Martin,Industrials,0.4332,False
TMO,Health Care,1,A,Agilent Technologies,Health Care,0.5875,False
TMO,Health Care,2,DHR,Danaher Corporation,Health Care,0.5748,False
TMO,Health Care,3,ABT,Abbott Laboratories,Health Care,0.5722,False
TMO,Health Care,4,DGX,Quest Diagnostics,Health Care,0.5626,False
TMO,Health Care,5,TECH,Bio-Techne,Health Care,0.5451,False
TMO,Health Care,6,WAT,Waters Corporation,Health Care,0.5165,False
TMO,Health Care,7,LH,Labcorp,Health Care,0.5142,False
TMO,Health Care,8,BDX,Becton Dickinson,Health Care,0.5026,False
TMO,Health Care,9,CRL,Charles River Laboratories,Health Care,0.4809,False
TMO,Health Care,10,IDXX,Idexx Laboratories,Health Care,0.4793,False
TJX,Consumer Discretionary,1,DECK,Deckers Brands,Consumer Discretionary,0.4924,False
TJX,Consumer Discretionary,2,TGT,Target Corporation,Consumer Staples,0.4594,True
TJX,Consumer Discretionary,3,HAS,Hasbro,Consumer Discretionary,0.4357,False
TJX,Consumer Discretionary,4,TMUS,T-Mobile US,Communication Services,0.4353,True
TJX,Consumer Discretionary,5,SJM,J.M. Smucker Company (The),Consumer Staples,0.4346,True
TJX,Consumer Discretionary,6,JNJ,Johnson & Johnson,Health Care,0.4315,True
TJX,Consumer Discretionary,7,TPR,"Tapestry, Inc.",Consumer Discretionary,0.4227,False
TJX,Consumer Discretionary,8,COST,Costco,Consumer Staples,0.4197,True
TJX,Consumer Discretionary,9,BBY,Best Buy,Consumer Discretionary,0.4175,False
TJX,Consumer Discretionary,10,FAST,Fastenal,Industrials,0.4165,True
TKO,Communication Services,1,LYV,Live Nation Entertainment,Communication Services,0.4768,False
TKO,Communication Services,2,MGM,MGM Resorts,Consumer Discretionary,0.4472,True
TKO,Communication Services,3,DIS,Walt Disney Company (The),Communication Services,0.4355,False
TKO,Communication Services,4,TTWO,Take-Two Interactive,Communication Services,0.433,False
TKO,Communication Services,5,WBD,Warner Bros. Discovery,Communication Services,0.4292,False
TKO,Communication Services,6,PSKY,Paramount Skydance Corporation,Communication Services,0.4126,False
TKO,Communication Services,7,QCOM,Qualcomm,Information Technology,0.4082,True
TKO,Communication Services,8,CME,CME Group,Financials,0.4038,True
TKO,Communication Services,9,PCAR,Paccar,Industrials,0.4029,True
TKO,Communication Services,10,BKNG,Booking Holdings,Consumer Discretionary,0.3872,True
TTD,Communication Services,1,EBAY,eBay Inc.,Consumer Discretionary,0.4354,True
TTD,Communication Services,2,CDW,CDW Corporation,Information Technology,0.4232,True
TTD,Communication Services,3,APP,AppLovin,Information Technology,0.4047,True
TTD,Communication Services,4,BBY,Best Buy,Consumer Discretionary,0.3919,True
TTD,Communication Services,5,TMUS,T-Mobile US,Communication Services,0.3885,False
TTD,Communication Services,6,HD,Home Depot (The),Consumer Discretionary,0.3854,True
TTD,Communication Services,7,OTIS,Otis Worldwide,Industrials,0.3818,True
TTD,Communication Services,8,EA,Electronic Arts,Communication Services,0.3753,False
TTD,Communication Services,9,ROK,Rockwell Automation,Industrials,0.3698,True
TTD,Communication Services,10,DLR,Digital Realty,Real Estate,0.3653,True
TSCO,Consumer Discretionary,1,DE,Deere & Company,Industrials,0.5743,True
TSCO,Consumer Discretionary,2,GIS,General Mills,Consumer Staples,0.5482,True
TSCO,Consumer Discretionary,3,DG,Dollar General,Consumer Staples,0.5164,True
TSCO,Consumer Discretionary,4,SJM,J.M. Smucker Company (The),Consumer Staples,0.5142,True
TSCO,Consumer Discretionary,5,ADM,Archer Daniels Midland,Consumer Staples,0.5141,True
TSCO,Consumer Discretionary,6,NSC,Norfolk Southern,Industrials,0.5094,True
TSCO,Consumer Discretionary,7,GPC,Genuine Parts Company,Consumer Discretionary,0.5035,False
TSCO,Consumer Discretionary,8,SWK,Stanley Black & Decker,Industrials,0.5012,True
TSCO,Consumer Discretionary,9,HSY,Hershey Company (The),Consumer Staples,0.4954,True
TSCO,Consumer Discretionary,10,CAT,Caterpillar Inc.,Industrials,0.4908,True
TT,Industrials,1,TEL,TE Connectivity,Information Technology,0.5881,True
TT,Industrials,2,ETN,Eaton Corporation,Industrials,0.5772,False
TT,Industrials,3,WAB,Wabtec,Industrials,0.5483,False
TT,Industrials,4,LII,Lennox International,Industrials,0.5317,False
TT,Industrials,5,STE,Steris,Health Care,0.5232,True
TT,Industrials,6,GNRC,Generac,Industrials,0.5053,False
TT,Industrials,7,CRH,CRH plc,Materials,0.4854,True
TT,Industrials,8,CMI,Cummins,Industrials,0.484,False
TT,Industrials,9,HON,Honeywell,Industrials,0.4828,False
TT,Industrials,10,WM,Waste Management,Industrials,0.4704,False
TDG,Industrials,1,GD,General Dynamics,Industrials,0.5577,False
TDG,Industrials,2,TXT,Textron,Industrials,0.53,False
TDG,Industrials,3,RTX,RTX Corporation,Industrials,0.5186,False
TDG,Industrials,4,HON,Honeywell,Industrials,0.5183,False
TDG,Industrials,5,MMM,3M,Industrials,0.5059,False
TDG,Industrials,6,URI,United Rentals,Industrials,0.5043,False
TDG,Industrials,7,LMT,Lockheed Martin,Industrials,0.4991,False
TDG,Industrials,8,NOC,Northrop Grumman,Industrials,0.4923,False
TDG,Industrials,9,DOV,Dover Corporation,Industrials,0.4876,False
TDG,Industrials,10,CAT,Caterpillar Inc.,Industrials,0.4776,False
TRV,Financials,1,PRU,Prudential Financial,Financials,0.6336,False
TRV,Financials,2,HIG,Hartford (The),Financials,0.6137,False
TRV,Financials,3,PFG,Principal Financial Group,Financials,0.6069,False
TRV,Financials,4,C,Citigroup,Financials,0.6015,False
TRV,Financials,5,BRO,Brown & Brown,Financials,0.5895,False
TRV,Financials,6,CINF,Cincinnati Financial,Financials,0.587,False
TRV,Financials,7,L,Loews Corporation,Financials,0.5845,False
TRV,Financials,8,RJF,Raymond James Financial,Financials,0.578,False
TRV,Financials,9,CB,Chubb Limited,Financials,0.571,False
TRV,Financials,10,AIG,American International Group,Financials,0.5578,False
TRMB,Information Technology,1,PTC,PTC Inc.,Information Technology,0.5188,False
TRMB,Information Technology,2,WDAY,"Workday, Inc.",Information Technology,0.4431,False
TRMB,Information Technology,3,ROP,Roper Technologies,Information Technology,0.4373,False
TRMB,Information Technology,4,NOW,ServiceNow,Information Technology,0.4367,False
TRMB,Information Technology,5,ADSK,Autodesk,Information Technology,0.4358,False
TRMB,Information Technology,6,SNA,Snap-on,Industrials,0.4348,True
TRMB,Information Technology,7,DOV,Dover Corporation,Industrials,0.4241,True
TRMB,Information Technology,8,JBL,Jabil,Information Technology,0.4229,False
TRMB,Information Technology,9,JBHT,J.B. Hunt,Industrials,0.4229,True
TRMB,Information Technology,10,BR,Broadridge Financial Solutions,Industrials,0.4207,True
TFC,Financials,1,MTB,M&T Bank,Financials,0.569,False
TFC,Financials,2,USB,U.S. Bancorp,Financials,0.5361,False
TFC,Financials,3,WFC,Wells Fargo,Financials,0.5113,False
TFC,Financials,4,COF,Capital One,Financials,0.497,False
TFC,Financials,5,CPAY,Corpay,Financials,0.4909,False
TFC,Financials,6,CFG,Citizens Financial Group,Financials,0.4891,False
TFC,Financials,7,HBAN,Huntington Bancshares,Financials,0.4867,False
TFC,Financials,8,KEY,KeyCorp,Financials,0.4686,False
TFC,Financials,9,RJF,Raymond James Financial,Financials,0.4613,False
TFC,Financials,10,SCHW,Charles Schwab Corporation,Financials,0.4606,False
TYL,Information Technology,1,TEL,TE Connectivity,Information Technology,0.4558,False
TYL,Information Technology,2,ACN,Accenture,Information Technology,0.429,False
TYL,Information Technology,3,ROP,Roper Technologies,Information Technology,0.4273,False
TYL,Information Technology,4,CTSH,Cognizant,Information Technology,0.4238,False
TYL,Information Technology,5,IBM,IBM,Information Technology,0.4127,False
TYL,Information Technology,6,CDW,CDW Corporation,Information Technology,0.4117,False
TYL,Information Technology,7,APTV,Aptiv,Consumer Discretionary,0.4027,True
TYL,Information Technology,8,NOW,ServiceNow,Information Technology,0.4026,False
TYL,Information Technology,9,CPAY,Corpay,Financials,0.3992,True
TYL,Information Technology,10,FTV,Fortive,Industrials,0.3991,True
TSN,Consumer Staples,1,GIS,General Mills,Consumer Staples,0.6068,False
TSN,Consumer Staples,2,CAG,Conagra Brands,Consumer Staples,0.5659,False
TSN,Consumer Staples,3,KHC,Kraft Heinz,Consumer Staples,0.5593,False
TSN,Consumer Staples,4,CPB,Campbell's Company (The),Consumer Staples,0.5567,False
TSN,Consumer Staples,5,HRL,Hormel Foods,Consumer Staples,0.5444,False
TSN,Consumer Staples,6,SJM,J.M. Smucker Company (The),Consumer Staples,0.5398,False
TSN,Consumer Staples,7,HSY,Hershey Company (The),Consumer Staples,0.511,False
TSN,Consumer Staples,8,MKC,McCormick & Company,Consumer Staples,0.4989,False
TSN,Consumer Staples,9,IFF,International Flavors & Fragrances,Materials,0.4827,True
TSN,Consumer Staples,10,CMG,Chipotle Mexican Grill,Consumer Discretionary,0.4711,True
USB,Financials,1,FITB,Fifth Third Bancorp,Financials,0.7075,False
USB,Financials,2,BNY,BNY Mellon,Financials,0.6872,False
USB,Financials,3,MTB,M&T Bank,Financials,0.6752,False
USB,Financials,4,C,Citigroup,Financials,0.6739,False
USB,Financials,5,WFC,Wells Fargo,Financials,0.6714,False
USB,Financials,6,RJF,Raymond James Financial,Financials,0.6636,False
USB,Financials,7,RF,Regions Financial Corporation,Financials,0.6474,False
USB,Financials,8,PNC,PNC Financial Services,Financials,0.6384,False
USB,Financials,9,CFG,Citizens Financial Group,Financials,0.6382,False
USB,Financials,10,KEY,KeyCorp,Financials,0.6265,False
UBER,Industrials,1,PCAR,Paccar,Industrials,0.5204,False
UBER,Industrials,2,CPAY,Corpay,Financials,0.5178,True
UBER,Industrials,3,FDX,FedEx,Industrials,0.5115,False
UBER,Industrials,4,CHRW,C.H. Robinson,Industrials,0.4713,False
UBER,Industrials,5,GPC,Genuine Parts Company,Consumer Discretionary,0.4676,True
UBER,Industrials,6,JBHT,J.B. Hunt,Industrials,0.4668,False
UBER,Industrials,7,UPS,United Parcel Service,Industrials,0.4612,False
UBER,Industrials,8,CSX,CSX Corporation,Industrials,0.4549,False
UBER,Industrials,9,EXPE,Expedia Group,Consumer Discretionary,0.4495,True
UBER,Industrials,10,DASH,DoorDash,Consumer Discretionary,0.4452,True
UDR,Real Estate,1,REG,Regency Centers,Real Estate,0.4822,False
UDR,Real Estate,2,NVR,"NVR, Inc.",Consumer Discretionary,0.4691,True
UDR,Real Estate,3,EQR,Equity Residential,Real Estate,0.4535,False
UDR,Real Estate,4,PSA,Public Storage,Real Estate,0.447,False
UDR,Real Estate,5,AVB,AvalonBay Communities,Real Estate,0.4421,False
UDR,Real Estate,6,CPT,Camden Property Trust,Real Estate,0.4363,False
UDR,Real Estate,7,DHI,D. R. Horton,Consumer Discretionary,0.4293,True
UDR,Real Estate,8,WELL,Welltower,Real Estate,0.4233,False
UDR,Real Estate,9,MAA,Mid-America Apartment Communities,Real Estate,0.4147,False
UDR,Real Estate,10,FRT,Federal Realty Investment Trust,Real Estate,0.4095,False
ULTA,Consumer Discretionary,1,EL,Estée Lauder Companies (The),Consumer Staples,0.4656,True
ULTA,Consumer Discretionary,2,AFL,Aflac,Financials,0.3781,True
ULTA,Consumer Discretionary,3,AIZ,Assurant,Financials,0.374,True
ULTA,Consumer Discretionary,4,KR,Kroger,Consumer Staples,0.3711,True
ULTA,Consumer Discretionary,5,ALLE,Allegion,Industrials,0.3599,True
ULTA,Consumer Discretionary,6,MDLZ,Mondelez International,Consumer Staples,0.3584,True
ULTA,Consumer Discretionary,7,MKC,McCormick & Company,Consumer Staples,0.3543,True
ULTA,Consumer Discretionary,8,DRI,Darden Restaurants,Consumer Discretionary,0.3515,False
ULTA,Consumer Discretionary,9,MO,Altria,Consumer Staples,0.3471,True
ULTA,Consumer Discretionary,10,PHM,PulteGroup,Consumer Discretionary,0.3428,False
UNP,Industrials,1,BRK.B,Berkshire Hathaway,Financials,0.47,True
UNP,Industrials,2,NSC,Norfolk Southern,Industrials,0.4522,False
UNP,Industrials,3,CSX,CSX Corporation,Industrials,0.4374,False
UNP,Industrials,4,HII,Huntington Ingalls Industries,Industrials,0.4002,False
UNP,Industrials,5,CVX,Chevron Corporation,Energy,0.3708,True
UNP,Industrials,6,CF,CF Industries,Materials,0.3688,True
UNP,Industrials,7,PCG,PG&E Corporation,Utilities,0.3669,True
UNP,Industrials,8,FDXF,FedEx Freight,Industrials,0.3655,False
UNP,Industrials,9,EQT,EQT Corporation,Energy,0.3643,True
UNP,Industrials,10,DUK,Duke Energy,Utilities,0.3637,True
UAL,Industrials,1,UPS,United Parcel Service,Industrials,0.5973,False
UAL,Industrials,2,LUV,Southwest Airlines,Industrials,0.5181,False
UAL,Industrials,3,BKNG,Booking Holdings,Consumer Discretionary,0.4955,True
UAL,Industrials,4,DAL,Delta Air Lines,Industrials,0.4746,False
UAL,Industrials,5,AXP,American Express,Financials,0.4539,True
UAL,Industrials,6,AIG,American International Group,Financials,0.4477,True
UAL,Industrials,7,AMT,American Tower,Real Estate,0.4476,True
UAL,Industrials,8,ACGL,Arch Capital Group,Financials,0.4251,True
UAL,Industrials,9,BA,Boeing,Industrials,0.416,False
UAL,Industrials,10,AEP,American Electric Power,Utilities,0.3805,True
UPS,Industrials,1,UAL,United Airlines Holdings,Industrials,0.5973,False
UPS,Industrials,2,PKG,Packaging Corporation of America,Materials,0.5733,True
UPS,Industrials,3,FDX,FedEx,Industrials,0.557,False
UPS,Industrials,4,AXP,American Express,Financials,0.5239,True
UPS,Industrials,5,CHRW,C.H. Robinson,Industrials,0.5047,False
UPS,Industrials,6,UBER,Uber,Industrials,0.4612,False
UPS,Industrials,7,FDXF,FedEx Freight,Industrials,0.4601,False
UPS,Industrials,8,AIG,American International Group,Financials,0.4506,True
UPS,Industrials,9,UNH,UnitedHealth Group,Health Care,0.444,True
UPS,Industrials,10,EXPD,Expeditors International,Industrials,0.444,False
URI,Industrials,1,HAL,Halliburton,Energy,0.5466,True
URI,Industrials,2,SLB,Schlumberger,Energy,0.533,True
URI,Industrials,3,TDG,TransDigm Group,Industrials,0.5043,False
URI,Industrials,4,ITW,Illinois Tool Works,Industrials,0.5023,False
URI,Industrials,5,CRH,CRH plc,Materials,0.4966,True
URI,Industrials,6,BKR,Baker Hughes,Energy,0.4911,True
URI,Industrials,7,GD,General Dynamics,Industrials,0.4834,False
URI,Industrials,8,SWK,Stanley Black & Decker,Industrials,0.4825,False
URI,Industrials,9,CAT,Caterpillar Inc.,Industrials,0.4684,False
URI,Industrials,10,AMT,American Tower,Real Estate,0.4659,True
UNH,Health Care,1,CVS,CVS Health,Health Care,0.6844,False
UNH,Health Care,2,CI,Cigna,Health Care,0.6387,False
UNH,Health Care,3,ELV,Elevance Health,Health Care,0.5992,False
UNH,Health Care,4,CNC,Centene Corporation,Health Care,0.5878,False
UNH,Health Care,5,HUM,Humana,Health Care,0.5495,False
UNH,Health Care,6,GEHC,GE HealthCare,Health Care,0.5412,False
UNH,Health Care,7,SOLV,Solventum,Health Care,0.539,False
UNH,Health Care,8,COR,Cencora,Health Care,0.5081,False
UNH,Health Care,9,C,Citigroup,Financials,0.5015,True
UNH,Health Care,10,TRV,Travelers Companies (The),Financials,0.4988,True
UHS,Health Care,1,HCA,HCA Healthcare,Health Care,0.5213,False
UHS,Health Care,2,UNH,UnitedHealth Group,Health Care,0.4824,False
UHS,Health Care,3,CAH,Cardinal Health,Health Care,0.4566,False
UHS,Health Care,4,HUM,Humana,Health Care,0.4479,False
UHS,Health Care,5,CI,Cigna,Health Care,0.436,False
UHS,Health Care,6,CNC,Centene Corporation,Health Care,0.3858,False
UHS,Health Care,7,OMC,Omnicom Group,Communication Services,0.3827,True
UHS,Health Care,8,CTAS,Cintas,Industrials,0.3687,True
UHS,Health Care,9,CVS,CVS Health,Health Care,0.361,False
UHS,Health Care,10,AIG,American International Group,Financials,0.3605,True
VLO,Energy,1,XOM,ExxonMobil,Energy,0.5611,False
VLO,Energy,2,MPC,Marathon Petroleum,Energy,0.4833,False
VLO,Energy,3,CVX,Chevron Corporation,Energy,0.4742,False
VLO,Energy,4,ALB,Albemarle Corporation,Materials,0.4684,True
VLO,Energy,5,PSX,Phillips 66,Energy,0.4621,False
VLO,Energy,6,MNST,Monster Beverage,Consumer Staples,0.4548,True
VLO,Energy,7,BKR,Baker Hughes,Energy,0.4462,False
VLO,Energy,8,XEL,Xcel Energy,Utilities,0.4429,True
VLO,Energy,9,VST,Vistra Corp.,Utilities,0.4373,True
VLO,Energy,10,GNRC,Generac,Industrials,0.4329,True
VEEV,Health Care,1,ELV,Elevance Health,Health Care,0.5527,False
VEEV,Health Care,2,IQV,IQVIA,Health Care,0.5444,False
VEEV,Health Care,3,A,Agilent Technologies,Health Care,0.5274,False
VEEV,Health Care,4,VRT,Vertiv,Industrials,0.5245,True
VEEV,Health Care,5,RMD,ResMed,Health Care,0.5038,False
VEEV,Health Care,6,VRSK,Verisk Analytics,Industrials,0.5025,True
VEEV,Health Care,7,FTV,Fortive,Industrials,0.4844,True
VEEV,Health Care,8,IBM,IBM,Information Technology,0.4832,True
VEEV,Health Care,9,NOW,ServiceNow,Information Technology,0.4817,True
VEEV,Health Care,10,MRK,Merck & Co.,Health Care,0.4803,False
VTR,Real Estate,1,WELL,Welltower,Real Estate,0.4876,False
VTR,Real Estate,2,DOC,Healthpeak Properties,Real Estate,0.4384,False
VTR,Real Estate,3,ARE,Alexandria Real Estate Equities,Real Estate,0.4327,False
VTR,Real Estate,4,EQR,Equity Residential,Real Estate,0.3972,False
VTR,Real Estate,5,VICI,Vici Properties,Real Estate,0.396,False
VTR,Real Estate,6,MAA,Mid-America Apartment Communities,Real Estate,0.3948,False
VTR,Real Estate,7,AVB,AvalonBay Communities,Real Estate,0.3941,False
VTR,Real Estate,8,REG,Regency Centers,Real Estate,0.3914,False
VTR,Real Estate,9,HCA,HCA Healthcare,Health Care,0.3897,True
VTR,Real Estate,10,INVH,Invitation Homes,Real Estate,0.3811,False
VLTO,Industrials,1,WAT,Waters Corporation,Health Care,0.4789,True
VLTO,Industrials,2,Q,Qnity Electronics,Information Technology,0.4753,True
VLTO,Industrials,3,XYL,Xylem Inc.,Industrials,0.4696,False
VLTO,Industrials,4,IEX,IDEX Corporation,Industrials,0.4655,False
VLTO,Industrials,5,WST,West Pharmaceutical Services,Health Care,0.4592,True
VLTO,Industrials,6,KLAC,KLA Corporation,Information Technology,0.4582,True
VLTO,Industrials,7,PTC,PTC Inc.,Information Technology,0.4521,True
VLTO,Industrials,8,DOV,Dover Corporation,Industrials,0.4518,False
VLTO,Industrials,9,PNR,Pentair,Industrials,0.4491,False
VLTO,Industrials,10,MTD,Mettler Toledo,Health Care,0.4487,True
VRSN,Information Technology,1,VRT,Vertiv,Industrials,0.5492,True
VRSN,Information Technology,2,VEEV,Veeva Systems,Health Care,0.4567,True
VRSN,Information Technology,3,REG,Regency Centers,Real Estate,0.4183,True
VRSN,Information Technology,4,PYPL,PayPal,Financials,0.4156,True
VRSN,Information Technology,5,AMT,American Tower,Real Estate,0.3833,True
VRSN,Information Technology,6,CSGP,CoStar Group,Real Estate,0.3781,True
VRSN,Information Technology,7,NVR,"NVR, Inc.",Consumer Discretionary,0.3737,True
VRSN,Information Technology,8,COIN,Coinbase,Financials,0.3723,True
VRSN,Information Technology,9,LHX,L3Harris,Industrials,0.3699,True
VRSN,Information Technology,10,GDDY,GoDaddy,Information Technology,0.3664,False
VRSK,Industrials,1,L,Loews Corporation,Financials,0.5518,True
VRSK,Industrials,2,SPGI,S&P Global,Financials,0.5195,True
VRSK,Industrials,3,WRB,W. R. Berkley Corporation,Financials,0.5073,True
VRSK,Industrials,4,TRV,Travelers Companies (The),Financials,0.5069,True
VRSK,Industrials,5,VEEV,Veeva Systems,Health Care,0.5025,True
VRSK,Industrials,6,AJG,Arthur J. Gallagher & Co.,Financials,0.4989,True
VRSK,Industrials,7,HIG,Hartford (The),Financials,0.4866,True
VRSK,Industrials,8,VRT,Vertiv,Industrials,0.4825,False
VRSK,Industrials,9,MET,MetLife,Financials,0.4681,True
VRSK,Industrials,10,PRU,Prudential Financial,Financials,0.4637,True
VZ,Communication Services,1,T,AT&T,Communication Services,0.5665,False
VZ,Communication Services,2,CHTR,Charter Communications,Communication Services,0.5398,False
VZ,Communication Services,3,CSCO,Cisco,Information Technology,0.5141,True
VZ,Communication Services,4,TEL,TE Connectivity,Information Technology,0.4987,True
VZ,Communication Services,5,SATS,EchoStar,Communication Services,0.4794,False
VZ,Communication Services,6,CMCSA,Comcast,Communication Services,0.4793,False
VZ,Communication Services,7,TMUS,T-Mobile US,Communication Services,0.4598,False
VZ,Communication Services,8,DELL,Dell Technologies,Information Technology,0.4596,True
VZ,Communication Services,9,AVGO,Broadcom,Information Technology,0.4479,True
VZ,Communication Services,10,MTB,M&T Bank,Financials,0.4452,True
VRTX,Health Care,1,AMGN,Amgen,Health Care,0.5879,False
VRTX,Health Care,2,BIIB,Biogen,Health Care,0.5793,False
VRTX,Health Care,3,INCY,Incyte,Health Care,0.5767,False
VRTX,Health Care,4,BMY,Bristol Myers Squibb,Health Care,0.5755,False
VRTX,Health Care,5,REGN,Regeneron Pharmaceuticals,Health Care,0.5432,False
VRTX,Health Care,6,ABBV,AbbVie,Health Care,0.5319,False
VRTX,Health Care,7,GILD,Gilead Sciences,Health Care,0.4983,False
VRTX,Health Care,8,PFE,Pfizer,Health Care,0.4966,False
VRTX,Health Care,9,MRNA,Moderna,Health Care,0.4706,False
VRTX,Health Care,10,LLY,Lilly (Eli),Health Care,0.4492,False
VRT,Industrials,1,VRSN,Verisign,Information Technology,0.5492,True
VRT,Industrials,2,GEV,GE Vernova,Industrials,0.5372,False
VRT,Industrials,3,VEEV,Veeva Systems,Health Care,0.5245,True
VRT,Industrials,4,SMCI,Supermicro,Information Technology,0.4851,True
VRT,Industrials,5,VRSK,Verisk Analytics,Industrials,0.4825,False
VRT,Industrials,6,GNRC,Generac,Industrials,0.4709,False
VRT,Industrials,7,CDNS,Cadence Design Systems,Information Technology,0.4689,True
VRT,Industrials,8,SLB,Schlumberger,Energy,0.4611,True
VRT,Industrials,9,JBL,Jabil,Information Technology,0.4595,True
VRT,Industrials,10,CIEN,Ciena,Information Technology,0.4587,True
VTRS,Health Care,1,COR,Cencora,Health Care,0.5649,False
VTRS,Health Care,2,MCK,McKesson Corporation,Health Care,0.5644,False
VTRS,Health Care,3,CI,Cigna,Health Care,0.5559,False
VTRS,Health Care,4,BDX,Becton Dickinson,Health Care,0.5245,False
VTRS,Health Care,5,WST,West Pharmaceutical Services,Health Care,0.5183,False
VTRS,Health Care,6,ELV,Elevance Health,Health Care,0.5069,False
VTRS,Health Care,7,MRK,Merck & Co.,Health Care,0.4845,False
VTRS,Health Care,8,BAX,Baxter International,Health Care,0.4811,False
VTRS,Health Care,9,UNH,UnitedHealth Group,Health Care,0.4766,False
VTRS,Health Care,10,CAH,Cardinal Health,Health Care,0.476,False
VICI,Real Estate,1,LVS,Las Vegas Sands,Consumer Discretionary,0.4872,True
VICI,Real Estate,2,WYNN,Wynn Resorts,Consumer Discretionary,0.4866,True
VICI,Real Estate,3,CSGP,CoStar Group,Real Estate,0.4591,False
VICI,Real Estate,4,EQR,Equity Residential,Real Estate,0.4575,False
VICI,Real Estate,5,HST,Host Hotels & Resorts,Real Estate,0.446,False
VICI,Real Estate,6,REG,Regency Centers,Real Estate,0.4445,False
VICI,Real Estate,7,ESS,Essex Property Trust,Real Estate,0.4425,False
VICI,Real Estate,8,CPT,Camden Property Trust,Real Estate,0.4361,False
VICI,Real Estate,9,DOC,Healthpeak Properties,Real Estate,0.4234,False
VICI,Real Estate,10,MGM,MGM Resorts,Consumer Discretionary,0.4224,True
V,Financials,1,MA,Mastercard,Financials,0.5462,False
V,Financials,2,PYPL,PayPal,Financials,0.5359,False
V,Financials,3,GPN,Global Payments,Financials,0.5006,False
V,Financials,4,AXP,American Express,Financials,0.493,False
V,Financials,5,SYF,Synchrony Financial,Financials,0.4816,False
V,Financials,6,INTU,Intuit,Information Technology,0.4736,True
V,Financials,7,CPAY,Corpay,Financials,0.4278,False
V,Financials,8,EFX,Equifax,Industrials,0.4268,True
V,Financials,9,COIN,Coinbase,Financials,0.4265,False
V,Financials,10,JKHY,Jack Henry & Associates,Financials,0.4246,False
VST,Utilities,1,AES,AES Corporation,Utilities,0.5648,False
VST,Utilities,2,XEL,Xcel Energy,Utilities,0.5337,False
VST,Utilities,3,PCG,PG&E Corporation,Utilities,0.5177,False
VST,Utilities,4,PEG,Public Service Enterprise Group,Utilities,0.5156,False
VST,Utilities,5,LNT,Alliant Energy,Utilities,0.5151,False
VST,Utilities,6,PPL,PPL Corporation,Utilities,0.5107,False
VST,Utilities,7,WEC,WEC Energy Group,Utilities,0.5082,False
VST,Utilities,8,D,Dominion Energy,Utilities,0.5042,False
VST,Utilities,9,DUK,Duke Energy,Utilities,0.5035,False
VST,Utilities,10,CNP,CenterPoint Energy,Utilities,0.4963,False
VMC,Materials,1,DUK,Duke Energy,Utilities,0.4188,True
VMC,Materials,2,CRH,CRH plc,Materials,0.4173,False
VMC,Materials,3,AMAT,Applied Materials,Information Technology,0.408,True
VMC,Materials,4,MLM,Martin Marietta Materials,Materials,0.3918,False
VMC,Materials,5,FAST,Fastenal,Industrials,0.3889,True
VMC,Materials,6,NSC,Norfolk Southern,Industrials,0.3803,True
VMC,Materials,7,URI,United Rentals,Industrials,0.3776,True
VMC,Materials,8,DD,DuPont,Materials,0.3722,False
VMC,Materials,9,SW,Smurfit Westrock,Materials,0.3651,False
VMC,Materials,10,HWM,Howmet Aerospace,Industrials,0.3607,True
WRB,Financials,1,CINF,Cincinnati Financial,Financials,0.6185,False
WRB,Financials,2,TRV,Travelers Companies (The),Financials,0.5444,False
WRB,Financials,3,CB,Chubb Limited,Financials,0.5424,False
WRB,Financials,4,HIG,Hartford (The),Financials,0.5357,False
WRB,Financials,5,AJG,Arthur J. Gallagher & Co.,Financials,0.5321,False
WRB,Financials,6,L,Loews Corporation,Financials,0.5075,False
WRB,Financials,7,VRSK,Verisk Analytics,Industrials,0.5073,True
WRB,Financials,8,AIG,American International Group,Financials,0.4864,False
WRB,Financials,9,BRO,Brown & Brown,Financials,0.4785,False
WRB,Financials,10,PRU,Prudential Financial,Financials,0.4274,False
GWW,Industrials,1,WY,Weyerhaeuser,Real Estate,0.3827,True
GWW,Industrials,2,BRK.B,Berkshire Hathaway,Financials,0.3703,True
GWW,Industrials,3,BG,Bunge Global,Consumer Staples,0.367,True
GWW,Industrials,4,TSCO,Tractor Supply,Consumer Discretionary,0.353,True
GWW,Industrials,5,GIS,General Mills,Consumer Staples,0.3494,True
GWW,Industrials,6,LNT,Alliant Energy,Utilities,0.3435,True
GWW,Industrials,7,ADM,Archer Daniels Midland,Consumer Staples,0.3411,True
GWW,Industrials,8,HRL,Hormel Foods,Consumer Staples,0.3382,True
GWW,Industrials,9,FAST,Fastenal,Industrials,0.3271,False
GWW,Industrials,10,LEN,Lennar,Consumer Discretionary,0.325,True
WAB,Industrials,1,TT,Trane Technologies,Industrials,0.5483,False
WAB,Industrials,2,CAT,Caterpillar Inc.,Industrials,0.4797,False
WAB,Industrials,3,BKR,Baker Hughes,Energy,0.4607,True
WAB,Industrials,4,PCAR,Paccar,Industrials,0.4525,False
WAB,Industrials,5,ETN,Eaton Corporation,Industrials,0.4512,False
WAB,Industrials,6,CMI,Cummins,Industrials,0.4449,False
WAB,Industrials,7,DOV,Dover Corporation,Industrials,0.4412,False
WAB,Industrials,8,TDG,TransDigm Group,Industrials,0.432,False
WAB,Industrials,9,BRK.B,Berkshire Hathaway,Financials,0.4267,True
WAB,Industrials,10,JBHT,J.B. Hunt,Industrials,0.4249,False
WMT,Consumer Staples,1,KR,Kroger,Consumer Staples,0.6499,False
WMT,Consumer Staples,2,DG,Dollar General,Consumer Staples,0.595,False
WMT,Consumer Staples,3,TGT,Target Corporation,Consumer Staples,0.5842,False
WMT,Consumer Staples,4,GIS,General Mills,Consumer Staples,0.5575,False
WMT,Consumer Staples,5,HSY,Hershey Company (The),Consumer Staples,0.5484,False
WMT,Consumer Staples,6,MDLZ,Mondelez International,Consumer Staples,0.5472,False
WMT,Consumer Staples,7,PEP,PepsiCo,Consumer Staples,0.5264,False
WMT,Consumer Staples,8,NKE,"Nike, Inc.",Consumer Discretionary,0.4945,True
WMT,Consumer Staples,9,AMZN,Amazon,Consumer Discretionary,0.4888,True
WMT,Consumer Staples,10,AXP,American Express,Financials,0.4758,True
DIS,Communication Services,1,PSKY,Paramount Skydance Corporation,Communication Services,0.6015,False
DIS,Communication Services,2,CMCSA,Comcast,Communication Services,0.5565,False
DIS,Communication Services,3,MGM,MGM Resorts,Consumer Discretionary,0.5238,True
DIS,Communication Services,4,WBD,Warner Bros. Discovery,Communication Services,0.4999,False
DIS,Communication Services,5,FOX,Fox Corporation (Class B),Communication Services,0.4947,False
DIS,Communication Services,6,FOXA,Fox Corporation (Class A),Communication Services,0.4947,False
DIS,Communication Services,7,HAS,Hasbro,Consumer Discretionary,0.4831,True
DIS,Communication Services,8,LYV,Live Nation Entertainment,Communication Services,0.473,False
DIS,Communication Services,9,TKO,TKO Group Holdings,Communication Services,0.4355,False
DIS,Communication Services,10,AMZN,Amazon,Consumer Discretionary,0.429,True
WBD,Communication Services,1,PSKY,Paramount Skydance Corporation,Communication Services,0.6728,False
WBD,Communication Services,2,FOX,Fox Corporation (Class B),Communication Services,0.5392,False
WBD,Communication Services,3,FOXA,Fox Corporation (Class A),Communication Services,0.5392,False
WBD,Communication Services,4,CMCSA,Comcast,Communication Services,0.5159,False
WBD,Communication Services,5,DIS,Walt Disney Company (The),Communication Services,0.4999,False
WBD,Communication Services,6,CHTR,Charter Communications,Communication Services,0.4897,False
WBD,Communication Services,7,TTWO,Take-Two Interactive,Communication Services,0.4515,False
WBD,Communication Services,8,LYV,Live Nation Entertainment,Communication Services,0.4393,False
WBD,Communication Services,9,TKO,TKO Group Holdings,Communication Services,0.4292,False
WBD,Communication Services,10,VZ,Verizon,Communication Services,0.4237,False
WM,Industrials,1,STLD,Steel Dynamics,Materials,0.5217,True
WM,Industrials,2,RSG,Republic Services,Industrials,0.4882,False
WM,Industrials,3,NRG,NRG Energy,Utilities,0.4781,True
WM,Industrials,4,TT,Trane Technologies,Industrials,0.4704,False
WM,Industrials,5,CRH,CRH plc,Materials,0.4466,True
WM,Industrials,6,FDX,FedEx,Industrials,0.4431,False
WM,Industrials,7,NSC,Norfolk Southern,Industrials,0.4396,False
WM,Industrials,8,CBRE,CBRE Group,Real Estate,0.4354,True
WM,Industrials,9,CAT,Caterpillar Inc.,Industrials,0.4275,False
WM,Industrials,10,MMM,3M,Industrials,0.4258,False
WAT,Health Care,1,A,Agilent Technologies,Health Care,0.5646,False
WAT,Health Care,2,TMO,Thermo Fisher Scientific,Health Care,0.5165,False
WAT,Health Care,3,CRL,Charles River Laboratories,Health Care,0.5058,False
WAT,Health Care,4,MTD,Mettler Toledo,Health Care,0.5012,False
WAT,Health Care,5,DHR,Danaher Corporation,Health Care,0.4994,False
WAT,Health Care,6,VLTO,Veralto,Industrials,0.4789,True
WAT,Health Care,7,ECL,Ecolab,Materials,0.471,True
WAT,Health Care,8,TECH,Bio-Techne,Health Care,0.4697,False
WAT,Health Care,9,VEEV,Veeva Systems,Health Care,0.4566,False
WAT,Health Care,10,IDXX,Idexx Laboratories,Health Care,0.4393,False
WEC,Utilities,1,LNT,Alliant Energy,Utilities,0.622,False
WEC,Utilities,2,CNP,CenterPoint Energy,Utilities,0.6049,False
WEC,Utilities,3,NEE,NextEra Energy,Utilities,0.5955,False
WEC,Utilities,4,AEP,American Electric Power,Utilities,0.5942,False
WEC,Utilities,5,XEL,Xcel Energy,Utilities,0.5921,False
WEC,Utilities,6,CMS,CMS Energy,Utilities,0.5708,False
WEC,Utilities,7,DTE,DTE Energy,Utilities,0.5668,False
WEC,Utilities,8,PEG,Public Service Enterprise Group,Utilities,0.552,False
WEC,Utilities,9,AES,AES Corporation,Utilities,0.551,False
WEC,Utilities,10,ED,Consolidated Edison,Utilities,0.5486,False
WFC,Financials,1,USB,U.S. Bancorp,Financials,0.6714,False
WFC,Financials,2,MS,Morgan Stanley,Financials,0.6034,False
WFC,Financials,3,RF,Regions Financial Corporation,Financials,0.5961,False
WFC,Financials,4,KEY,KeyCorp,Financials,0.5912,False
WFC,Financials,5,BNY,BNY Mellon,Financials,0.5827,False
WFC,Financials,6,GS,Goldman Sachs,Financials,0.5591,False
WFC,Financials,7,C,Citigroup,Financials,0.555,False
WFC,Financials,8,MTB,M&T Bank,Financials,0.5487,False
WFC,Financials,9,FITB,Fifth Third Bancorp,Financials,0.548,False
WFC,Financials,10,RJF,Raymond James Financial,Financials,0.5435,False
WELL,Real Estate,1,REG,Regency Centers,Real Estate,0.5112,False
WELL,Real Estate,2,ARE,Alexandria Real Estate Equities,Real Estate,0.5071,False
WELL,Real Estate,3,IRM,Iron Mountain,Real Estate,0.4994,False
WELL,Real Estate,4,INVH,Invitation Homes,Real Estate,0.4973,False
WELL,Real Estate,5,AMT,American Tower,Real Estate,0.4971,False
WELL,Real Estate,6,VTR,Ventas,Real Estate,0.4876,False
WELL,Real Estate,7,LEN,Lennar,Consumer Discretionary,0.4845,True
WELL,Real Estate,8,EQR,Equity Residential,Real Estate,0.4789,False
WELL,Real Estate,9,WY,Weyerhaeuser,Real Estate,0.4546,False
WELL,Real Estate,10,MAR,Marriott International,Consumer Discretionary,0.4377,True
WST,Health Care,1,COR,Cencora,Health Care,0.5836,False
WST,Health Care,2,NDSN,Nordson Corporation,Industrials,0.5801,True
WST,Health Care,3,STE,Steris,Health Care,0.5355,False
WST,Health Care,4,CAH,Cardinal Health,Health Care,0.5344,False
WST,Health Care,5,IEX,IDEX Corporation,Industrials,0.5322,True
WST,Health Care,6,BDX,Becton Dickinson,Health Care,0.5307,False
WST,Health Care,7,VTRS,Viatris,Health Care,0.5183,False
WST,Health Care,8,FTV,Fortive,Industrials,0.5136,True
WST,Health Care,9,BAX,Baxter International,Health Care,0.509,False
WST,Health Care,10,ABT,Abbott Laboratories,Health Care,0.5048,False
WDC,Information Technology,1,STX,Seagate Technology,Information Technology,0.5272,False
WDC,Information Technology,2,SNDK,Sandisk,Information Technology,0.5222,False
WDC,Information Technology,3,LITE,Lumentum,Information Technology,0.4562,False
WDC,Information Technology,4,CDW,CDW Corporation,Information Technology,0.443,False
WDC,Information Technology,5,DLR,Digital Realty,Real Estate,0.4308,True
WDC,Information Technology,6,PNW,Pinnacle West Capital,Utilities,0.4053,True
WDC,Information Technology,7,DHI,D. R. Horton,Consumer Discretionary,0.3781,True
WDC,Information Technology,8,AMT,American Tower,Real Estate,0.3674,True
WDC,Information Technology,9,EXR,Extra Space Storage,Real Estate,0.3664,True
WDC,Information Technology,10,OTIS,Otis Worldwide,Industrials,0.3651,True
WY,Real Estate,1,WELL,Welltower,Real Estate,0.4546,False
WY,Real Estate,2,LEN,Lennar,Consumer Discretionary,0.439,True
WY,Real Estate,3,WEC,WEC Energy Group,Utilities,0.3994,True
WY,Real Estate,4,IRM,Iron Mountain,Real Estate,0.3941,False
WY,Real Estate,5,BLDR,Builders FirstSource,Industrials,0.391,True
WY,Real Estate,6,WSM,"Williams-Sonoma, Inc.",Consumer Discretionary,0.3871,True
WY,Real Estate,7,DECK,Deckers Brands,Consumer Discretionary,0.3863,True
WY,Real Estate,8,PLD,Prologis,Real Estate,0.3839,False
WY,Real Estate,9,GWW,W. W. Grainger,Industrials,0.3827,True
WY,Real Estate,10,ARE,Alexandria Real Estate Equities,Real Estate,0.3764,False
WSM,Consumer Discretionary,1,SHW,Sherwin-Williams,Materials,0.5208,True
WSM,Consumer Discretionary,2,PM,Philip Morris International,Consumer Staples,0.4177,True
WSM,Consumer Discretionary,3,WY,Weyerhaeuser,Real Estate,0.3871,True
WSM,Consumer Discretionary,4,BF.B,Brown–Forman,Consumer Staples,0.3468,True
WSM,Consumer Discretionary,5,REG,Regency Centers,Real Estate,0.3353,True
WSM,Consumer Discretionary,6,WELL,Welltower,Real Estate,0.3266,True
WSM,Consumer Discretionary,7,MLM,Martin Marietta Materials,Materials,0.3189,True
WSM,Consumer Discretionary,8,TJX,TJX Companies,Consumer Discretionary,0.3141,False
WSM,Consumer Discretionary,9,DLTR,Dollar Tree,Consumer Staples,0.3139,True
WSM,Consumer Discretionary,10,AVB,AvalonBay Communities,Real Estate,0.3133,True
WMB,Energy,1,OKE,Oneok,Energy,0.6226,False
WMB,Energy,2,TRGP,Targa Resources,Energy,0.5932,False
WMB,Energy,3,MPC,Marathon Petroleum,Energy,0.5929,False
WMB,Energy,4,CNP,CenterPoint Energy,Utilities,0.5758,True
WMB,Energy,5,TPL,Texas Pacific Land Corporation,Energy,0.5551,False
WMB,Energy,6,DVN,Devon Energy,Energy,0.5384,False
WMB,Energy,7,ATO,Atmos Energy,Utilities,0.5289,True
WMB,Energy,8,KMI,Kinder Morgan,Energy,0.5259,False
WMB,Energy,9,LNT,Alliant Energy,Utilities,0.5249,True
WMB,Energy,10,CVX,Chevron Corporation,Energy,0.5198,False
WTW,Financials,1,CBRE,CBRE Group,Real Estate,0.4535,True
WTW,Financials,2,BNY,BNY Mellon,Financials,0.4105,False
WTW,Financials,3,SCHW,Charles Schwab Corporation,Financials,0.403,False
WTW,Financials,4,MSI,Motorola Solutions,Information Technology,0.4001,True
WTW,Financials,5,MS,Morgan Stanley,Financials,0.3854,False
WTW,Financials,6,HBAN,Huntington Bancshares,Financials,0.3819,False
WTW,Financials,7,NOW,ServiceNow,Information Technology,0.3809,True
WTW,Financials,8,RJF,Raymond James Financial,Financials,0.3796,False
WTW,Financials,9,USB,U.S. Bancorp,Financials,0.3703,False
WTW,Financials,10,ADP,Automatic Data Processing,Industrials,0.3617,True
WDAY,Information Technology,1,NOW,ServiceNow,Information Technology,0.558,False
WDAY,Information Technology,2,PAYX,Paychex,Industrials,0.5219,True
WDAY,Information Technology,3,MSFT,Microsoft,Information Technology,0.5154,False
WDAY,Information Technology,4,IBM,IBM,Information Technology,0.5021,False
WDAY,Information Technology,5,INTU,Intuit,Information Technology,0.4978,False
WDAY,Information Technology,6,ADP,Automatic Data Processing,Industrials,0.475,True
WDAY,Information Technology,7,CTSH,Cognizant,Information Technology,0.4684,False
WDAY,Information Technology,8,ORCL,Oracle Corporation,Information Technology,0.4473,False
WDAY,Information Technology,9,GDDY,GoDaddy,Information Technology,0.4465,False
WDAY,Information Technology,10,TRMB,Trimble Inc.,Information Technology,0.4431,False
WYNN,Consumer Discretionary,1,MGM,MGM Resorts,Consumer Discretionary,0.603,False
WYNN,Consumer Discretionary,2,LVS,Las Vegas Sands,Consumer Discretionary,0.5223,False
WYNN,Consumer Discretionary,3,VICI,Vici Properties,Real Estate,0.4866,True
WYNN,Consumer Discretionary,4,CCL,Carnival Corporation,Consumer Discretionary,0.4563,False
WYNN,Consumer Discretionary,5,HLT,Hilton Worldwide,Consumer Discretionary,0.4324,False
WYNN,Consumer Discretionary,6,MAR,Marriott International,Consumer Discretionary,0.3919,False
WYNN,Consumer Discretionary,7,WMT,Walmart,Consumer Staples,0.388,True
WYNN,Consumer Discretionary,8,PNC,PNC Financial Services,Financials,0.384,True
WYNN,Consumer Discretionary,9,TRV,Travelers Companies (The),Financials,0.3829,True
WYNN,Consumer Discretionary,10,HST,Host Hotels & Resorts,Real Estate,0.3767,True
XEL,Utilities,1,LNT,Alliant Energy,Utilities,0.6469,False
XEL,Utilities,2,AES,AES Corporation,Utilities,0.5983,False
XEL,Utilities,3,WEC,WEC Energy Group,Utilities,0.5921,False
XEL,Utilities,4,PCG,PG&E Corporation,Utilities,0.5841,False
XEL,Utilities,5,SO,Southern Company,Utilities,0.578,False
XEL,Utilities,6,ETR,Entergy,Utilities,0.5688,False
XEL,Utilities,7,CMS,CMS Energy,Utilities,0.5624,False
XEL,Utilities,8,DUK,Duke Energy,Utilities,0.5605,False
XEL,Utilities,9,NRG,NRG Energy,Utilities,0.5595,False
XEL,Utilities,10,CNP,CenterPoint Energy,Utilities,0.5563,False
XYL,Industrials,1,PNR,Pentair,Industrials,0.4809,False
XYL,Industrials,2,VLTO,Veralto,Industrials,0.4696,False
XYL,Industrials,3,IEX,IDEX Corporation,Industrials,0.4316,False
XYL,Industrials,4,TDY,Teledyne Technologies,Information Technology,0.428,True
XYL,Industrials,5,DD,DuPont,Materials,0.4268,True
XYL,Industrials,6,IDXX,Idexx Laboratories,Health Care,0.4257,True
XYL,Industrials,7,AOS,A. O. Smith,Industrials,0.4229,False
XYL,Industrials,8,XEL,Xcel Energy,Utilities,0.4035,True
XYL,Industrials,9,AME,Ametek,Industrials,0.3991,False
XYL,Industrials,10,DOV,Dover Corporation,Industrials,0.3938,False
YUM,Consumer Discretionary,1,DRI,Darden Restaurants,Consumer Discretionary,0.5287,False
YUM,Consumer Discretionary,2,MDLZ,Mondelez International,Consumer Staples,0.527,True
YUM,Consumer Discretionary,3,MCD,McDonald's,Consumer Discretionary,0.5128,False
YUM,Consumer Discretionary,4,CAG,Conagra Brands,Consumer Staples,0.5115,True
YUM,Consumer Discretionary,5,MKC,McCormick & Company,Consumer Staples,0.5002,True
YUM,Consumer Discretionary,6,DPZ,Domino's,Consumer Discretionary,0.4827,False
YUM,Consumer Discretionary,7,KDP,Keurig Dr Pepper,Consumer Staples,0.4797,True
YUM,Consumer Discretionary,8,GIS,General Mills,Consumer Staples,0.4676,True
YUM,Consumer Discretionary,9,TSN,Tyson Foods,Consumer Staples,0.4675,True
YUM,Consumer Discretionary,10,KHC,Kraft Heinz,Consumer Staples,0.4669,True
ZBRA,Information Technology,1,TEL,TE Connectivity,Information Technology,0.4881,False
ZBRA,Information Technology,2,GRMN,Garmin,Consumer Discretionary,0.4644,True
ZBRA,Information Technology,3,HPQ,HP Inc.,Information Technology,0.4615,False
ZBRA,Information Technology,4,VLTO,Veralto,Industrials,0.4227,True
ZBRA,Information Technology,5,MSI,Motorola Solutions,Information Technology,0.4193,False
ZBRA,Information Technology,6,DOV,Dover Corporation,Industrials,0.4054,True
ZBRA,Information Technology,7,ADI,Analog Devices,Information Technology,0.4022,False
ZBRA,Information Technology,8,AVY,Avery Dennison,Materials,0.4013,True
ZBRA,Information Technology,9,MTD,Mettler Toledo,Health Care,0.3908,True
ZBRA,Information Technology,10,MCHP,Microchip Technology,Information Technology,0.3904,False
ZBH,Health Care,1,SYK,Stryker Corporation,Health Care,0.5722,False
ZBH,Health Care,2,BIIB,Biogen,Health Care,0.4869,False
ZBH,Health Care,3,MDT,Medtronic,Health Care,0.4748,False
ZBH,Health Care,4,NDSN,Nordson Corporation,Industrials,0.4677,True
ZBH,Health Care,5,HSIC,Henry Schein,Health Care,0.4435,False
ZBH,Health Care,6,BMY,Bristol Myers Squibb,Health Care,0.44,False
ZBH,Health Care,7,JNJ,Johnson & Johnson,Health Care,0.4387,False
ZBH,Health Care,8,AMGN,Amgen,Health Care,0.4368,False
ZBH,Health Care,9,ABBV,AbbVie,Health Care,0.4161,False
ZBH,Health Care,10,BAX,Baxter International,Health Care,0.4151,False
ZTS,Health Care,1,IDXX,Idexx Laboratories,Health Care,0.5559,False
ZTS,Health Care,2,MRK,Merck & Co.,Health Care,0.5382,False
ZTS,Health Care,3,BAX,Baxter International,Health Care,0.523,False
ZTS,Health Care,4,COR,Cencora,Health Care,0.49,False
ZTS,Health Care,5,TECH,Bio-Techne,Health Care,0.4818,False
ZTS,Health Care,6,SYK,Stryker Corporation,Health Care,0.4595,False
ZTS,Health Care,7,CLX,Clorox,Consumer Staples,0.4519,True
ZTS,Health Care,8,MRNA,Moderna,Health Care,0.4507,False
ZTS,Health Care,9,DHR,Danaher Corporation,Health Care,0.4368,False
ZTS,Health Care,10,PG,Procter & Gamble,Consumer Staples,0.4316,True
